run_number,condition_id,replicate,pH,Temp_C,RPM,Inoculum_pct,Sugar_gL,BC_yield_gL
1,1,1,4.0,25.0,50.0,5.0,20.0,3.335
2,1,2,4.0,25.0,50.0,5.0,20.0,2.959
3,1,3,4.0,25.0,50.0,5.0,20.0,3.46
4,2,1,4.0,25.0,50.0,5.0,30.0,4.238
5,2,2,4.0,25.0,50.0,5.0,30.0,3.429
6,2,3,4.0,25.0,50.0,5.0,30.0,3.61
7,3,1,4.0,25.0,50.0,5.0,40.0,4.386
8,3,2,4.0,25.0,50.0,5.0,40.0,4.261
9,3,3,4.0,25.0,50.0,5.0,40.0,4.345
10,4,1,4.0,25.0,50.0,5.0,50.0,4.136
11,4,2,4.0,25.0,50.0,5.0,50.0,4.621
12,4,3,4.0,25.0,50.0,5.0,50.0,4.593
13,5,1,4.0,25.0,50.0,5.0,60.0,4.068
14,5,2,4.0,25.0,50.0,5.0,60.0,4.366
15,5,3,4.0,25.0,50.0,5.0,60.0,4.181
16,6,1,4.0,25.0,50.0,7.5,20.0,3.709
17,6,2,4.0,25.0,50.0,7.5,20.0,4.053
18,6,3,4.0,25.0,50.0,7.5,20.0,3.682
19,7,1,4.0,25.0,50.0,7.5,30.0,4.921
20,7,2,4.0,25.0,50.0,7.5,30.0,4.661
21,7,3,4.0,25.0,50.0,7.5,30.0,4.623
22,8,1,4.0,25.0,50.0,7.5,40.0,4.859
23,8,2,4.0,25.0,50.0,7.5,40.0,5.392
24,8,3,4.0,25.0,50.0,7.5,40.0,5.007
25,9,1,4.0,25.0,50.0,7.5,50.0,4.955
26,9,2,4.0,25.0,50.0,7.5,50.0,4.976
27,9,3,4.0,25.0,50.0,7.5,50.0,5.224
28,10,1,4.0,25.0,50.0,7.5,60.0,4.852
29,10,2,4.0,25.0,50.0,7.5,60.0,4.866
30,10,3,4.0,25.0,50.0,7.5,60.0,4.871
31,11,1,4.0,25.0,50.0,10.0,20.0,4.95
32,11,2,4.0,25.0,50.0,10.0,20.0,4.236
33,11,3,4.0,25.0,50.0,10.0,20.0,4.207
34,12,1,4.0,25.0,50.0,10.0,30.0,4.847
35,12,2,4.0,25.0,50.0,10.0,30.0,5.247
36,12,3,4.0,25.0,50.0,10.0,30.0,5.391
37,13,1,4.0,25.0,50.0,10.0,40.0,5.418
38,13,2,4.0,25.0,50.0,10.0,40.0,5.215
39,13,3,4.0,25.0,50.0,10.0,40.0,5.219
40,14,1,4.0,25.0,50.0,10.0,50.0,5.657
41,14,2,4.0,25.0,50.0,10.0,50.0,5.683
42,14,3,4.0,25.0,50.0,10.0,50.0,5.627
43,15,1,4.0,25.0,50.0,10.0,60.0,4.964
44,15,2,4.0,25.0,50.0,10.0,60.0,5.215
45,15,3,4.0,25.0,50.0,10.0,60.0,5.183
46,16,1,4.0,25.0,50.0,12.5,20.0,4.511
47,16,2,4.0,25.0,50.0,12.5,20.0,4.694
48,16,3,4.0,25.0,50.0,12.5,20.0,4.513
49,17,1,4.0,25.0,50.0,12.5,30.0,5.365
50,17,2,4.0,25.0,50.0,12.5,30.0,5.194
51,17,3,4.0,25.0,50.0,12.5,30.0,5.256
52,18,1,4.0,25.0,50.0,12.5,40.0,5.727
53,18,2,4.0,25.0,50.0,12.5,40.0,5.142
54,18,3,4.0,25.0,50.0,12.5,40.0,5.46
55,19,1,4.0,25.0,50.0,12.5,50.0,5.443
56,19,2,4.0,25.0,50.0,12.5,50.0,5.396
57,19,3,4.0,25.0,50.0,12.5,50.0,5.498
58,20,1,4.0,25.0,50.0,12.5,60.0,5.669
59,20,2,4.0,25.0,50.0,12.5,60.0,5.008
60,20,3,4.0,25.0,50.0,12.5,60.0,5.521
61,21,1,4.0,25.0,50.0,15.0,20.0,3.779
62,21,2,4.0,25.0,50.0,15.0,20.0,4.156
63,21,3,4.0,25.0,50.0,15.0,20.0,4.296
64,22,1,4.0,25.0,50.0,15.0,30.0,5.139
65,22,2,4.0,25.0,50.0,15.0,30.0,5.174
66,22,3,4.0,25.0,50.0,15.0,30.0,5.197
67,23,1,4.0,25.0,50.0,15.0,40.0,5.252
68,23,2,4.0,25.0,50.0,15.0,40.0,5.221
69,23,3,4.0,25.0,50.0,15.0,40.0,5.59
70,24,1,4.0,25.0,50.0,15.0,50.0,5.321
71,24,2,4.0,25.0,50.0,15.0,50.0,5.018
72,24,3,4.0,25.0,50.0,15.0,50.0,5.058
73,25,1,4.0,25.0,50.0,15.0,60.0,4.793
74,25,2,4.0,25.0,50.0,15.0,60.0,5.189
75,25,3,4.0,25.0,50.0,15.0,60.0,5.09
76,26,1,4.0,25.0,87.5,5.0,20.0,3.518
77,26,2,4.0,25.0,87.5,5.0,20.0,3.205
78,26,3,4.0,25.0,87.5,5.0,20.0,3.369
79,27,1,4.0,25.0,87.5,5.0,30.0,4.3
80,27,2,4.0,25.0,87.5,5.0,30.0,4.038
81,27,3,4.0,25.0,87.5,5.0,30.0,4.253
82,28,1,4.0,25.0,87.5,5.0,40.0,4.39
83,28,2,4.0,25.0,87.5,5.0,40.0,4.473
84,28,3,4.0,25.0,87.5,5.0,40.0,4.468
85,29,1,4.0,25.0,87.5,5.0,50.0,4.34
86,29,2,4.0,25.0,87.5,5.0,50.0,4.811
87,29,3,4.0,25.0,87.5,5.0,50.0,4.544
88,30,1,4.0,25.0,87.5,5.0,60.0,4.428
89,30,2,4.0,25.0,87.5,5.0,60.0,4.56
90,30,3,4.0,25.0,87.5,5.0,60.0,4.55
91,31,1,4.0,25.0,87.5,7.5,20.0,4.211
92,31,2,4.0,25.0,87.5,7.5,20.0,3.997
93,31,3,4.0,25.0,87.5,7.5,20.0,3.906
94,32,1,4.0,25.0,87.5,7.5,30.0,4.803
95,32,2,4.0,25.0,87.5,7.5,30.0,4.353
96,32,3,4.0,25.0,87.5,7.5,30.0,4.42
97,33,1,4.0,25.0,87.5,7.5,40.0,4.905
98,33,2,4.0,25.0,87.5,7.5,40.0,4.996
99,33,3,4.0,25.0,87.5,7.5,40.0,5.387
100,34,1,4.0,25.0,87.5,7.5,50.0,5.121
101,34,2,4.0,25.0,87.5,7.5,50.0,5.269
102,34,3,4.0,25.0,87.5,7.5,50.0,5.739
103,35,1,4.0,25.0,87.5,7.5,60.0,5.025
104,35,2,4.0,25.0,87.5,7.5,60.0,5.332
105,35,3,4.0,25.0,87.5,7.5,60.0,4.864
106,36,1,4.0,25.0,87.5,10.0,20.0,4.367
107,36,2,4.0,25.0,87.5,10.0,20.0,4.159
108,36,3,4.0,25.0,87.5,10.0,20.0,4.33
109,37,1,4.0,25.0,87.5,10.0,30.0,5.46
110,37,2,4.0,25.0,87.5,10.0,30.0,4.741
111,37,3,4.0,25.0,87.5,10.0,30.0,5.347
112,38,1,4.0,25.0,87.5,10.0,40.0,5.742
113,38,2,4.0,25.0,87.5,10.0,40.0,5.509
114,38,3,4.0,25.0,87.5,10.0,40.0,5.27
115,39,1,4.0,25.0,87.5,10.0,50.0,5.795
116,39,2,4.0,25.0,87.5,10.0,50.0,5.627
117,39,3,4.0,25.0,87.5,10.0,50.0,5.84
118,40,1,4.0,25.0,87.5,10.0,60.0,5.531
119,40,2,4.0,25.0,87.5,10.0,60.0,5.973
120,40,3,4.0,25.0,87.5,10.0,60.0,5.458
121,41,1,4.0,25.0,87.5,12.5,20.0,4.238
122,41,2,4.0,25.0,87.5,12.5,20.0,4.575
123,41,3,4.0,25.0,87.5,12.5,20.0,4.587
124,42,1,4.0,25.0,87.5,12.5,30.0,5.706
125,42,2,4.0,25.0,87.5,12.5,30.0,5.559
126,42,3,4.0,25.0,87.5,12.5,30.0,5.425
127,43,1,4.0,25.0,87.5,12.5,40.0,6.185
128,43,2,4.0,25.0,87.5,12.5,40.0,5.442
129,43,3,4.0,25.0,87.5,12.5,40.0,5.596
130,44,1,4.0,25.0,87.5,12.5,50.0,5.616
131,44,2,4.0,25.0,87.5,12.5,50.0,5.766
132,44,3,4.0,25.0,87.5,12.5,50.0,5.49
133,45,1,4.0,25.0,87.5,12.5,60.0,5.803
134,45,2,4.0,25.0,87.5,12.5,60.0,5.563
135,45,3,4.0,25.0,87.5,12.5,60.0,5.213
136,46,1,4.0,25.0,87.5,15.0,20.0,4.041
137,46,2,4.0,25.0,87.5,15.0,20.0,4.413
138,46,3,4.0,25.0,87.5,15.0,20.0,4.56
139,47,1,4.0,25.0,87.5,15.0,30.0,5.684
140,47,2,4.0,25.0,87.5,15.0,30.0,5.941
141,47,3,4.0,25.0,87.5,15.0,30.0,5.241
142,48,1,4.0,25.0,87.5,15.0,40.0,5.298
143,48,2,4.0,25.0,87.5,15.0,40.0,4.978
144,48,3,4.0,25.0,87.5,15.0,40.0,5.65
145,49,1,4.0,25.0,87.5,15.0,50.0,5.447
146,49,2,4.0,25.0,87.5,15.0,50.0,5.559
147,49,3,4.0,25.0,87.5,15.0,50.0,5.504
148,50,1,4.0,25.0,87.5,15.0,60.0,5.386
149,50,2,4.0,25.0,87.5,15.0,60.0,5.723
150,50,3,4.0,25.0,87.5,15.0,60.0,5.469
151,51,1,4.0,25.0,125.0,5.0,20.0,3.106
152,51,2,4.0,25.0,125.0,5.0,20.0,2.86
153,51,3,4.0,25.0,125.0,5.0,20.0,2.681
154,52,1,4.0,25.0,125.0,5.0,30.0,3.889
155,52,2,4.0,25.0,125.0,5.0,30.0,4.01
156,52,3,4.0,25.0,125.0,5.0,30.0,4.52
157,53,1,4.0,25.0,125.0,5.0,40.0,4.586
158,53,2,4.0,25.0,125.0,5.0,40.0,4.825
159,53,3,4.0,25.0,125.0,5.0,40.0,4.41
160,54,1,4.0,25.0,125.0,5.0,50.0,4.393
161,54,2,4.0,25.0,125.0,5.0,50.0,4.455
162,54,3,4.0,25.0,125.0,5.0,50.0,4.522
163,55,1,4.0,25.0,125.0,5.0,60.0,5.146
164,55,2,4.0,25.0,125.0,5.0,60.0,4.32
165,55,3,4.0,25.0,125.0,5.0,60.0,4.785
166,56,1,4.0,25.0,125.0,7.5,20.0,3.597
167,56,2,4.0,25.0,125.0,7.5,20.0,4.111
168,56,3,4.0,25.0,125.0,7.5,20.0,3.958
169,57,1,4.0,25.0,125.0,7.5,30.0,4.681
170,57,2,4.0,25.0,125.0,7.5,30.0,4.714
171,57,3,4.0,25.0,125.0,7.5,30.0,4.542
172,58,1,4.0,25.0,125.0,7.5,40.0,5.375
173,58,2,4.0,25.0,125.0,7.5,40.0,5.123
174,58,3,4.0,25.0,125.0,7.5,40.0,4.907
175,59,1,4.0,25.0,125.0,7.5,50.0,5.067
176,59,2,4.0,25.0,125.0,7.5,50.0,5.473
177,59,3,4.0,25.0,125.0,7.5,50.0,5.867
178,60,1,4.0,25.0,125.0,7.5,60.0,5.295
179,60,2,4.0,25.0,125.0,7.5,60.0,5.217
180,60,3,4.0,25.0,125.0,7.5,60.0,5.33
181,61,1,4.0,25.0,125.0,10.0,20.0,4.616
182,61,2,4.0,25.0,125.0,10.0,20.0,4.311
183,61,3,4.0,25.0,125.0,10.0,20.0,4.135
184,62,1,4.0,25.0,125.0,10.0,30.0,5.435
185,62,2,4.0,25.0,125.0,10.0,30.0,5.245
186,62,3,4.0,25.0,125.0,10.0,30.0,5.555
187,63,1,4.0,25.0,125.0,10.0,40.0,5.701
188,63,2,4.0,25.0,125.0,10.0,40.0,5.307
189,63,3,4.0,25.0,125.0,10.0,40.0,5.267
190,64,1,4.0,25.0,125.0,10.0,50.0,6.287
191,64,2,4.0,25.0,125.0,10.0,50.0,6.308
192,64,3,4.0,25.0,125.0,10.0,50.0,5.775
193,65,1,4.0,25.0,125.0,10.0,60.0,5.543
194,65,2,4.0,25.0,125.0,10.0,60.0,6.059
195,65,3,4.0,25.0,125.0,10.0,60.0,5.34
196,66,1,4.0,25.0,125.0,12.5,20.0,4.099
197,66,2,4.0,25.0,125.0,12.5,20.0,4.53
198,66,3,4.0,25.0,125.0,12.5,20.0,4.24
199,67,1,4.0,25.0,125.0,12.5,30.0,5.224
200,67,2,4.0,25.0,125.0,12.5,30.0,5.179
201,67,3,4.0,25.0,125.0,12.5,30.0,5.32
202,68,1,4.0,25.0,125.0,12.5,40.0,6.144
203,68,2,4.0,25.0,125.0,12.5,40.0,5.775
204,68,3,4.0,25.0,125.0,12.5,40.0,5.93
205,69,1,4.0,25.0,125.0,12.5,50.0,5.351
206,69,2,4.0,25.0,125.0,12.5,50.0,5.911
207,69,3,4.0,25.0,125.0,12.5,50.0,5.689
208,70,1,4.0,25.0,125.0,12.5,60.0,5.409
209,70,2,4.0,25.0,125.0,12.5,60.0,5.504
210,70,3,4.0,25.0,125.0,12.5,60.0,5.656
211,71,1,4.0,25.0,125.0,15.0,20.0,4.406
212,71,2,4.0,25.0,125.0,15.0,20.0,3.779
213,71,3,4.0,25.0,125.0,15.0,20.0,4.159
214,72,1,4.0,25.0,125.0,15.0,30.0,4.889
215,72,2,4.0,25.0,125.0,15.0,30.0,4.933
216,72,3,4.0,25.0,125.0,15.0,30.0,5.306
217,73,1,4.0,25.0,125.0,15.0,40.0,5.701
218,73,2,4.0,25.0,125.0,15.0,40.0,5.924
219,73,3,4.0,25.0,125.0,15.0,40.0,5.507
220,74,1,4.0,25.0,125.0,15.0,50.0,5.53
221,74,2,4.0,25.0,125.0,15.0,50.0,5.662
222,74,3,4.0,25.0,125.0,15.0,50.0,5.793
223,75,1,4.0,25.0,125.0,15.0,60.0,5.599
224,75,2,4.0,25.0,125.0,15.0,60.0,5.246
225,75,3,4.0,25.0,125.0,15.0,60.0,5.575
226,76,1,4.0,25.0,162.5,5.0,20.0,2.789
227,76,2,4.0,25.0,162.5,5.0,20.0,3.43
228,76,3,4.0,25.0,162.5,5.0,20.0,3.251
229,77,1,4.0,25.0,162.5,5.0,30.0,3.436
230,77,2,4.0,25.0,162.5,5.0,30.0,3.595
231,77,3,4.0,25.0,162.5,5.0,30.0,3.265
232,78,1,4.0,25.0,162.5,5.0,40.0,4.11
233,78,2,4.0,25.0,162.5,5.0,40.0,4.363
234,78,3,4.0,25.0,162.5,5.0,40.0,4.613
235,79,1,4.0,25.0,162.5,5.0,50.0,4.321
236,79,2,4.0,25.0,162.5,5.0,50.0,4.342
237,79,3,4.0,25.0,162.5,5.0,50.0,3.924
238,80,1,4.0,25.0,162.5,5.0,60.0,4.379
239,80,2,4.0,25.0,162.5,5.0,60.0,4.128
240,80,3,4.0,25.0,162.5,5.0,60.0,4.277
241,81,1,4.0,25.0,162.5,7.5,20.0,3.179
242,81,2,4.0,25.0,162.5,7.5,20.0,3.399
243,81,3,4.0,25.0,162.5,7.5,20.0,2.933
244,82,1,4.0,25.0,162.5,7.5,30.0,3.964
245,82,2,4.0,25.0,162.5,7.5,30.0,4.971
246,82,3,4.0,25.0,162.5,7.5,30.0,4.015
247,83,1,4.0,25.0,162.5,7.5,40.0,4.668
248,83,2,4.0,25.0,162.5,7.5,40.0,5.489
249,83,3,4.0,25.0,162.5,7.5,40.0,5.788
250,84,1,4.0,25.0,162.5,7.5,50.0,4.897
251,84,2,4.0,25.0,162.5,7.5,50.0,5.122
252,84,3,4.0,25.0,162.5,7.5,50.0,5.321
253,85,1,4.0,25.0,162.5,7.5,60.0,5.609
254,85,2,4.0,25.0,162.5,7.5,60.0,4.849
255,85,3,4.0,25.0,162.5,7.5,60.0,5.056
256,86,1,4.0,25.0,162.5,10.0,20.0,4.043
257,86,2,4.0,25.0,162.5,10.0,20.0,3.947
258,86,3,4.0,25.0,162.5,10.0,20.0,3.72
259,87,1,4.0,25.0,162.5,10.0,30.0,4.738
260,87,2,4.0,25.0,162.5,10.0,30.0,4.39
261,87,3,4.0,25.0,162.5,10.0,30.0,4.708
262,88,1,4.0,25.0,162.5,10.0,40.0,5.3
263,88,2,4.0,25.0,162.5,10.0,40.0,5.44
264,88,3,4.0,25.0,162.5,10.0,40.0,5.22
265,89,1,4.0,25.0,162.5,10.0,50.0,5.757
266,89,2,4.0,25.0,162.5,10.0,50.0,5.909
267,89,3,4.0,25.0,162.5,10.0,50.0,5.669
268,90,1,4.0,25.0,162.5,10.0,60.0,5.623
269,90,2,4.0,25.0,162.5,10.0,60.0,5.54
270,90,3,4.0,25.0,162.5,10.0,60.0,5.525
271,91,1,4.0,25.0,162.5,12.5,20.0,3.723
272,91,2,4.0,25.0,162.5,12.5,20.0,4.014
273,91,3,4.0,25.0,162.5,12.5,20.0,3.898
274,92,1,4.0,25.0,162.5,12.5,30.0,5.461
275,92,2,4.0,25.0,162.5,12.5,30.0,5.316
276,92,3,4.0,25.0,162.5,12.5,30.0,4.983
277,93,1,4.0,25.0,162.5,12.5,40.0,5.261
278,93,2,4.0,25.0,162.5,12.5,40.0,5.164
279,93,3,4.0,25.0,162.5,12.5,40.0,5.809
280,94,1,4.0,25.0,162.5,12.5,50.0,5.799
281,94,2,4.0,25.0,162.5,12.5,50.0,5.859
282,94,3,4.0,25.0,162.5,12.5,50.0,5.237
283,95,1,4.0,25.0,162.5,12.5,60.0,5.885
284,95,2,4.0,25.0,162.5,12.5,60.0,5.752
285,95,3,4.0,25.0,162.5,12.5,60.0,5.314
286,96,1,4.0,25.0,162.5,15.0,20.0,3.593
287,96,2,4.0,25.0,162.5,15.0,20.0,3.799
288,96,3,4.0,25.0,162.5,15.0,20.0,3.74
289,97,1,4.0,25.0,162.5,15.0,30.0,4.593
290,97,2,4.0,25.0,162.5,15.0,30.0,4.646
291,97,3,4.0,25.0,162.5,15.0,30.0,4.604
292,98,1,4.0,25.0,162.5,15.0,40.0,5.318
293,98,2,4.0,25.0,162.5,15.0,40.0,5.687
294,98,3,4.0,25.0,162.5,15.0,40.0,4.556
295,99,1,4.0,25.0,162.5,15.0,50.0,5.459
296,99,2,4.0,25.0,162.5,15.0,50.0,5.574
297,99,3,4.0,25.0,162.5,15.0,50.0,5.608
298,100,1,4.0,25.0,162.5,15.0,60.0,5.321
299,100,2,4.0,25.0,162.5,15.0,60.0,4.933
300,100,3,4.0,25.0,162.5,15.0,60.0,5.517
301,101,1,4.0,25.0,200.0,5.0,20.0,2.534
302,101,2,4.0,25.0,200.0,5.0,20.0,1.621
303,101,3,4.0,25.0,200.0,5.0,20.0,2.292
304,102,1,4.0,25.0,200.0,5.0,30.0,2.983
305,102,2,4.0,25.0,200.0,5.0,30.0,3.058
306,102,3,4.0,25.0,200.0,5.0,30.0,2.78
307,103,1,4.0,25.0,200.0,5.0,40.0,3.656
308,103,2,4.0,25.0,200.0,5.0,40.0,4.114
309,103,3,4.0,25.0,200.0,5.0,40.0,3.913
310,104,1,4.0,25.0,200.0,5.0,50.0,4.56
311,104,2,4.0,25.0,200.0,5.0,50.0,4.405
312,104,3,4.0,25.0,200.0,5.0,50.0,4.198
313,105,1,4.0,25.0,200.0,5.0,60.0,4.538
314,105,2,4.0,25.0,200.0,5.0,60.0,4.173
315,105,3,4.0,25.0,200.0,5.0,60.0,4.282
316,106,1,4.0,25.0,200.0,7.5,20.0,2.667
317,106,2,4.0,25.0,200.0,7.5,20.0,2.769
318,106,3,4.0,25.0,200.0,7.5,20.0,2.555
319,107,1,4.0,25.0,200.0,7.5,30.0,4.052
320,107,2,4.0,25.0,200.0,7.5,30.0,3.445
321,107,3,4.0,25.0,200.0,7.5,30.0,3.994
322,108,1,4.0,25.0,200.0,7.5,40.0,4.397
323,108,2,4.0,25.0,200.0,7.5,40.0,4.778
324,108,3,4.0,25.0,200.0,7.5,40.0,4.66
325,109,1,4.0,25.0,200.0,7.5,50.0,5.285
326,109,2,4.0,25.0,200.0,7.5,50.0,4.98
327,109,3,4.0,25.0,200.0,7.5,50.0,4.335
328,110,1,4.0,25.0,200.0,7.5,60.0,4.731
329,110,2,4.0,25.0,200.0,7.5,60.0,4.422
330,110,3,4.0,25.0,200.0,7.5,60.0,4.605
331,111,1,4.0,25.0,200.0,10.0,20.0,3.573
332,111,2,4.0,25.0,200.0,10.0,20.0,3.329
333,111,3,4.0,25.0,200.0,10.0,20.0,2.954
334,112,1,4.0,25.0,200.0,10.0,30.0,3.891
335,112,2,4.0,25.0,200.0,10.0,30.0,4.184
336,112,3,4.0,25.0,200.0,10.0,30.0,3.834
337,113,1,4.0,25.0,200.0,10.0,40.0,4.662
338,113,2,4.0,25.0,200.0,10.0,40.0,4.937
339,113,3,4.0,25.0,200.0,10.0,40.0,5.173
340,114,1,4.0,25.0,200.0,10.0,50.0,5.345
341,114,2,4.0,25.0,200.0,10.0,50.0,4.533
342,114,3,4.0,25.0,200.0,10.0,50.0,5.26
343,115,1,4.0,25.0,200.0,10.0,60.0,5.17
344,115,2,4.0,25.0,200.0,10.0,60.0,5.266
345,115,3,4.0,25.0,200.0,10.0,60.0,5.603
346,116,1,4.0,25.0,200.0,12.5,20.0,2.672
347,116,2,4.0,25.0,200.0,12.5,20.0,3.084
348,116,3,4.0,25.0,200.0,12.5,20.0,3.415
349,117,1,4.0,25.0,200.0,12.5,30.0,3.832
350,117,2,4.0,25.0,200.0,12.5,30.0,4.688
351,117,3,4.0,25.0,200.0,12.5,30.0,4.378
352,118,1,4.0,25.0,200.0,12.5,40.0,5.187
353,118,2,4.0,25.0,200.0,12.5,40.0,4.79
354,118,3,4.0,25.0,200.0,12.5,40.0,5.178
355,119,1,4.0,25.0,200.0,12.5,50.0,5.574
356,119,2,4.0,25.0,200.0,12.5,50.0,5.34
357,119,3,4.0,25.0,200.0,12.5,50.0,5.341
358,120,1,4.0,25.0,200.0,12.5,60.0,5.326
359,120,2,4.0,25.0,200.0,12.5,60.0,5.008
360,120,3,4.0,25.0,200.0,12.5,60.0,5.209
361,121,1,4.0,25.0,200.0,15.0,20.0,3.007
362,121,2,4.0,25.0,200.0,15.0,20.0,3.157
363,121,3,4.0,25.0,200.0,15.0,20.0,3.33
364,122,1,4.0,25.0,200.0,15.0,30.0,3.779
365,122,2,4.0,25.0,200.0,15.0,30.0,4.04
366,122,3,4.0,25.0,200.0,15.0,30.0,4.49
367,123,1,4.0,25.0,200.0,15.0,40.0,4.542
368,123,2,4.0,25.0,200.0,15.0,40.0,4.52
369,123,3,4.0,25.0,200.0,15.0,40.0,4.807
370,124,1,4.0,25.0,200.0,15.0,50.0,5.311
371,124,2,4.0,25.0,200.0,15.0,50.0,5.078
372,124,3,4.0,25.0,200.0,15.0,50.0,5.447
373,125,1,4.0,25.0,200.0,15.0,60.0,5.29
374,125,2,4.0,25.0,200.0,15.0,60.0,5.286
375,125,3,4.0,25.0,200.0,15.0,60.0,5.205
376,126,1,4.0,27.5,50.0,5.0,20.0,4.427
377,126,2,4.0,27.5,50.0,5.0,20.0,3.718
378,126,3,4.0,27.5,50.0,5.0,20.0,3.214
379,127,1,4.0,27.5,50.0,5.0,30.0,4.949
380,127,2,4.0,27.5,50.0,5.0,30.0,4.372
381,127,3,4.0,27.5,50.0,5.0,30.0,4.53
382,128,1,4.0,27.5,50.0,5.0,40.0,5.242
383,128,2,4.0,27.5,50.0,5.0,40.0,4.426
384,128,3,4.0,27.5,50.0,5.0,40.0,4.525
385,129,1,4.0,27.5,50.0,5.0,50.0,4.452
386,129,2,4.0,27.5,50.0,5.0,50.0,4.678
387,129,3,4.0,27.5,50.0,5.0,50.0,5.023
388,130,1,4.0,27.5,50.0,5.0,60.0,4.722
389,130,2,4.0,27.5,50.0,5.0,60.0,4.652
390,130,3,4.0,27.5,50.0,5.0,60.0,4.179
391,131,1,4.0,27.5,50.0,7.5,20.0,3.828
392,131,2,4.0,27.5,50.0,7.5,20.0,4.49
393,131,3,4.0,27.5,50.0,7.5,20.0,4.343
394,132,1,4.0,27.5,50.0,7.5,30.0,5.329
395,132,2,4.0,27.5,50.0,7.5,30.0,5.397
396,132,3,4.0,27.5,50.0,7.5,30.0,5.239
397,133,1,4.0,27.5,50.0,7.5,40.0,5.788
398,133,2,4.0,27.5,50.0,7.5,40.0,5.639
399,133,3,4.0,27.5,50.0,7.5,40.0,5.723
400,134,1,4.0,27.5,50.0,7.5,50.0,5.403
401,134,2,4.0,27.5,50.0,7.5,50.0,5.55
402,134,3,4.0,27.5,50.0,7.5,50.0,5.655
403,135,1,4.0,27.5,50.0,7.5,60.0,5.505
404,135,2,4.0,27.5,50.0,7.5,60.0,5.165
405,135,3,4.0,27.5,50.0,7.5,60.0,5.421
406,136,1,4.0,27.5,50.0,10.0,20.0,4.801
407,136,2,4.0,27.5,50.0,10.0,20.0,4.842
408,136,3,4.0,27.5,50.0,10.0,20.0,5.107
409,137,1,4.0,27.5,50.0,10.0,30.0,5.042
410,137,2,4.0,27.5,50.0,10.0,30.0,5.237
411,137,3,4.0,27.5,50.0,10.0,30.0,5.185
412,138,1,4.0,27.5,50.0,10.0,40.0,5.322
413,138,2,4.0,27.5,50.0,10.0,40.0,5.785
414,138,3,4.0,27.5,50.0,10.0,40.0,6.185
415,139,1,4.0,27.5,50.0,10.0,50.0,5.92
416,139,2,4.0,27.5,50.0,10.0,50.0,6.055
417,139,3,4.0,27.5,50.0,10.0,50.0,6.305
418,140,1,4.0,27.5,50.0,10.0,60.0,6.047
419,140,2,4.0,27.5,50.0,10.0,60.0,5.656
420,140,3,4.0,27.5,50.0,10.0,60.0,6.054
421,141,1,4.0,27.5,50.0,12.5,20.0,5.001
422,141,2,4.0,27.5,50.0,12.5,20.0,4.741
423,141,3,4.0,27.5,50.0,12.5,20.0,4.809
424,142,1,4.0,27.5,50.0,12.5,30.0,5.285
425,142,2,4.0,27.5,50.0,12.5,30.0,5.451
426,142,3,4.0,27.5,50.0,12.5,30.0,5.6
427,143,1,4.0,27.5,50.0,12.5,40.0,6.3
428,143,2,4.0,27.5,50.0,12.5,40.0,6.557
429,143,3,4.0,27.5,50.0,12.5,40.0,5.688
430,144,1,4.0,27.5,50.0,12.5,50.0,6.21
431,144,2,4.0,27.5,50.0,12.5,50.0,5.809
432,144,3,4.0,27.5,50.0,12.5,50.0,6.233
433,145,1,4.0,27.5,50.0,12.5,60.0,5.738
434,145,2,4.0,27.5,50.0,12.5,60.0,5.262
435,145,3,4.0,27.5,50.0,12.5,60.0,6.035
436,146,1,4.0,27.5,50.0,15.0,20.0,4.606
437,146,2,4.0,27.5,50.0,15.0,20.0,4.626
438,146,3,4.0,27.5,50.0,15.0,20.0,4.475
439,147,1,4.0,27.5,50.0,15.0,30.0,5.317
440,147,2,4.0,27.5,50.0,15.0,30.0,5.62
441,147,3,4.0,27.5,50.0,15.0,30.0,5.447
442,148,1,4.0,27.5,50.0,15.0,40.0,5.967
443,148,2,4.0,27.5,50.0,15.0,40.0,5.976
444,148,3,4.0,27.5,50.0,15.0,40.0,6.245
445,149,1,4.0,27.5,50.0,15.0,50.0,5.804
446,149,2,4.0,27.5,50.0,15.0,50.0,5.486
447,149,3,4.0,27.5,50.0,15.0,50.0,6.199
448,150,1,4.0,27.5,50.0,15.0,60.0,5.482
449,150,2,4.0,27.5,50.0,15.0,60.0,5.887
450,150,3,4.0,27.5,50.0,15.0,60.0,5.682
451,151,1,4.0,27.5,87.5,5.0,20.0,3.813
452,151,2,4.0,27.5,87.5,5.0,20.0,3.948
453,151,3,4.0,27.5,87.5,5.0,20.0,4.396
454,152,1,4.0,27.5,87.5,5.0,30.0,5.232
455,152,2,4.0,27.5,87.5,5.0,30.0,4.669
456,152,3,4.0,27.5,87.5,5.0,30.0,4.695
457,153,1,4.0,27.5,87.5,5.0,40.0,5.401
458,153,2,4.0,27.5,87.5,5.0,40.0,4.863
459,153,3,4.0,27.5,87.5,5.0,40.0,5.193
460,154,1,4.0,27.5,87.5,5.0,50.0,5.193
461,154,2,4.0,27.5,87.5,5.0,50.0,5.288
462,154,3,4.0,27.5,87.5,5.0,50.0,4.967
463,155,1,4.0,27.5,87.5,5.0,60.0,4.505
464,155,2,4.0,27.5,87.5,5.0,60.0,4.37
465,155,3,4.0,27.5,87.5,5.0,60.0,4.637
466,156,1,4.0,27.5,87.5,7.5,20.0,4.422
467,156,2,4.0,27.5,87.5,7.5,20.0,4.468
468,156,3,4.0,27.5,87.5,7.5,20.0,5.092
469,157,1,4.0,27.5,87.5,7.5,30.0,5.66
470,157,2,4.0,27.5,87.5,7.5,30.0,5.081
471,157,3,4.0,27.5,87.5,7.5,30.0,5.447
472,158,1,4.0,27.5,87.5,7.5,40.0,5.686
473,158,2,4.0,27.5,87.5,7.5,40.0,5.72
474,158,3,4.0,27.5,87.5,7.5,40.0,5.852
475,159,1,4.0,27.5,87.5,7.5,50.0,6.073
476,159,2,4.0,27.5,87.5,7.5,50.0,5.805
477,159,3,4.0,27.5,87.5,7.5,50.0,6.198
478,160,1,4.0,27.5,87.5,7.5,60.0,5.33
479,160,2,4.0,27.5,87.5,7.5,60.0,5.652
480,160,3,4.0,27.5,87.5,7.5,60.0,6.377
481,161,1,4.0,27.5,87.5,10.0,20.0,5.012
482,161,2,4.0,27.5,87.5,10.0,20.0,5.351
483,161,3,4.0,27.5,87.5,10.0,20.0,4.976
484,162,1,4.0,27.5,87.5,10.0,30.0,5.913
485,162,2,4.0,27.5,87.5,10.0,30.0,5.734
486,162,3,4.0,27.5,87.5,10.0,30.0,5.702
487,163,1,4.0,27.5,87.5,10.0,40.0,5.982
488,163,2,4.0,27.5,87.5,10.0,40.0,6.32
489,163,3,4.0,27.5,87.5,10.0,40.0,5.962
490,164,1,4.0,27.5,87.5,10.0,50.0,6.486
491,164,2,4.0,27.5,87.5,10.0,50.0,6.604
492,164,3,4.0,27.5,87.5,10.0,50.0,6.403
493,165,1,4.0,27.5,87.5,10.0,60.0,5.97
494,165,2,4.0,27.5,87.5,10.0,60.0,6.177
495,165,3,4.0,27.5,87.5,10.0,60.0,5.964
496,166,1,4.0,27.5,87.5,12.5,20.0,5.312
497,166,2,4.0,27.5,87.5,12.5,20.0,4.537
498,166,3,4.0,27.5,87.5,12.5,20.0,4.956
499,167,1,4.0,27.5,87.5,12.5,30.0,5.293
500,167,2,4.0,27.5,87.5,12.5,30.0,5.431
501,167,3,4.0,27.5,87.5,12.5,30.0,6.232
502,168,1,4.0,27.5,87.5,12.5,40.0,6.551
503,168,2,4.0,27.5,87.5,12.5,40.0,6.099
504,168,3,4.0,27.5,87.5,12.5,40.0,5.879
505,169,1,4.0,27.5,87.5,12.5,50.0,5.57
506,169,2,4.0,27.5,87.5,12.5,50.0,6.248
507,169,3,4.0,27.5,87.5,12.5,50.0,7.078
508,170,1,4.0,27.5,87.5,12.5,60.0,6.272
509,170,2,4.0,27.5,87.5,12.5,60.0,5.993
510,170,3,4.0,27.5,87.5,12.5,60.0,6.28
511,171,1,4.0,27.5,87.5,15.0,20.0,4.413
512,171,2,4.0,27.5,87.5,15.0,20.0,4.767
513,171,3,4.0,27.5,87.5,15.0,20.0,4.878
514,172,1,4.0,27.5,87.5,15.0,30.0,5.626
515,172,2,4.0,27.5,87.5,15.0,30.0,5.871
516,172,3,4.0,27.5,87.5,15.0,30.0,5.747
517,173,1,4.0,27.5,87.5,15.0,40.0,6.287
518,173,2,4.0,27.5,87.5,15.0,40.0,5.907
519,173,3,4.0,27.5,87.5,15.0,40.0,6.351
520,174,1,4.0,27.5,87.5,15.0,50.0,6.656
521,174,2,4.0,27.5,87.5,15.0,50.0,5.928
522,174,3,4.0,27.5,87.5,15.0,50.0,5.951
523,175,1,4.0,27.5,87.5,15.0,60.0,6.324
524,175,2,4.0,27.5,87.5,15.0,60.0,5.896
525,175,3,4.0,27.5,87.5,15.0,60.0,6.343
526,176,1,4.0,27.5,125.0,5.0,20.0,3.551
527,176,2,4.0,27.5,125.0,5.0,20.0,4.082
528,176,3,4.0,27.5,125.0,5.0,20.0,3.712
529,177,1,4.0,27.5,125.0,5.0,30.0,4.622
530,177,2,4.0,27.5,125.0,5.0,30.0,4.988
531,177,3,4.0,27.5,125.0,5.0,30.0,4.449
532,178,1,4.0,27.5,125.0,5.0,40.0,4.811
533,178,2,4.0,27.5,125.0,5.0,40.0,4.949
534,178,3,4.0,27.5,125.0,5.0,40.0,5.202
535,179,1,4.0,27.5,125.0,5.0,50.0,4.812
536,179,2,4.0,27.5,125.0,5.0,50.0,5.428
537,179,3,4.0,27.5,125.0,5.0,50.0,5.099
538,180,1,4.0,27.5,125.0,5.0,60.0,5.396
539,180,2,4.0,27.5,125.0,5.0,60.0,4.405
540,180,3,4.0,27.5,125.0,5.0,60.0,4.855
541,181,1,4.0,27.5,125.0,7.5,20.0,3.903
542,181,2,4.0,27.5,125.0,7.5,20.0,4.144
543,181,3,4.0,27.5,125.0,7.5,20.0,4.444
544,182,1,4.0,27.5,125.0,7.5,30.0,5.2
545,182,2,4.0,27.5,125.0,7.5,30.0,5.179
546,182,3,4.0,27.5,125.0,7.5,30.0,5.205
547,183,1,4.0,27.5,125.0,7.5,40.0,5.832
548,183,2,4.0,27.5,125.0,7.5,40.0,5.493
549,183,3,4.0,27.5,125.0,7.5,40.0,5.973
550,184,1,4.0,27.5,125.0,7.5,50.0,6.136
551,184,2,4.0,27.5,125.0,7.5,50.0,6.058
552,184,3,4.0,27.5,125.0,7.5,50.0,6.106
553,185,1,4.0,27.5,125.0,7.5,60.0,5.858
554,185,2,4.0,27.5,125.0,7.5,60.0,6.345
555,185,3,4.0,27.5,125.0,7.5,60.0,5.751
556,186,1,4.0,27.5,125.0,10.0,20.0,4.689
557,186,2,4.0,27.5,125.0,10.0,20.0,4.564
558,186,3,4.0,27.5,125.0,10.0,20.0,4.486
559,187,1,4.0,27.5,125.0,10.0,30.0,5.302
560,187,2,4.0,27.5,125.0,10.0,30.0,5.401
561,187,3,4.0,27.5,125.0,10.0,30.0,5.63
562,188,1,4.0,27.5,125.0,10.0,40.0,6.269
563,188,2,4.0,27.5,125.0,10.0,40.0,6.189
564,188,3,4.0,27.5,125.0,10.0,40.0,5.961
565,189,1,4.0,27.5,125.0,10.0,50.0,6.602
566,189,2,4.0,27.5,125.0,10.0,50.0,6.557
567,189,3,4.0,27.5,125.0,10.0,50.0,6.305
568,190,1,4.0,27.5,125.0,10.0,60.0,5.992
569,190,2,4.0,27.5,125.0,10.0,60.0,6.329
570,190,3,4.0,27.5,125.0,10.0,60.0,6.228
571,191,1,4.0,27.5,125.0,12.5,20.0,4.47
572,191,2,4.0,27.5,125.0,12.5,20.0,4.856
573,191,3,4.0,27.5,125.0,12.5,20.0,4.948
574,192,1,4.0,27.5,125.0,12.5,30.0,5.498
575,192,2,4.0,27.5,125.0,12.5,30.0,5.803
576,192,3,4.0,27.5,125.0,12.5,30.0,5.343
577,193,1,4.0,27.5,125.0,12.5,40.0,6.649
578,193,2,4.0,27.5,125.0,12.5,40.0,6.624
579,193,3,4.0,27.5,125.0,12.5,40.0,6.204
580,194,1,4.0,27.5,125.0,12.5,50.0,6.552
581,194,2,4.0,27.5,125.0,12.5,50.0,5.775
582,194,3,4.0,27.5,125.0,12.5,50.0,6.126
583,195,1,4.0,27.5,125.0,12.5,60.0,6.193
584,195,2,4.0,27.5,125.0,12.5,60.0,5.975
585,195,3,4.0,27.5,125.0,12.5,60.0,6.475
586,196,1,4.0,27.5,125.0,15.0,20.0,5.234
587,196,2,4.0,27.5,125.0,15.0,20.0,4.346
588,196,3,4.0,27.5,125.0,15.0,20.0,4.441
589,197,1,4.0,27.5,125.0,15.0,30.0,5.616
590,197,2,4.0,27.5,125.0,15.0,30.0,6.001
591,197,3,4.0,27.5,125.0,15.0,30.0,5.208
592,198,1,4.0,27.5,125.0,15.0,40.0,6.145
593,198,2,4.0,27.5,125.0,15.0,40.0,6.585
594,198,3,4.0,27.5,125.0,15.0,40.0,5.613
595,199,1,4.0,27.5,125.0,15.0,50.0,5.891
596,199,2,4.0,27.5,125.0,15.0,50.0,6.131
597,199,3,4.0,27.5,125.0,15.0,50.0,6.104
598,200,1,4.0,27.5,125.0,15.0,60.0,6.303
599,200,2,4.0,27.5,125.0,15.0,60.0,6.143
600,200,3,4.0,27.5,125.0,15.0,60.0,5.578
601,201,1,4.0,27.5,162.5,5.0,20.0,3.394
602,201,2,4.0,27.5,162.5,5.0,20.0,3.088
603,201,3,4.0,27.5,162.5,5.0,20.0,3.607
604,202,1,4.0,27.5,162.5,5.0,30.0,4.024
605,202,2,4.0,27.5,162.5,5.0,30.0,4.022
606,202,3,4.0,27.5,162.5,5.0,30.0,4.352
607,203,1,4.0,27.5,162.5,5.0,40.0,5.014
608,203,2,4.0,27.5,162.5,5.0,40.0,4.925
609,203,3,4.0,27.5,162.5,5.0,40.0,4.328
610,204,1,4.0,27.5,162.5,5.0,50.0,5.201
611,204,2,4.0,27.5,162.5,5.0,50.0,4.76
612,204,3,4.0,27.5,162.5,5.0,50.0,5.116
613,205,1,4.0,27.5,162.5,5.0,60.0,4.551
614,205,2,4.0,27.5,162.5,5.0,60.0,5.075
615,205,3,4.0,27.5,162.5,5.0,60.0,4.724
616,206,1,4.0,27.5,162.5,7.5,20.0,3.591
617,206,2,4.0,27.5,162.5,7.5,20.0,4.15
618,206,3,4.0,27.5,162.5,7.5,20.0,4.018
619,207,1,4.0,27.5,162.5,7.5,30.0,4.728
620,207,2,4.0,27.5,162.5,7.5,30.0,5.306
621,207,3,4.0,27.5,162.5,7.5,30.0,4.777
622,208,1,4.0,27.5,162.5,7.5,40.0,5.509
623,208,2,4.0,27.5,162.5,7.5,40.0,5.575
624,208,3,4.0,27.5,162.5,7.5,40.0,5.326
625,209,1,4.0,27.5,162.5,7.5,50.0,5.882
626,209,2,4.0,27.5,162.5,7.5,50.0,5.601
627,209,3,4.0,27.5,162.5,7.5,50.0,5.635
628,210,1,4.0,27.5,162.5,7.5,60.0,6.032
629,210,2,4.0,27.5,162.5,7.5,60.0,5.359
630,210,3,4.0,27.5,162.5,7.5,60.0,4.974
631,211,1,4.0,27.5,162.5,10.0,20.0,4.801
632,211,2,4.0,27.5,162.5,10.0,20.0,5.064
633,211,3,4.0,27.5,162.5,10.0,20.0,4.237
634,212,1,4.0,27.5,162.5,10.0,30.0,4.758
635,212,2,4.0,27.5,162.5,10.0,30.0,5.213
636,212,3,4.0,27.5,162.5,10.0,30.0,5.22
637,213,1,4.0,27.5,162.5,10.0,40.0,5.847
638,213,2,4.0,27.5,162.5,10.0,40.0,5.588
639,213,3,4.0,27.5,162.5,10.0,40.0,6.062
640,214,1,4.0,27.5,162.5,10.0,50.0,6.297
641,214,2,4.0,27.5,162.5,10.0,50.0,5.732
642,214,3,4.0,27.5,162.5,10.0,50.0,6.346
643,215,1,4.0,27.5,162.5,10.0,60.0,6.625
644,215,2,4.0,27.5,162.5,10.0,60.0,6.098
645,215,3,4.0,27.5,162.5,10.0,60.0,5.956
646,216,1,4.0,27.5,162.5,12.5,20.0,4.41
647,216,2,4.0,27.5,162.5,12.5,20.0,4.622
648,216,3,4.0,27.5,162.5,12.5,20.0,3.965
649,217,1,4.0,27.5,162.5,12.5,30.0,5.446
650,217,2,4.0,27.5,162.5,12.5,30.0,5.291
651,217,3,4.0,27.5,162.5,12.5,30.0,5.917
652,218,1,4.0,27.5,162.5,12.5,40.0,5.951
653,218,2,4.0,27.5,162.5,12.5,40.0,6.467
654,218,3,4.0,27.5,162.5,12.5,40.0,5.691
655,219,1,4.0,27.5,162.5,12.5,50.0,6.414
656,219,2,4.0,27.5,162.5,12.5,50.0,6.339
657,219,3,4.0,27.5,162.5,12.5,50.0,6.007
658,220,1,4.0,27.5,162.5,12.5,60.0,6.2
659,220,2,4.0,27.5,162.5,12.5,60.0,6.49
660,220,3,4.0,27.5,162.5,12.5,60.0,6.059
661,221,1,4.0,27.5,162.5,15.0,20.0,3.776
662,221,2,4.0,27.5,162.5,15.0,20.0,4.245
663,221,3,4.0,27.5,162.5,15.0,20.0,3.997
664,222,1,4.0,27.5,162.5,15.0,30.0,5.104
665,222,2,4.0,27.5,162.5,15.0,30.0,5.177
666,222,3,4.0,27.5,162.5,15.0,30.0,4.722
667,223,1,4.0,27.5,162.5,15.0,40.0,5.348
668,223,2,4.0,27.5,162.5,15.0,40.0,5.935
669,223,3,4.0,27.5,162.5,15.0,40.0,5.654
670,224,1,4.0,27.5,162.5,15.0,50.0,5.332
671,224,2,4.0,27.5,162.5,15.0,50.0,6.27
672,224,3,4.0,27.5,162.5,15.0,50.0,6.126
673,225,1,4.0,27.5,162.5,15.0,60.0,5.75
674,225,2,4.0,27.5,162.5,15.0,60.0,5.581
675,225,3,4.0,27.5,162.5,15.0,60.0,6.184
676,226,1,4.0,27.5,200.0,5.0,20.0,2.673
677,226,2,4.0,27.5,200.0,5.0,20.0,3.242
678,226,3,4.0,27.5,200.0,5.0,20.0,2.693
679,227,1,4.0,27.5,200.0,5.0,30.0,3.709
680,227,2,4.0,27.5,200.0,5.0,30.0,3.553
681,227,3,4.0,27.5,200.0,5.0,30.0,3.829
682,228,1,4.0,27.5,200.0,5.0,40.0,4.45
683,228,2,4.0,27.5,200.0,5.0,40.0,4.625
684,228,3,4.0,27.5,200.0,5.0,40.0,4.129
685,229,1,4.0,27.5,200.0,5.0,50.0,4.478
686,229,2,4.0,27.5,200.0,5.0,50.0,4.466
687,229,3,4.0,27.5,200.0,5.0,50.0,4.821
688,230,1,4.0,27.5,200.0,5.0,60.0,4.995
689,230,2,4.0,27.5,200.0,5.0,60.0,4.447
690,230,3,4.0,27.5,200.0,5.0,60.0,4.456
691,231,1,4.0,27.5,200.0,7.5,20.0,3.363
692,231,2,4.0,27.5,200.0,7.5,20.0,3.206
693,231,3,4.0,27.5,200.0,7.5,20.0,3.542
694,232,1,4.0,27.5,200.0,7.5,30.0,3.67
695,232,2,4.0,27.5,200.0,7.5,30.0,4.069
696,232,3,4.0,27.5,200.0,7.5,30.0,4.081
697,233,1,4.0,27.5,200.0,7.5,40.0,4.325
698,233,2,4.0,27.5,200.0,7.5,40.0,4.705
699,233,3,4.0,27.5,200.0,7.5,40.0,4.719
700,234,1,4.0,27.5,200.0,7.5,50.0,5.244
701,234,2,4.0,27.5,200.0,7.5,50.0,5.612
702,234,3,4.0,27.5,200.0,7.5,50.0,5.231
703,235,1,4.0,27.5,200.0,7.5,60.0,4.986
704,235,2,4.0,27.5,200.0,7.5,60.0,5.259
705,235,3,4.0,27.5,200.0,7.5,60.0,5.569
706,236,1,4.0,27.5,200.0,10.0,20.0,3.402
707,236,2,4.0,27.5,200.0,10.0,20.0,3.42
708,236,3,4.0,27.5,200.0,10.0,20.0,3.831
709,237,1,4.0,27.5,200.0,10.0,30.0,4.638
710,237,2,4.0,27.5,200.0,10.0,30.0,4.881
711,237,3,4.0,27.5,200.0,10.0,30.0,4.696
712,238,1,4.0,27.5,200.0,10.0,40.0,5.571
713,238,2,4.0,27.5,200.0,10.0,40.0,5.085
714,238,3,4.0,27.5,200.0,10.0,40.0,5.372
715,239,1,4.0,27.5,200.0,10.0,50.0,5.641
716,239,2,4.0,27.5,200.0,10.0,50.0,5.36
717,239,3,4.0,27.5,200.0,10.0,50.0,5.262
718,240,1,4.0,27.5,200.0,10.0,60.0,5.867
719,240,2,4.0,27.5,200.0,10.0,60.0,5.577
720,240,3,4.0,27.5,200.0,10.0,60.0,5.389
721,241,1,4.0,27.5,200.0,12.5,20.0,3.748
722,241,2,4.0,27.5,200.0,12.5,20.0,4.091
723,241,3,4.0,27.5,200.0,12.5,20.0,3.136
724,242,1,4.0,27.5,200.0,12.5,30.0,4.381
725,242,2,4.0,27.5,200.0,12.5,30.0,4.542
726,242,3,4.0,27.5,200.0,12.5,30.0,5.209
727,243,1,4.0,27.5,200.0,12.5,40.0,5.554
728,243,2,4.0,27.5,200.0,12.5,40.0,5.69
729,243,3,4.0,27.5,200.0,12.5,40.0,5.156
730,244,1,4.0,27.5,200.0,12.5,50.0,5.487
731,244,2,4.0,27.5,200.0,12.5,50.0,5.925
732,244,3,4.0,27.5,200.0,12.5,50.0,5.816
733,245,1,4.0,27.5,200.0,12.5,60.0,5.929
734,245,2,4.0,27.5,200.0,12.5,60.0,5.722
735,245,3,4.0,27.5,200.0,12.5,60.0,5.853
736,246,1,4.0,27.5,200.0,15.0,20.0,3.619
737,246,2,4.0,27.5,200.0,15.0,20.0,3.793
738,246,3,4.0,27.5,200.0,15.0,20.0,3.801
739,247,1,4.0,27.5,200.0,15.0,30.0,4.146
740,247,2,4.0,27.5,200.0,15.0,30.0,3.971
741,247,3,4.0,27.5,200.0,15.0,30.0,4.88
742,248,1,4.0,27.5,200.0,15.0,40.0,5.608
743,248,2,4.0,27.5,200.0,15.0,40.0,4.989
744,248,3,4.0,27.5,200.0,15.0,40.0,4.754
745,249,1,4.0,27.5,200.0,15.0,50.0,5.628
746,249,2,4.0,27.5,200.0,15.0,50.0,5.861
747,249,3,4.0,27.5,200.0,15.0,50.0,6.103
748,250,1,4.0,27.5,200.0,15.0,60.0,5.72
749,250,2,4.0,27.5,200.0,15.0,60.0,5.471
750,250,3,4.0,27.5,200.0,15.0,60.0,5.325
751,251,1,4.0,30.0,50.0,5.0,20.0,3.903
752,251,2,4.0,30.0,50.0,5.0,20.0,3.816
753,251,3,4.0,30.0,50.0,5.0,20.0,3.616
754,252,1,4.0,30.0,50.0,5.0,30.0,5.199
755,252,2,4.0,30.0,50.0,5.0,30.0,5.125
756,252,3,4.0,30.0,50.0,5.0,30.0,4.943
757,253,1,4.0,30.0,50.0,5.0,40.0,4.742
758,253,2,4.0,30.0,50.0,5.0,40.0,5.239
759,253,3,4.0,30.0,50.0,5.0,40.0,5.179
760,254,1,4.0,30.0,50.0,5.0,50.0,5.149
761,254,2,4.0,30.0,50.0,5.0,50.0,5.375
762,254,3,4.0,30.0,50.0,5.0,50.0,5.203
763,255,1,4.0,30.0,50.0,5.0,60.0,4.907
764,255,2,4.0,30.0,50.0,5.0,60.0,4.878
765,255,3,4.0,30.0,50.0,5.0,60.0,4.795
766,256,1,4.0,30.0,50.0,7.5,20.0,4.101
767,256,2,4.0,30.0,50.0,7.5,20.0,4.623
768,256,3,4.0,30.0,50.0,7.5,20.0,4.444
769,257,1,4.0,30.0,50.0,7.5,30.0,4.967
770,257,2,4.0,30.0,50.0,7.5,30.0,5.796
771,257,3,4.0,30.0,50.0,7.5,30.0,5.809
772,258,1,4.0,30.0,50.0,7.5,40.0,6.081
773,258,2,4.0,30.0,50.0,7.5,40.0,5.771
774,258,3,4.0,30.0,50.0,7.5,40.0,6.078
775,259,1,4.0,30.0,50.0,7.5,50.0,5.728
776,259,2,4.0,30.0,50.0,7.5,50.0,5.782
777,259,3,4.0,30.0,50.0,7.5,50.0,5.419
778,260,1,4.0,30.0,50.0,7.5,60.0,5.511
779,260,2,4.0,30.0,50.0,7.5,60.0,5.417
780,260,3,4.0,30.0,50.0,7.5,60.0,5.035
781,261,1,4.0,30.0,50.0,10.0,20.0,4.986
782,261,2,4.0,30.0,50.0,10.0,20.0,4.978
783,261,3,4.0,30.0,50.0,10.0,20.0,5.503
784,262,1,4.0,30.0,50.0,10.0,30.0,5.975
785,262,2,4.0,30.0,50.0,10.0,30.0,5.728
786,262,3,4.0,30.0,50.0,10.0,30.0,5.795
787,263,1,4.0,30.0,50.0,10.0,40.0,6.112
788,263,2,4.0,30.0,50.0,10.0,40.0,6.043
789,263,3,4.0,30.0,50.0,10.0,40.0,5.797
790,264,1,4.0,30.0,50.0,10.0,50.0,6.083
791,264,2,4.0,30.0,50.0,10.0,50.0,5.916
792,264,3,4.0,30.0,50.0,10.0,50.0,5.775
793,265,1,4.0,30.0,50.0,10.0,60.0,5.943
794,265,2,4.0,30.0,50.0,10.0,60.0,5.91
795,265,3,4.0,30.0,50.0,10.0,60.0,5.3
796,266,1,4.0,30.0,50.0,12.5,20.0,5.066
797,266,2,4.0,30.0,50.0,12.5,20.0,5.379
798,266,3,4.0,30.0,50.0,12.5,20.0,5.397
799,267,1,4.0,30.0,50.0,12.5,30.0,6.112
800,267,2,4.0,30.0,50.0,12.5,30.0,5.836
801,267,3,4.0,30.0,50.0,12.5,30.0,5.588
802,268,1,4.0,30.0,50.0,12.5,40.0,5.897
803,268,2,4.0,30.0,50.0,12.5,40.0,6.296
804,268,3,4.0,30.0,50.0,12.5,40.0,6.306
805,269,1,4.0,30.0,50.0,12.5,50.0,6.585
806,269,2,4.0,30.0,50.0,12.5,50.0,6.533
807,269,3,4.0,30.0,50.0,12.5,50.0,6.188
808,270,1,4.0,30.0,50.0,12.5,60.0,5.552
809,270,2,4.0,30.0,50.0,12.5,60.0,5.811
810,270,3,4.0,30.0,50.0,12.5,60.0,5.961
811,271,1,4.0,30.0,50.0,15.0,20.0,4.843
812,271,2,4.0,30.0,50.0,15.0,20.0,4.738
813,271,3,4.0,30.0,50.0,15.0,20.0,4.971
814,272,1,4.0,30.0,50.0,15.0,30.0,5.484
815,272,2,4.0,30.0,50.0,15.0,30.0,5.449
816,272,3,4.0,30.0,50.0,15.0,30.0,5.712
817,273,1,4.0,30.0,50.0,15.0,40.0,5.887
818,273,2,4.0,30.0,50.0,15.0,40.0,6.068
819,273,3,4.0,30.0,50.0,15.0,40.0,6.076
820,274,1,4.0,30.0,50.0,15.0,50.0,5.706
821,274,2,4.0,30.0,50.0,15.0,50.0,5.89
822,274,3,4.0,30.0,50.0,15.0,50.0,6.428
823,275,1,4.0,30.0,50.0,15.0,60.0,5.375
824,275,2,4.0,30.0,50.0,15.0,60.0,5.107
825,275,3,4.0,30.0,50.0,15.0,60.0,5.179
826,276,1,4.0,30.0,87.5,5.0,20.0,3.983
827,276,2,4.0,30.0,87.5,5.0,20.0,3.984
828,276,3,4.0,30.0,87.5,5.0,20.0,3.942
829,277,1,4.0,30.0,87.5,5.0,30.0,5.115
830,277,2,4.0,30.0,87.5,5.0,30.0,4.027
831,277,3,4.0,30.0,87.5,5.0,30.0,4.886
832,278,1,4.0,30.0,87.5,5.0,40.0,5.662
833,278,2,4.0,30.0,87.5,5.0,40.0,4.909
834,278,3,4.0,30.0,87.5,5.0,40.0,5.119
835,279,1,4.0,30.0,87.5,5.0,50.0,5.114
836,279,2,4.0,30.0,87.5,5.0,50.0,5.075
837,279,3,4.0,30.0,87.5,5.0,50.0,5.234
838,280,1,4.0,30.0,87.5,5.0,60.0,5.475
839,280,2,4.0,30.0,87.5,5.0,60.0,5.589
840,280,3,4.0,30.0,87.5,5.0,60.0,4.981
841,281,1,4.0,30.0,87.5,7.5,20.0,5.208
842,281,2,4.0,30.0,87.5,7.5,20.0,4.685
843,281,3,4.0,30.0,87.5,7.5,20.0,5.166
844,282,1,4.0,30.0,87.5,7.5,30.0,5.449
845,282,2,4.0,30.0,87.5,7.5,30.0,5.512
846,282,3,4.0,30.0,87.5,7.5,30.0,5.577
847,283,1,4.0,30.0,87.5,7.5,40.0,6.815
848,283,2,4.0,30.0,87.5,7.5,40.0,6.163
849,283,3,4.0,30.0,87.5,7.5,40.0,5.727
850,284,1,4.0,30.0,87.5,7.5,50.0,6.296
851,284,2,4.0,30.0,87.5,7.5,50.0,5.924
852,284,3,4.0,30.0,87.5,7.5,50.0,5.888
853,285,1,4.0,30.0,87.5,7.5,60.0,6.029
854,285,2,4.0,30.0,87.5,7.5,60.0,5.784
855,285,3,4.0,30.0,87.5,7.5,60.0,5.853
856,286,1,4.0,30.0,87.5,10.0,20.0,5.079
857,286,2,4.0,30.0,87.5,10.0,20.0,5.169
858,286,3,4.0,30.0,87.5,10.0,20.0,5.194
859,287,1,4.0,30.0,87.5,10.0,30.0,5.333
860,287,2,4.0,30.0,87.5,10.0,30.0,6.062
861,287,3,4.0,30.0,87.5,10.0,30.0,5.6
862,288,1,4.0,30.0,87.5,10.0,40.0,5.921
863,288,2,4.0,30.0,87.5,10.0,40.0,6.309
864,288,3,4.0,30.0,87.5,10.0,40.0,6.349
865,289,1,4.0,30.0,87.5,10.0,50.0,6.231
866,289,2,4.0,30.0,87.5,10.0,50.0,6.658
867,289,3,4.0,30.0,87.5,10.0,50.0,6.049
868,290,1,4.0,30.0,87.5,10.0,60.0,6.061
869,290,2,4.0,30.0,87.5,10.0,60.0,6.011
870,290,3,4.0,30.0,87.5,10.0,60.0,6.162
871,291,1,4.0,30.0,87.5,12.5,20.0,5.253
872,291,2,4.0,30.0,87.5,12.5,20.0,4.893
873,291,3,4.0,30.0,87.5,12.5,20.0,5.378
874,292,1,4.0,30.0,87.5,12.5,30.0,5.993
875,292,2,4.0,30.0,87.5,12.5,30.0,5.445
876,292,3,4.0,30.0,87.5,12.5,30.0,5.427
877,293,1,4.0,30.0,87.5,12.5,40.0,6.422
878,293,2,4.0,30.0,87.5,12.5,40.0,6.363
879,293,3,4.0,30.0,87.5,12.5,40.0,6.396
880,294,1,4.0,30.0,87.5,12.5,50.0,6.517
881,294,2,4.0,30.0,87.5,12.5,50.0,6.588
882,294,3,4.0,30.0,87.5,12.5,50.0,6.79
883,295,1,4.0,30.0,87.5,12.5,60.0,5.964
884,295,2,4.0,30.0,87.5,12.5,60.0,5.947
885,295,3,4.0,30.0,87.5,12.5,60.0,5.969
886,296,1,4.0,30.0,87.5,15.0,20.0,5.056
887,296,2,4.0,30.0,87.5,15.0,20.0,5.324
888,296,3,4.0,30.0,87.5,15.0,20.0,4.854
889,297,1,4.0,30.0,87.5,15.0,30.0,5.075
890,297,2,4.0,30.0,87.5,15.0,30.0,5.298
891,297,3,4.0,30.0,87.5,15.0,30.0,5.542
892,298,1,4.0,30.0,87.5,15.0,40.0,6.069
893,298,2,4.0,30.0,87.5,15.0,40.0,6.111
894,298,3,4.0,30.0,87.5,15.0,40.0,6.236
895,299,1,4.0,30.0,87.5,15.0,50.0,6.238
896,299,2,4.0,30.0,87.5,15.0,50.0,6.619
897,299,3,4.0,30.0,87.5,15.0,50.0,6.136
898,300,1,4.0,30.0,87.5,15.0,60.0,5.834
899,300,2,4.0,30.0,87.5,15.0,60.0,6.209
900,300,3,4.0,30.0,87.5,15.0,60.0,5.645
901,301,1,4.0,30.0,125.0,5.0,20.0,3.909
902,301,2,4.0,30.0,125.0,5.0,20.0,3.829
903,301,3,4.0,30.0,125.0,5.0,20.0,3.759
904,302,1,4.0,30.0,125.0,5.0,30.0,5.12
905,302,2,4.0,30.0,125.0,5.0,30.0,4.501
906,302,3,4.0,30.0,125.0,5.0,30.0,5.252
907,303,1,4.0,30.0,125.0,5.0,40.0,5.137
908,303,2,4.0,30.0,125.0,5.0,40.0,4.842
909,303,3,4.0,30.0,125.0,5.0,40.0,5.22
910,304,1,4.0,30.0,125.0,5.0,50.0,5.074
911,304,2,4.0,30.0,125.0,5.0,50.0,5.165
912,304,3,4.0,30.0,125.0,5.0,50.0,5.486
913,305,1,4.0,30.0,125.0,5.0,60.0,5.356
914,305,2,4.0,30.0,125.0,5.0,60.0,5.026
915,305,3,4.0,30.0,125.0,5.0,60.0,5.476
916,306,1,4.0,30.0,125.0,7.5,20.0,4.824
917,306,2,4.0,30.0,125.0,7.5,20.0,4.902
918,306,3,4.0,30.0,125.0,7.5,20.0,4.648
919,307,1,4.0,30.0,125.0,7.5,30.0,5.757
920,307,2,4.0,30.0,125.0,7.5,30.0,4.848
921,307,3,4.0,30.0,125.0,7.5,30.0,5.286
922,308,1,4.0,30.0,125.0,7.5,40.0,5.657
923,308,2,4.0,30.0,125.0,7.5,40.0,5.933
924,308,3,4.0,30.0,125.0,7.5,40.0,5.74
925,309,1,4.0,30.0,125.0,7.5,50.0,6.028
926,309,2,4.0,30.0,125.0,7.5,50.0,6.602
927,309,3,4.0,30.0,125.0,7.5,50.0,6.027
928,310,1,4.0,30.0,125.0,7.5,60.0,6.016
929,310,2,4.0,30.0,125.0,7.5,60.0,5.835
930,310,3,4.0,30.0,125.0,7.5,60.0,5.921
931,311,1,4.0,30.0,125.0,10.0,20.0,4.902
932,311,2,4.0,30.0,125.0,10.0,20.0,5.026
933,311,3,4.0,30.0,125.0,10.0,20.0,5.226
934,312,1,4.0,30.0,125.0,10.0,30.0,6.236
935,312,2,4.0,30.0,125.0,10.0,30.0,5.862
936,312,3,4.0,30.0,125.0,10.0,30.0,5.94
937,313,1,4.0,30.0,125.0,10.0,40.0,5.978
938,313,2,4.0,30.0,125.0,10.0,40.0,6.275
939,313,3,4.0,30.0,125.0,10.0,40.0,6.563
940,314,1,4.0,30.0,125.0,10.0,50.0,6.717
941,314,2,4.0,30.0,125.0,10.0,50.0,6.534
942,314,3,4.0,30.0,125.0,10.0,50.0,6.723
943,315,1,4.0,30.0,125.0,10.0,60.0,6.437
944,315,2,4.0,30.0,125.0,10.0,60.0,6.636
945,315,3,4.0,30.0,125.0,10.0,60.0,6.381
946,316,1,4.0,30.0,125.0,12.5,20.0,4.9
947,316,2,4.0,30.0,125.0,12.5,20.0,5.094
948,316,3,4.0,30.0,125.0,12.5,20.0,4.179
949,317,1,4.0,30.0,125.0,12.5,30.0,5.982
950,317,2,4.0,30.0,125.0,12.5,30.0,4.853
951,317,3,4.0,30.0,125.0,12.5,30.0,5.392
952,318,1,4.0,30.0,125.0,12.5,40.0,6.526
953,318,2,4.0,30.0,125.0,12.5,40.0,6.534
954,318,3,4.0,30.0,125.0,12.5,40.0,6.075
955,319,1,4.0,30.0,125.0,12.5,50.0,6.376
956,319,2,4.0,30.0,125.0,12.5,50.0,6.959
957,319,3,4.0,30.0,125.0,12.5,50.0,6.439
958,320,1,4.0,30.0,125.0,12.5,60.0,7.028
959,320,2,4.0,30.0,125.0,12.5,60.0,6.399
960,320,3,4.0,30.0,125.0,12.5,60.0,6.514
961,321,1,4.0,30.0,125.0,15.0,20.0,5.253
962,321,2,4.0,30.0,125.0,15.0,20.0,4.837
963,321,3,4.0,30.0,125.0,15.0,20.0,4.519
964,322,1,4.0,30.0,125.0,15.0,30.0,5.644
965,322,2,4.0,30.0,125.0,15.0,30.0,5.665
966,322,3,4.0,30.0,125.0,15.0,30.0,5.293
967,323,1,4.0,30.0,125.0,15.0,40.0,6.128
968,323,2,4.0,30.0,125.0,15.0,40.0,5.992
969,323,3,4.0,30.0,125.0,15.0,40.0,6.459
970,324,1,4.0,30.0,125.0,15.0,50.0,6.385
971,324,2,4.0,30.0,125.0,15.0,50.0,6.296
972,324,3,4.0,30.0,125.0,15.0,50.0,6.345
973,325,1,4.0,30.0,125.0,15.0,60.0,6.262
974,325,2,4.0,30.0,125.0,15.0,60.0,6.373
975,325,3,4.0,30.0,125.0,15.0,60.0,5.92
976,326,1,4.0,30.0,162.5,5.0,20.0,3.083
977,326,2,4.0,30.0,162.5,5.0,20.0,3.684
978,326,3,4.0,30.0,162.5,5.0,20.0,3.26
979,327,1,4.0,30.0,162.5,5.0,30.0,3.928
980,327,2,4.0,30.0,162.5,5.0,30.0,4.449
981,327,3,4.0,30.0,162.5,5.0,30.0,4.455
982,328,1,4.0,30.0,162.5,5.0,40.0,4.496
983,328,2,4.0,30.0,162.5,5.0,40.0,4.989
984,328,3,4.0,30.0,162.5,5.0,40.0,5.131
985,329,1,4.0,30.0,162.5,5.0,50.0,5.28
986,329,2,4.0,30.0,162.5,5.0,50.0,5.352
987,329,3,4.0,30.0,162.5,5.0,50.0,4.782
988,330,1,4.0,30.0,162.5,5.0,60.0,5.168
989,330,2,4.0,30.0,162.5,5.0,60.0,4.99
990,330,3,4.0,30.0,162.5,5.0,60.0,4.94
991,331,1,4.0,30.0,162.5,7.5,20.0,4.319
992,331,2,4.0,30.0,162.5,7.5,20.0,4.489
993,331,3,4.0,30.0,162.5,7.5,20.0,4.577
994,332,1,4.0,30.0,162.5,7.5,30.0,5.393
995,332,2,4.0,30.0,162.5,7.5,30.0,4.994
996,332,3,4.0,30.0,162.5,7.5,30.0,5.124
997,333,1,4.0,30.0,162.5,7.5,40.0,5.84
998,333,2,4.0,30.0,162.5,7.5,40.0,5.659
999,333,3,4.0,30.0,162.5,7.5,40.0,5.662
1000,334,1,4.0,30.0,162.5,7.5,50.0,6.106
1001,334,2,4.0,30.0,162.5,7.5,50.0,5.858
1002,334,3,4.0,30.0,162.5,7.5,50.0,5.671
1003,335,1,4.0,30.0,162.5,7.5,60.0,5.659
1004,335,2,4.0,30.0,162.5,7.5,60.0,5.952
1005,335,3,4.0,30.0,162.5,7.5,60.0,5.776
1006,336,1,4.0,30.0,162.5,10.0,20.0,4.57
1007,336,2,4.0,30.0,162.5,10.0,20.0,4.663
1008,336,3,4.0,30.0,162.5,10.0,20.0,4.37
1009,337,1,4.0,30.0,162.5,10.0,30.0,5.637
1010,337,2,4.0,30.0,162.5,10.0,30.0,5.531
1011,337,3,4.0,30.0,162.5,10.0,30.0,5.079
1012,338,1,4.0,30.0,162.5,10.0,40.0,6.429
1013,338,2,4.0,30.0,162.5,10.0,40.0,5.885
1014,338,3,4.0,30.0,162.5,10.0,40.0,5.562
1015,339,1,4.0,30.0,162.5,10.0,50.0,5.982
1016,339,2,4.0,30.0,162.5,10.0,50.0,5.989
1017,339,3,4.0,30.0,162.5,10.0,50.0,6.29
1018,340,1,4.0,30.0,162.5,10.0,60.0,6.098
1019,340,2,4.0,30.0,162.5,10.0,60.0,6.081
1020,340,3,4.0,30.0,162.5,10.0,60.0,6.349
1021,341,1,4.0,30.0,162.5,12.5,20.0,4.67
1022,341,2,4.0,30.0,162.5,12.5,20.0,4.663
1023,341,3,4.0,30.0,162.5,12.5,20.0,4.69
1024,342,1,4.0,30.0,162.5,12.5,30.0,5.698
1025,342,2,4.0,30.0,162.5,12.5,30.0,4.935
1026,342,3,4.0,30.0,162.5,12.5,30.0,5.423
1027,343,1,4.0,30.0,162.5,12.5,40.0,5.515
1028,343,2,4.0,30.0,162.5,12.5,40.0,6.135
1029,343,3,4.0,30.0,162.5,12.5,40.0,6.124
1030,344,1,4.0,30.0,162.5,12.5,50.0,6.668
1031,344,2,4.0,30.0,162.5,12.5,50.0,6.708
1032,344,3,4.0,30.0,162.5,12.5,50.0,6.432
1033,345,1,4.0,30.0,162.5,12.5,60.0,6.135
1034,345,2,4.0,30.0,162.5,12.5,60.0,6.411
1035,345,3,4.0,30.0,162.5,12.5,60.0,6.127
1036,346,1,4.0,30.0,162.5,15.0,20.0,4.375
1037,346,2,4.0,30.0,162.5,15.0,20.0,4.651
1038,346,3,4.0,30.0,162.5,15.0,20.0,4.219
1039,347,1,4.0,30.0,162.5,15.0,30.0,5.551
1040,347,2,4.0,30.0,162.5,15.0,30.0,5.515
1041,347,3,4.0,30.0,162.5,15.0,30.0,5.058
1042,348,1,4.0,30.0,162.5,15.0,40.0,6.198
1043,348,2,4.0,30.0,162.5,15.0,40.0,6.121
1044,348,3,4.0,30.0,162.5,15.0,40.0,5.954
1045,349,1,4.0,30.0,162.5,15.0,50.0,5.962
1046,349,2,4.0,30.0,162.5,15.0,50.0,5.934
1047,349,3,4.0,30.0,162.5,15.0,50.0,6.024
1048,350,1,4.0,30.0,162.5,15.0,60.0,6.227
1049,350,2,4.0,30.0,162.5,15.0,60.0,5.807
1050,350,3,4.0,30.0,162.5,15.0,60.0,6.198
1051,351,1,4.0,30.0,200.0,5.0,20.0,2.352
1052,351,2,4.0,30.0,200.0,5.0,20.0,2.643
1053,351,3,4.0,30.0,200.0,5.0,20.0,2.731
1054,352,1,4.0,30.0,200.0,5.0,30.0,4.41
1055,352,2,4.0,30.0,200.0,5.0,30.0,3.339
1056,352,3,4.0,30.0,200.0,5.0,30.0,4.137
1057,353,1,4.0,30.0,200.0,5.0,40.0,4.442
1058,353,2,4.0,30.0,200.0,5.0,40.0,4.515
1059,353,3,4.0,30.0,200.0,5.0,40.0,4.433
1060,354,1,4.0,30.0,200.0,5.0,50.0,4.85
1061,354,2,4.0,30.0,200.0,5.0,50.0,4.682
1062,354,3,4.0,30.0,200.0,5.0,50.0,5.132
1063,355,1,4.0,30.0,200.0,5.0,60.0,4.572
1064,355,2,4.0,30.0,200.0,5.0,60.0,5.017
1065,355,3,4.0,30.0,200.0,5.0,60.0,4.52
1066,356,1,4.0,30.0,200.0,7.5,20.0,3.383
1067,356,2,4.0,30.0,200.0,7.5,20.0,3.1
1068,356,3,4.0,30.0,200.0,7.5,20.0,3.527
1069,357,1,4.0,30.0,200.0,7.5,30.0,4.83
1070,357,2,4.0,30.0,200.0,7.5,30.0,4.403
1071,357,3,4.0,30.0,200.0,7.5,30.0,4.37
1072,358,1,4.0,30.0,200.0,7.5,40.0,4.788
1073,358,2,4.0,30.0,200.0,7.5,40.0,5.036
1074,358,3,4.0,30.0,200.0,7.5,40.0,4.654
1075,359,1,4.0,30.0,200.0,7.5,50.0,5.169
1076,359,2,4.0,30.0,200.0,7.5,50.0,5.489
1077,359,3,4.0,30.0,200.0,7.5,50.0,5.794
1078,360,1,4.0,30.0,200.0,7.5,60.0,6.187
1079,360,2,4.0,30.0,200.0,7.5,60.0,5.236
1080,360,3,4.0,30.0,200.0,7.5,60.0,5.802
1081,361,1,4.0,30.0,200.0,10.0,20.0,3.868
1082,361,2,4.0,30.0,200.0,10.0,20.0,3.758
1083,361,3,4.0,30.0,200.0,10.0,20.0,3.921
1084,362,1,4.0,30.0,200.0,10.0,30.0,4.842
1085,362,2,4.0,30.0,200.0,10.0,30.0,4.856
1086,362,3,4.0,30.0,200.0,10.0,30.0,4.711
1087,363,1,4.0,30.0,200.0,10.0,40.0,5.109
1088,363,2,4.0,30.0,200.0,10.0,40.0,5.068
1089,363,3,4.0,30.0,200.0,10.0,40.0,5.683
1090,364,1,4.0,30.0,200.0,10.0,50.0,5.748
1091,364,2,4.0,30.0,200.0,10.0,50.0,5.658
1092,364,3,4.0,30.0,200.0,10.0,50.0,5.827
1093,365,1,4.0,30.0,200.0,10.0,60.0,6.023
1094,365,2,4.0,30.0,200.0,10.0,60.0,5.851
1095,365,3,4.0,30.0,200.0,10.0,60.0,5.616
1096,366,1,4.0,30.0,200.0,12.5,20.0,4.243
1097,366,2,4.0,30.0,200.0,12.5,20.0,4.342
1098,366,3,4.0,30.0,200.0,12.5,20.0,4.038
1099,367,1,4.0,30.0,200.0,12.5,30.0,5.198
1100,367,2,4.0,30.0,200.0,12.5,30.0,5.273
1101,367,3,4.0,30.0,200.0,12.5,30.0,5.241
1102,368,1,4.0,30.0,200.0,12.5,40.0,5.772
1103,368,2,4.0,30.0,200.0,12.5,40.0,5.768
1104,368,3,4.0,30.0,200.0,12.5,40.0,5.746
1105,369,1,4.0,30.0,200.0,12.5,50.0,5.618
1106,369,2,4.0,30.0,200.0,12.5,50.0,6.121
1107,369,3,4.0,30.0,200.0,12.5,50.0,5.545
1108,370,1,4.0,30.0,200.0,12.5,60.0,5.678
1109,370,2,4.0,30.0,200.0,12.5,60.0,6.265
1110,370,3,4.0,30.0,200.0,12.5,60.0,6.135
1111,371,1,4.0,30.0,200.0,15.0,20.0,4.116
1112,371,2,4.0,30.0,200.0,15.0,20.0,3.624
1113,371,3,4.0,30.0,200.0,15.0,20.0,3.377
1114,372,1,4.0,30.0,200.0,15.0,30.0,4.658
1115,372,2,4.0,30.0,200.0,15.0,30.0,4.754
1116,372,3,4.0,30.0,200.0,15.0,30.0,4.747
1117,373,1,4.0,30.0,200.0,15.0,40.0,5.717
1118,373,2,4.0,30.0,200.0,15.0,40.0,5.299
1119,373,3,4.0,30.0,200.0,15.0,40.0,5.499
1120,374,1,4.0,30.0,200.0,15.0,50.0,5.448
1121,374,2,4.0,30.0,200.0,15.0,50.0,5.851
1122,374,3,4.0,30.0,200.0,15.0,50.0,5.726
1123,375,1,4.0,30.0,200.0,15.0,60.0,5.49
1124,375,2,4.0,30.0,200.0,15.0,60.0,5.634
1125,375,3,4.0,30.0,200.0,15.0,60.0,5.648
1126,376,1,4.0,32.5,50.0,5.0,20.0,3.549
1127,376,2,4.0,32.5,50.0,5.0,20.0,4.121
1128,376,3,4.0,32.5,50.0,5.0,20.0,3.597
1129,377,1,4.0,32.5,50.0,5.0,30.0,4.282
1130,377,2,4.0,32.5,50.0,5.0,30.0,3.763
1131,377,3,4.0,32.5,50.0,5.0,30.0,4.1
1132,378,1,4.0,32.5,50.0,5.0,40.0,4.651
1133,378,2,4.0,32.5,50.0,5.0,40.0,4.533
1134,378,3,4.0,32.5,50.0,5.0,40.0,5.112
1135,379,1,4.0,32.5,50.0,5.0,50.0,4.704
1136,379,2,4.0,32.5,50.0,5.0,50.0,5.111
1137,379,3,4.0,32.5,50.0,5.0,50.0,4.767
1138,380,1,4.0,32.5,50.0,5.0,60.0,4.435
1139,380,2,4.0,32.5,50.0,5.0,60.0,4.4
1140,380,3,4.0,32.5,50.0,5.0,60.0,4.426
1141,381,1,4.0,32.5,50.0,7.5,20.0,4.806
1142,381,2,4.0,32.5,50.0,7.5,20.0,3.676
1143,381,3,4.0,32.5,50.0,7.5,20.0,3.765
1144,382,1,4.0,32.5,50.0,7.5,30.0,4.898
1145,382,2,4.0,32.5,50.0,7.5,30.0,5.054
1146,382,3,4.0,32.5,50.0,7.5,30.0,5.243
1147,383,1,4.0,32.5,50.0,7.5,40.0,5.557
1148,383,2,4.0,32.5,50.0,7.5,40.0,5.317
1149,383,3,4.0,32.5,50.0,7.5,40.0,5.71
1150,384,1,4.0,32.5,50.0,7.5,50.0,5.738
1151,384,2,4.0,32.5,50.0,7.5,50.0,5.502
1152,384,3,4.0,32.5,50.0,7.5,50.0,5.72
1153,385,1,4.0,32.5,50.0,7.5,60.0,5.201
1154,385,2,4.0,32.5,50.0,7.5,60.0,4.968
1155,385,3,4.0,32.5,50.0,7.5,60.0,5.32
1156,386,1,4.0,32.5,50.0,10.0,20.0,4.756
1157,386,2,4.0,32.5,50.0,10.0,20.0,4.725
1158,386,3,4.0,32.5,50.0,10.0,20.0,5.137
1159,387,1,4.0,32.5,50.0,10.0,30.0,4.764
1160,387,2,4.0,32.5,50.0,10.0,30.0,5.053
1161,387,3,4.0,32.5,50.0,10.0,30.0,5.118
1162,388,1,4.0,32.5,50.0,10.0,40.0,5.723
1163,388,2,4.0,32.5,50.0,10.0,40.0,5.754
1164,388,3,4.0,32.5,50.0,10.0,40.0,5.403
1165,389,1,4.0,32.5,50.0,10.0,50.0,5.574
1166,389,2,4.0,32.5,50.0,10.0,50.0,5.609
1167,389,3,4.0,32.5,50.0,10.0,50.0,6.538
1168,390,1,4.0,32.5,50.0,10.0,60.0,6.029
1169,390,2,4.0,32.5,50.0,10.0,60.0,5.41
1170,390,3,4.0,32.5,50.0,10.0,60.0,5.423
1171,391,1,4.0,32.5,50.0,12.5,20.0,4.503
1172,391,2,4.0,32.5,50.0,12.5,20.0,4.291
1173,391,3,4.0,32.5,50.0,12.5,20.0,4.792
1174,392,1,4.0,32.5,50.0,12.5,30.0,5.271
1175,392,2,4.0,32.5,50.0,12.5,30.0,5.526
1176,392,3,4.0,32.5,50.0,12.5,30.0,5.102
1177,393,1,4.0,32.5,50.0,12.5,40.0,5.712
1178,393,2,4.0,32.5,50.0,12.5,40.0,5.967
1179,393,3,4.0,32.5,50.0,12.5,40.0,6.028
1180,394,1,4.0,32.5,50.0,12.5,50.0,6.067
1181,394,2,4.0,32.5,50.0,12.5,50.0,5.58
1182,394,3,4.0,32.5,50.0,12.5,50.0,6.189
1183,395,1,4.0,32.5,50.0,12.5,60.0,5.401
1184,395,2,4.0,32.5,50.0,12.5,60.0,5.802
1185,395,3,4.0,32.5,50.0,12.5,60.0,5.622
1186,396,1,4.0,32.5,50.0,15.0,20.0,4.24
1187,396,2,4.0,32.5,50.0,15.0,20.0,4.536
1188,396,3,4.0,32.5,50.0,15.0,20.0,4.727
1189,397,1,4.0,32.5,50.0,15.0,30.0,5.522
1190,397,2,4.0,32.5,50.0,15.0,30.0,5.311
1191,397,3,4.0,32.5,50.0,15.0,30.0,5.779
1192,398,1,4.0,32.5,50.0,15.0,40.0,6.007
1193,398,2,4.0,32.5,50.0,15.0,40.0,5.653
1194,398,3,4.0,32.5,50.0,15.0,40.0,5.935
1195,399,1,4.0,32.5,50.0,15.0,50.0,6.291
1196,399,2,4.0,32.5,50.0,15.0,50.0,6.299
1197,399,3,4.0,32.5,50.0,15.0,50.0,5.406
1198,400,1,4.0,32.5,50.0,15.0,60.0,5.166
1199,400,2,4.0,32.5,50.0,15.0,60.0,5.841
1200,400,3,4.0,32.5,50.0,15.0,60.0,5.129
1201,401,1,4.0,32.5,87.5,5.0,20.0,3.33
1202,401,2,4.0,32.5,87.5,5.0,20.0,3.564
1203,401,3,4.0,32.5,87.5,5.0,20.0,3.818
1204,402,1,4.0,32.5,87.5,5.0,30.0,4.471
1205,402,2,4.0,32.5,87.5,5.0,30.0,4.318
1206,402,3,4.0,32.5,87.5,5.0,30.0,4.311
1207,403,1,4.0,32.5,87.5,5.0,40.0,4.751
1208,403,2,4.0,32.5,87.5,5.0,40.0,4.704
1209,403,3,4.0,32.5,87.5,5.0,40.0,5.589
1210,404,1,4.0,32.5,87.5,5.0,50.0,5.133
1211,404,2,4.0,32.5,87.5,5.0,50.0,5.298
1212,404,3,4.0,32.5,87.5,5.0,50.0,4.913
1213,405,1,4.0,32.5,87.5,5.0,60.0,4.748
1214,405,2,4.0,32.5,87.5,5.0,60.0,4.6
1215,405,3,4.0,32.5,87.5,5.0,60.0,4.058
1216,406,1,4.0,32.5,87.5,7.5,20.0,4.014
1217,406,2,4.0,32.5,87.5,7.5,20.0,3.893
1218,406,3,4.0,32.5,87.5,7.5,20.0,3.77
1219,407,1,4.0,32.5,87.5,7.5,30.0,4.865
1220,407,2,4.0,32.5,87.5,7.5,30.0,5.571
1221,407,3,4.0,32.5,87.5,7.5,30.0,5.188
1222,408,1,4.0,32.5,87.5,7.5,40.0,6.011
1223,408,2,4.0,32.5,87.5,7.5,40.0,5.765
1224,408,3,4.0,32.5,87.5,7.5,40.0,5.869
1225,409,1,4.0,32.5,87.5,7.5,50.0,5.498
1226,409,2,4.0,32.5,87.5,7.5,50.0,5.897
1227,409,3,4.0,32.5,87.5,7.5,50.0,5.954
1228,410,1,4.0,32.5,87.5,7.5,60.0,5.339
1229,410,2,4.0,32.5,87.5,7.5,60.0,5.657
1230,410,3,4.0,32.5,87.5,7.5,60.0,5.659
1231,411,1,4.0,32.5,87.5,10.0,20.0,4.646
1232,411,2,4.0,32.5,87.5,10.0,20.0,4.486
1233,411,3,4.0,32.5,87.5,10.0,20.0,4.468
1234,412,1,4.0,32.5,87.5,10.0,30.0,5.624
1235,412,2,4.0,32.5,87.5,10.0,30.0,5.692
1236,412,3,4.0,32.5,87.5,10.0,30.0,5.378
1237,413,1,4.0,32.5,87.5,10.0,40.0,6.057
1238,413,2,4.0,32.5,87.5,10.0,40.0,6.21
1239,413,3,4.0,32.5,87.5,10.0,40.0,6.223
1240,414,1,4.0,32.5,87.5,10.0,50.0,6.585
1241,414,2,4.0,32.5,87.5,10.0,50.0,6.508
1242,414,3,4.0,32.5,87.5,10.0,50.0,5.87
1243,415,1,4.0,32.5,87.5,10.0,60.0,6.371
1244,415,2,4.0,32.5,87.5,10.0,60.0,5.751
1245,415,3,4.0,32.5,87.5,10.0,60.0,6.193
1246,416,1,4.0,32.5,87.5,12.5,20.0,4.919
1247,416,2,4.0,32.5,87.5,12.5,20.0,4.785
1248,416,3,4.0,32.5,87.5,12.5,20.0,4.394
1249,417,1,4.0,32.5,87.5,12.5,30.0,5.652
1250,417,2,4.0,32.5,87.5,12.5,30.0,5.263
1251,417,3,4.0,32.5,87.5,12.5,30.0,5.971
1252,418,1,4.0,32.5,87.5,12.5,40.0,6.575
1253,418,2,4.0,32.5,87.5,12.5,40.0,5.927
1254,418,3,4.0,32.5,87.5,12.5,40.0,6.235
1255,419,1,4.0,32.5,87.5,12.5,50.0,6.047
1256,419,2,4.0,32.5,87.5,12.5,50.0,6.074
1257,419,3,4.0,32.5,87.5,12.5,50.0,6.467
1258,420,1,4.0,32.5,87.5,12.5,60.0,5.989
1259,420,2,4.0,32.5,87.5,12.5,60.0,6.487
1260,420,3,4.0,32.5,87.5,12.5,60.0,5.865
1261,421,1,4.0,32.5,87.5,15.0,20.0,4.98
1262,421,2,4.0,32.5,87.5,15.0,20.0,4.727
1263,421,3,4.0,32.5,87.5,15.0,20.0,4.923
1264,422,1,4.0,32.5,87.5,15.0,30.0,5.375
1265,422,2,4.0,32.5,87.5,15.0,30.0,5.486
1266,422,3,4.0,32.5,87.5,15.0,30.0,5.468
1267,423,1,4.0,32.5,87.5,15.0,40.0,5.716
1268,423,2,4.0,32.5,87.5,15.0,40.0,6.135
1269,423,3,4.0,32.5,87.5,15.0,40.0,6.132
1270,424,1,4.0,32.5,87.5,15.0,50.0,6.216
1271,424,2,4.0,32.5,87.5,15.0,50.0,6.48
1272,424,3,4.0,32.5,87.5,15.0,50.0,6.456
1273,425,1,4.0,32.5,87.5,15.0,60.0,5.695
1274,425,2,4.0,32.5,87.5,15.0,60.0,5.904
1275,425,3,4.0,32.5,87.5,15.0,60.0,5.625
1276,426,1,4.0,32.5,125.0,5.0,20.0,3.532
1277,426,2,4.0,32.5,125.0,5.0,20.0,3.357
1278,426,3,4.0,32.5,125.0,5.0,20.0,3.979
1279,427,1,4.0,32.5,125.0,5.0,30.0,4.502
1280,427,2,4.0,32.5,125.0,5.0,30.0,4.339
1281,427,3,4.0,32.5,125.0,5.0,30.0,4.734
1282,428,1,4.0,32.5,125.0,5.0,40.0,4.317
1283,428,2,4.0,32.5,125.0,5.0,40.0,4.361
1284,428,3,4.0,32.5,125.0,5.0,40.0,5.148
1285,429,1,4.0,32.5,125.0,5.0,50.0,5.117
1286,429,2,4.0,32.5,125.0,5.0,50.0,5.17
1287,429,3,4.0,32.5,125.0,5.0,50.0,4.729
1288,430,1,4.0,32.5,125.0,5.0,60.0,4.918
1289,430,2,4.0,32.5,125.0,5.0,60.0,5.486
1290,430,3,4.0,32.5,125.0,5.0,60.0,5.156
1291,431,1,4.0,32.5,125.0,7.5,20.0,4.273
1292,431,2,4.0,32.5,125.0,7.5,20.0,4.102
1293,431,3,4.0,32.5,125.0,7.5,20.0,4.115
1294,432,1,4.0,32.5,125.0,7.5,30.0,4.504
1295,432,2,4.0,32.5,125.0,7.5,30.0,5.172
1296,432,3,4.0,32.5,125.0,7.5,30.0,5.337
1297,433,1,4.0,32.5,125.0,7.5,40.0,5.184
1298,433,2,4.0,32.5,125.0,7.5,40.0,5.44
1299,433,3,4.0,32.5,125.0,7.5,40.0,5.301
1300,434,1,4.0,32.5,125.0,7.5,50.0,5.53
1301,434,2,4.0,32.5,125.0,7.5,50.0,5.815
1302,434,3,4.0,32.5,125.0,7.5,50.0,5.216
1303,435,1,4.0,32.5,125.0,7.5,60.0,5.797
1304,435,2,4.0,32.5,125.0,7.5,60.0,5.836
1305,435,3,4.0,32.5,125.0,7.5,60.0,5.555
1306,436,1,4.0,32.5,125.0,10.0,20.0,3.93
1307,436,2,4.0,32.5,125.0,10.0,20.0,4.346
1308,436,3,4.0,32.5,125.0,10.0,20.0,4.97
1309,437,1,4.0,32.5,125.0,10.0,30.0,4.722
1310,437,2,4.0,32.5,125.0,10.0,30.0,5.403
1311,437,3,4.0,32.5,125.0,10.0,30.0,5.17
1312,438,1,4.0,32.5,125.0,10.0,40.0,6.25
1313,438,2,4.0,32.5,125.0,10.0,40.0,5.836
1314,438,3,4.0,32.5,125.0,10.0,40.0,6.138
1315,439,1,4.0,32.5,125.0,10.0,50.0,6.358
1316,439,2,4.0,32.5,125.0,10.0,50.0,6.714
1317,439,3,4.0,32.5,125.0,10.0,50.0,6.143
1318,440,1,4.0,32.5,125.0,10.0,60.0,6.13
1319,440,2,4.0,32.5,125.0,10.0,60.0,5.609
1320,440,3,4.0,32.5,125.0,10.0,60.0,6.358
1321,441,1,4.0,32.5,125.0,12.5,20.0,4.512
1322,441,2,4.0,32.5,125.0,12.5,20.0,4.568
1323,441,3,4.0,32.5,125.0,12.5,20.0,4.719
1324,442,1,4.0,32.5,125.0,12.5,30.0,5.162
1325,442,2,4.0,32.5,125.0,12.5,30.0,5.664
1326,442,3,4.0,32.5,125.0,12.5,30.0,5.871
1327,443,1,4.0,32.5,125.0,12.5,40.0,6.207
1328,443,2,4.0,32.5,125.0,12.5,40.0,5.68
1329,443,3,4.0,32.5,125.0,12.5,40.0,6.09
1330,444,1,4.0,32.5,125.0,12.5,50.0,6.508
1331,444,2,4.0,32.5,125.0,12.5,50.0,5.774
1332,444,3,4.0,32.5,125.0,12.5,50.0,5.999
1333,445,1,4.0,32.5,125.0,12.5,60.0,6.37
1334,445,2,4.0,32.5,125.0,12.5,60.0,6.201
1335,445,3,4.0,32.5,125.0,12.5,60.0,6.24
1336,446,1,4.0,32.5,125.0,15.0,20.0,5.046
1337,446,2,4.0,32.5,125.0,15.0,20.0,4.656
1338,446,3,4.0,32.5,125.0,15.0,20.0,4.709
1339,447,1,4.0,32.5,125.0,15.0,30.0,6.159
1340,447,2,4.0,32.5,125.0,15.0,30.0,5.34
1341,447,3,4.0,32.5,125.0,15.0,30.0,5.177
1342,448,1,4.0,32.5,125.0,15.0,40.0,6.045
1343,448,2,4.0,32.5,125.0,15.0,40.0,6.048
1344,448,3,4.0,32.5,125.0,15.0,40.0,5.778
1345,449,1,4.0,32.5,125.0,15.0,50.0,5.811
1346,449,2,4.0,32.5,125.0,15.0,50.0,6.747
1347,449,3,4.0,32.5,125.0,15.0,50.0,6.192
1348,450,1,4.0,32.5,125.0,15.0,60.0,5.72
1349,450,2,4.0,32.5,125.0,15.0,60.0,6.181
1350,450,3,4.0,32.5,125.0,15.0,60.0,5.894
1351,451,1,4.0,32.5,162.5,5.0,20.0,3.029
1352,451,2,4.0,32.5,162.5,5.0,20.0,3.257
1353,451,3,4.0,32.5,162.5,5.0,20.0,2.738
1354,452,1,4.0,32.5,162.5,5.0,30.0,4.149
1355,452,2,4.0,32.5,162.5,5.0,30.0,4.586
1356,452,3,4.0,32.5,162.5,5.0,30.0,4.181
1357,453,1,4.0,32.5,162.5,5.0,40.0,4.545
1358,453,2,4.0,32.5,162.5,5.0,40.0,4.508
1359,453,3,4.0,32.5,162.5,5.0,40.0,4.535
1360,454,1,4.0,32.5,162.5,5.0,50.0,4.829
1361,454,2,4.0,32.5,162.5,5.0,50.0,4.794
1362,454,3,4.0,32.5,162.5,5.0,50.0,5.157
1363,455,1,4.0,32.5,162.5,5.0,60.0,4.315
1364,455,2,4.0,32.5,162.5,5.0,60.0,5.041
1365,455,3,4.0,32.5,162.5,5.0,60.0,4.694
1366,456,1,4.0,32.5,162.5,7.5,20.0,3.906
1367,456,2,4.0,32.5,162.5,7.5,20.0,3.484
1368,456,3,4.0,32.5,162.5,7.5,20.0,4.172
1369,457,1,4.0,32.5,162.5,7.5,30.0,5.099
1370,457,2,4.0,32.5,162.5,7.5,30.0,5.019
1371,457,3,4.0,32.5,162.5,7.5,30.0,4.326
1372,458,1,4.0,32.5,162.5,7.5,40.0,5.582
1373,458,2,4.0,32.5,162.5,7.5,40.0,5.463
1374,458,3,4.0,32.5,162.5,7.5,40.0,4.901
1375,459,1,4.0,32.5,162.5,7.5,50.0,5.593
1376,459,2,4.0,32.5,162.5,7.5,50.0,5.702
1377,459,3,4.0,32.5,162.5,7.5,50.0,5.756
1378,460,1,4.0,32.5,162.5,7.5,60.0,5.55
1379,460,2,4.0,32.5,162.5,7.5,60.0,5.582
1380,460,3,4.0,32.5,162.5,7.5,60.0,5.913
1381,461,1,4.0,32.5,162.5,10.0,20.0,4.543
1382,461,2,4.0,32.5,162.5,10.0,20.0,3.397
1383,461,3,4.0,32.5,162.5,10.0,20.0,4.111
1384,462,1,4.0,32.5,162.5,10.0,30.0,5.104
1385,462,2,4.0,32.5,162.5,10.0,30.0,4.659
1386,462,3,4.0,32.5,162.5,10.0,30.0,5.176
1387,463,1,4.0,32.5,162.5,10.0,40.0,6.1
1388,463,2,4.0,32.5,162.5,10.0,40.0,5.446
1389,463,3,4.0,32.5,162.5,10.0,40.0,5.844
1390,464,1,4.0,32.5,162.5,10.0,50.0,5.744
1391,464,2,4.0,32.5,162.5,10.0,50.0,5.812
1392,464,3,4.0,32.5,162.5,10.0,50.0,6.414
1393,465,1,4.0,32.5,162.5,10.0,60.0,5.748
1394,465,2,4.0,32.5,162.5,10.0,60.0,6.029
1395,465,3,4.0,32.5,162.5,10.0,60.0,5.376
1396,466,1,4.0,32.5,162.5,12.5,20.0,4.821
1397,466,2,4.0,32.5,162.5,12.5,20.0,4.469
1398,466,3,4.0,32.5,162.5,12.5,20.0,4.249
1399,467,1,4.0,32.5,162.5,12.5,30.0,5.411
1400,467,2,4.0,32.5,162.5,12.5,30.0,4.855
1401,467,3,4.0,32.5,162.5,12.5,30.0,5.581
1402,468,1,4.0,32.5,162.5,12.5,40.0,5.759
1403,468,2,4.0,32.5,162.5,12.5,40.0,5.793
1404,468,3,4.0,32.5,162.5,12.5,40.0,5.712
1405,469,1,4.0,32.5,162.5,12.5,50.0,5.937
1406,469,2,4.0,32.5,162.5,12.5,50.0,6.295
1407,469,3,4.0,32.5,162.5,12.5,50.0,6.172
1408,470,1,4.0,32.5,162.5,12.5,60.0,6.182
1409,470,2,4.0,32.5,162.5,12.5,60.0,5.998
1410,470,3,4.0,32.5,162.5,12.5,60.0,6.144
1411,471,1,4.0,32.5,162.5,15.0,20.0,3.983
1412,471,2,4.0,32.5,162.5,15.0,20.0,4.724
1413,471,3,4.0,32.5,162.5,15.0,20.0,3.661
1414,472,1,4.0,32.5,162.5,15.0,30.0,5.403
1415,472,2,4.0,32.5,162.5,15.0,30.0,5.433
1416,472,3,4.0,32.5,162.5,15.0,30.0,4.811
1417,473,1,4.0,32.5,162.5,15.0,40.0,6.274
1418,473,2,4.0,32.5,162.5,15.0,40.0,5.929
1419,473,3,4.0,32.5,162.5,15.0,40.0,5.922
1420,474,1,4.0,32.5,162.5,15.0,50.0,5.908
1421,474,2,4.0,32.5,162.5,15.0,50.0,5.839
1422,474,3,4.0,32.5,162.5,15.0,50.0,5.841
1423,475,1,4.0,32.5,162.5,15.0,60.0,5.909
1424,475,2,4.0,32.5,162.5,15.0,60.0,6.192
1425,475,3,4.0,32.5,162.5,15.0,60.0,5.851
1426,476,1,4.0,32.5,200.0,5.0,20.0,2.17
1427,476,2,4.0,32.5,200.0,5.0,20.0,2.656
1428,476,3,4.0,32.5,200.0,5.0,20.0,2.683
1429,477,1,4.0,32.5,200.0,5.0,30.0,3.633
1430,477,2,4.0,32.5,200.0,5.0,30.0,3.659
1431,477,3,4.0,32.5,200.0,5.0,30.0,3.374
1432,478,1,4.0,32.5,200.0,5.0,40.0,3.865
1433,478,2,4.0,32.5,200.0,5.0,40.0,3.882
1434,478,3,4.0,32.5,200.0,5.0,40.0,3.667
1435,479,1,4.0,32.5,200.0,5.0,50.0,4.516
1436,479,2,4.0,32.5,200.0,5.0,50.0,4.427
1437,479,3,4.0,32.5,200.0,5.0,50.0,4.327
1438,480,1,4.0,32.5,200.0,5.0,60.0,3.597
1439,480,2,4.0,32.5,200.0,5.0,60.0,4.076
1440,480,3,4.0,32.5,200.0,5.0,60.0,4.739
1441,481,1,4.0,32.5,200.0,7.5,20.0,2.939
1442,481,2,4.0,32.5,200.0,7.5,20.0,3.226
1443,481,3,4.0,32.5,200.0,7.5,20.0,2.736
1444,482,1,4.0,32.5,200.0,7.5,30.0,4.553
1445,482,2,4.0,32.5,200.0,7.5,30.0,4.11
1446,482,3,4.0,32.5,200.0,7.5,30.0,4.231
1447,483,1,4.0,32.5,200.0,7.5,40.0,5.476
1448,483,2,4.0,32.5,200.0,7.5,40.0,5.25
1449,483,3,4.0,32.5,200.0,7.5,40.0,4.739
1450,484,1,4.0,32.5,200.0,7.5,50.0,4.984
1451,484,2,4.0,32.5,200.0,7.5,50.0,5.059
1452,484,3,4.0,32.5,200.0,7.5,50.0,5.293
1453,485,1,4.0,32.5,200.0,7.5,60.0,5.096
1454,485,2,4.0,32.5,200.0,7.5,60.0,5.014
1455,485,3,4.0,32.5,200.0,7.5,60.0,5.536
1456,486,1,4.0,32.5,200.0,10.0,20.0,3.493
1457,486,2,4.0,32.5,200.0,10.0,20.0,4.169
1458,486,3,4.0,32.5,200.0,10.0,20.0,3.55
1459,487,1,4.0,32.5,200.0,10.0,30.0,5.05
1460,487,2,4.0,32.5,200.0,10.0,30.0,4.65
1461,487,3,4.0,32.5,200.0,10.0,30.0,4.82
1462,488,1,4.0,32.5,200.0,10.0,40.0,5.022
1463,488,2,4.0,32.5,200.0,10.0,40.0,4.986
1464,488,3,4.0,32.5,200.0,10.0,40.0,5.354
1465,489,1,4.0,32.5,200.0,10.0,50.0,5.827
1466,489,2,4.0,32.5,200.0,10.0,50.0,5.561
1467,489,3,4.0,32.5,200.0,10.0,50.0,5.19
1468,490,1,4.0,32.5,200.0,10.0,60.0,5.144
1469,490,2,4.0,32.5,200.0,10.0,60.0,5.125
1470,490,3,4.0,32.5,200.0,10.0,60.0,5.03
1471,491,1,4.0,32.5,200.0,12.5,20.0,3.656
1472,491,2,4.0,32.5,200.0,12.5,20.0,3.94
1473,491,3,4.0,32.5,200.0,12.5,20.0,3.621
1474,492,1,4.0,32.5,200.0,12.5,30.0,4.017
1475,492,2,4.0,32.5,200.0,12.5,30.0,4.597
1476,492,3,4.0,32.5,200.0,12.5,30.0,4.604
1477,493,1,4.0,32.5,200.0,12.5,40.0,5.912
1478,493,2,4.0,32.5,200.0,12.5,40.0,4.917
1479,493,3,4.0,32.5,200.0,12.5,40.0,5.216
1480,494,1,4.0,32.5,200.0,12.5,50.0,6.128
1481,494,2,4.0,32.5,200.0,12.5,50.0,5.776
1482,494,3,4.0,32.5,200.0,12.5,50.0,5.808
1483,495,1,4.0,32.5,200.0,12.5,60.0,5.657
1484,495,2,4.0,32.5,200.0,12.5,60.0,5.717
1485,495,3,4.0,32.5,200.0,12.5,60.0,5.843
1486,496,1,4.0,32.5,200.0,15.0,20.0,3.198
1487,496,2,4.0,32.5,200.0,15.0,20.0,3.671
1488,496,3,4.0,32.5,200.0,15.0,20.0,3.041
1489,497,1,4.0,32.5,200.0,15.0,30.0,4.542
1490,497,2,4.0,32.5,200.0,15.0,30.0,4.5
1491,497,3,4.0,32.5,200.0,15.0,30.0,4.277
1492,498,1,4.0,32.5,200.0,15.0,40.0,5.119
1493,498,2,4.0,32.5,200.0,15.0,40.0,4.951
1494,498,3,4.0,32.5,200.0,15.0,40.0,4.825
1495,499,1,4.0,32.5,200.0,15.0,50.0,5.351
1496,499,2,4.0,32.5,200.0,15.0,50.0,5.141
1497,499,3,4.0,32.5,200.0,15.0,50.0,5.54
1498,500,1,4.0,32.5,200.0,15.0,60.0,5.103
1499,500,2,4.0,32.5,200.0,15.0,60.0,5.624
1500,500,3,4.0,32.5,200.0,15.0,60.0,5.094
1501,501,1,4.0,35.0,50.0,5.0,20.0,2.791
1502,501,2,4.0,35.0,50.0,5.0,20.0,2.775
1503,501,3,4.0,35.0,50.0,5.0,20.0,3.321
1504,502,1,4.0,35.0,50.0,5.0,30.0,3.767
1505,502,2,4.0,35.0,50.0,5.0,30.0,3.616
1506,502,3,4.0,35.0,50.0,5.0,30.0,3.815
1507,503,1,4.0,35.0,50.0,5.0,40.0,3.46
1508,503,2,4.0,35.0,50.0,5.0,40.0,4.038
1509,503,3,4.0,35.0,50.0,5.0,40.0,4.609
1510,504,1,4.0,35.0,50.0,5.0,50.0,4.112
1511,504,2,4.0,35.0,50.0,5.0,50.0,4.094
1512,504,3,4.0,35.0,50.0,5.0,50.0,4.228
1513,505,1,4.0,35.0,50.0,5.0,60.0,4.001
1514,505,2,4.0,35.0,50.0,5.0,60.0,3.191
1515,505,3,4.0,35.0,50.0,5.0,60.0,3.279
1516,506,1,4.0,35.0,50.0,7.5,20.0,3.709
1517,506,2,4.0,35.0,50.0,7.5,20.0,3.45
1518,506,3,4.0,35.0,50.0,7.5,20.0,4.017
1519,507,1,4.0,35.0,50.0,7.5,30.0,4.287
1520,507,2,4.0,35.0,50.0,7.5,30.0,3.833
1521,507,3,4.0,35.0,50.0,7.5,30.0,4.02
1522,508,1,4.0,35.0,50.0,7.5,40.0,3.98
1523,508,2,4.0,35.0,50.0,7.5,40.0,4.684
1524,508,3,4.0,35.0,50.0,7.5,40.0,4.697
1525,509,1,4.0,35.0,50.0,7.5,50.0,4.656
1526,509,2,4.0,35.0,50.0,7.5,50.0,5.077
1527,509,3,4.0,35.0,50.0,7.5,50.0,5.111
1528,510,1,4.0,35.0,50.0,7.5,60.0,4.402
1529,510,2,4.0,35.0,50.0,7.5,60.0,3.852
1530,510,3,4.0,35.0,50.0,7.5,60.0,4.623
1531,511,1,4.0,35.0,50.0,10.0,20.0,4.206
1532,511,2,4.0,35.0,50.0,10.0,20.0,4.137
1533,511,3,4.0,35.0,50.0,10.0,20.0,4.325
1534,512,1,4.0,35.0,50.0,10.0,30.0,4.449
1535,512,2,4.0,35.0,50.0,10.0,30.0,5.337
1536,512,3,4.0,35.0,50.0,10.0,30.0,4.506
1537,513,1,4.0,35.0,50.0,10.0,40.0,5.36
1538,513,2,4.0,35.0,50.0,10.0,40.0,4.678
1539,513,3,4.0,35.0,50.0,10.0,40.0,4.89
1540,514,1,4.0,35.0,50.0,10.0,50.0,5.6
1541,514,2,4.0,35.0,50.0,10.0,50.0,5.102
1542,514,3,4.0,35.0,50.0,10.0,50.0,5.41
1543,515,1,4.0,35.0,50.0,10.0,60.0,4.916
1544,515,2,4.0,35.0,50.0,10.0,60.0,4.821
1545,515,3,4.0,35.0,50.0,10.0,60.0,5.232
1546,516,1,4.0,35.0,50.0,12.5,20.0,4.084
1547,516,2,4.0,35.0,50.0,12.5,20.0,3.651
1548,516,3,4.0,35.0,50.0,12.5,20.0,3.925
1549,517,1,4.0,35.0,50.0,12.5,30.0,5.029
1550,517,2,4.0,35.0,50.0,12.5,30.0,4.986
1551,517,3,4.0,35.0,50.0,12.5,30.0,4.436
1552,518,1,4.0,35.0,50.0,12.5,40.0,5.047
1553,518,2,4.0,35.0,50.0,12.5,40.0,5.087
1554,518,3,4.0,35.0,50.0,12.5,40.0,5.148
1555,519,1,4.0,35.0,50.0,12.5,50.0,4.89
1556,519,2,4.0,35.0,50.0,12.5,50.0,5.099
1557,519,3,4.0,35.0,50.0,12.5,50.0,5.071
1558,520,1,4.0,35.0,50.0,12.5,60.0,5.166
1559,520,2,4.0,35.0,50.0,12.5,60.0,5.177
1560,520,3,4.0,35.0,50.0,12.5,60.0,4.909
1561,521,1,4.0,35.0,50.0,15.0,20.0,3.84
1562,521,2,4.0,35.0,50.0,15.0,20.0,3.989
1563,521,3,4.0,35.0,50.0,15.0,20.0,3.721
1564,522,1,4.0,35.0,50.0,15.0,30.0,4.354
1565,522,2,4.0,35.0,50.0,15.0,30.0,4.412
1566,522,3,4.0,35.0,50.0,15.0,30.0,4.497
1567,523,1,4.0,35.0,50.0,15.0,40.0,4.724
1568,523,2,4.0,35.0,50.0,15.0,40.0,5.095
1569,523,3,4.0,35.0,50.0,15.0,40.0,5.254
1570,524,1,4.0,35.0,50.0,15.0,50.0,4.631
1571,524,2,4.0,35.0,50.0,15.0,50.0,5.082
1572,524,3,4.0,35.0,50.0,15.0,50.0,5.013
1573,525,1,4.0,35.0,50.0,15.0,60.0,4.846
1574,525,2,4.0,35.0,50.0,15.0,60.0,4.746
1575,525,3,4.0,35.0,50.0,15.0,60.0,4.343
1576,526,1,4.0,35.0,87.5,5.0,20.0,2.672
1577,526,2,4.0,35.0,87.5,5.0,20.0,3.033
1578,526,3,4.0,35.0,87.5,5.0,20.0,3.313
1579,527,1,4.0,35.0,87.5,5.0,30.0,3.205
1580,527,2,4.0,35.0,87.5,5.0,30.0,3.922
1581,527,3,4.0,35.0,87.5,5.0,30.0,4.158
1582,528,1,4.0,35.0,87.5,5.0,40.0,4.232
1583,528,2,4.0,35.0,87.5,5.0,40.0,4.429
1584,528,3,4.0,35.0,87.5,5.0,40.0,4.078
1585,529,1,4.0,35.0,87.5,5.0,50.0,4.342
1586,529,2,4.0,35.0,87.5,5.0,50.0,3.921
1587,529,3,4.0,35.0,87.5,5.0,50.0,3.719
1588,530,1,4.0,35.0,87.5,5.0,60.0,4.389
1589,530,2,4.0,35.0,87.5,5.0,60.0,3.849
1590,530,3,4.0,35.0,87.5,5.0,60.0,3.997
1591,531,1,4.0,35.0,87.5,7.5,20.0,3.337
1592,531,2,4.0,35.0,87.5,7.5,20.0,3.33
1593,531,3,4.0,35.0,87.5,7.5,20.0,3.676
1594,532,1,4.0,35.0,87.5,7.5,30.0,4.321
1595,532,2,4.0,35.0,87.5,7.5,30.0,4.631
1596,532,3,4.0,35.0,87.5,7.5,30.0,4.652
1597,533,1,4.0,35.0,87.5,7.5,40.0,5.065
1598,533,2,4.0,35.0,87.5,7.5,40.0,5.042
1599,533,3,4.0,35.0,87.5,7.5,40.0,5.417
1600,534,1,4.0,35.0,87.5,7.5,50.0,4.776
1601,534,2,4.0,35.0,87.5,7.5,50.0,5.06
1602,534,3,4.0,35.0,87.5,7.5,50.0,5.392
1603,535,1,4.0,35.0,87.5,7.5,60.0,5.179
1604,535,2,4.0,35.0,87.5,7.5,60.0,4.427
1605,535,3,4.0,35.0,87.5,7.5,60.0,4.738
1606,536,1,4.0,35.0,87.5,10.0,20.0,4.505
1607,536,2,4.0,35.0,87.5,10.0,20.0,4.267
1608,536,3,4.0,35.0,87.5,10.0,20.0,4.18
1609,537,1,4.0,35.0,87.5,10.0,30.0,4.864
1610,537,2,4.0,35.0,87.5,10.0,30.0,4.818
1611,537,3,4.0,35.0,87.5,10.0,30.0,5.006
1612,538,1,4.0,35.0,87.5,10.0,40.0,5.304
1613,538,2,4.0,35.0,87.5,10.0,40.0,5.363
1614,538,3,4.0,35.0,87.5,10.0,40.0,5.397
1615,539,1,4.0,35.0,87.5,10.0,50.0,5.285
1616,539,2,4.0,35.0,87.5,10.0,50.0,5.624
1617,539,3,4.0,35.0,87.5,10.0,50.0,6.291
1618,540,1,4.0,35.0,87.5,10.0,60.0,4.727
1619,540,2,4.0,35.0,87.5,10.0,60.0,5.316
1620,540,3,4.0,35.0,87.5,10.0,60.0,5.012
1621,541,1,4.0,35.0,87.5,12.5,20.0,4.387
1622,541,2,4.0,35.0,87.5,12.5,20.0,4.238
1623,541,3,4.0,35.0,87.5,12.5,20.0,4.438
1624,542,1,4.0,35.0,87.5,12.5,30.0,5.354
1625,542,2,4.0,35.0,87.5,12.5,30.0,5.079
1626,542,3,4.0,35.0,87.5,12.5,30.0,5.342
1627,543,1,4.0,35.0,87.5,12.5,40.0,4.819
1628,543,2,4.0,35.0,87.5,12.5,40.0,5.92
1629,543,3,4.0,35.0,87.5,12.5,40.0,5.58
1630,544,1,4.0,35.0,87.5,12.5,50.0,5.877
1631,544,2,4.0,35.0,87.5,12.5,50.0,5.233
1632,544,3,4.0,35.0,87.5,12.5,50.0,5.342
1633,545,1,4.0,35.0,87.5,12.5,60.0,5.366
1634,545,2,4.0,35.0,87.5,12.5,60.0,5.32
1635,545,3,4.0,35.0,87.5,12.5,60.0,5.404
1636,546,1,4.0,35.0,87.5,15.0,20.0,4.329
1637,546,2,4.0,35.0,87.5,15.0,20.0,3.531
1638,546,3,4.0,35.0,87.5,15.0,20.0,4.298
1639,547,1,4.0,35.0,87.5,15.0,30.0,4.827
1640,547,2,4.0,35.0,87.5,15.0,30.0,4.768
1641,547,3,4.0,35.0,87.5,15.0,30.0,4.413
1642,548,1,4.0,35.0,87.5,15.0,40.0,5.416
1643,548,2,4.0,35.0,87.5,15.0,40.0,4.599
1644,548,3,4.0,35.0,87.5,15.0,40.0,5.457
1645,549,1,4.0,35.0,87.5,15.0,50.0,4.957
1646,549,2,4.0,35.0,87.5,15.0,50.0,5.39
1647,549,3,4.0,35.0,87.5,15.0,50.0,5.342
1648,550,1,4.0,35.0,87.5,15.0,60.0,5.452
1649,550,2,4.0,35.0,87.5,15.0,60.0,5.075
1650,550,3,4.0,35.0,87.5,15.0,60.0,4.931
1651,551,1,4.0,35.0,125.0,5.0,20.0,2.708
1652,551,2,4.0,35.0,125.0,5.0,20.0,3.206
1653,551,3,4.0,35.0,125.0,5.0,20.0,3.0
1654,552,1,4.0,35.0,125.0,5.0,30.0,3.617
1655,552,2,4.0,35.0,125.0,5.0,30.0,3.659
1656,552,3,4.0,35.0,125.0,5.0,30.0,3.286
1657,553,1,4.0,35.0,125.0,5.0,40.0,4.359
1658,553,2,4.0,35.0,125.0,5.0,40.0,3.757
1659,553,3,4.0,35.0,125.0,5.0,40.0,4.461
1660,554,1,4.0,35.0,125.0,5.0,50.0,4.461
1661,554,2,4.0,35.0,125.0,5.0,50.0,5.093
1662,554,3,4.0,35.0,125.0,5.0,50.0,4.117
1663,555,1,4.0,35.0,125.0,5.0,60.0,4.221
1664,555,2,4.0,35.0,125.0,5.0,60.0,4.754
1665,555,3,4.0,35.0,125.0,5.0,60.0,4.584
1666,556,1,4.0,35.0,125.0,7.5,20.0,3.355
1667,556,2,4.0,35.0,125.0,7.5,20.0,3.613
1668,556,3,4.0,35.0,125.0,7.5,20.0,3.551
1669,557,1,4.0,35.0,125.0,7.5,30.0,4.504
1670,557,2,4.0,35.0,125.0,7.5,30.0,4.229
1671,557,3,4.0,35.0,125.0,7.5,30.0,4.4
1672,558,1,4.0,35.0,125.0,7.5,40.0,4.503
1673,558,2,4.0,35.0,125.0,7.5,40.0,4.988
1674,558,3,4.0,35.0,125.0,7.5,40.0,5.076
1675,559,1,4.0,35.0,125.0,7.5,50.0,5.061
1676,559,2,4.0,35.0,125.0,7.5,50.0,4.673
1677,559,3,4.0,35.0,125.0,7.5,50.0,5.402
1678,560,1,4.0,35.0,125.0,7.5,60.0,5.052
1679,560,2,4.0,35.0,125.0,7.5,60.0,4.747
1680,560,3,4.0,35.0,125.0,7.5,60.0,4.871
1681,561,1,4.0,35.0,125.0,10.0,20.0,3.53
1682,561,2,4.0,35.0,125.0,10.0,20.0,3.663
1683,561,3,4.0,35.0,125.0,10.0,20.0,3.799
1684,562,1,4.0,35.0,125.0,10.0,30.0,5.169
1685,562,2,4.0,35.0,125.0,10.0,30.0,4.646
1686,562,3,4.0,35.0,125.0,10.0,30.0,5.004
1687,563,1,4.0,35.0,125.0,10.0,40.0,5.199
1688,563,2,4.0,35.0,125.0,10.0,40.0,5.419
1689,563,3,4.0,35.0,125.0,10.0,40.0,5.31
1690,564,1,4.0,35.0,125.0,10.0,50.0,5.769
1691,564,2,4.0,35.0,125.0,10.0,50.0,5.375
1692,564,3,4.0,35.0,125.0,10.0,50.0,5.085
1693,565,1,4.0,35.0,125.0,10.0,60.0,4.963
1694,565,2,4.0,35.0,125.0,10.0,60.0,5.201
1695,565,3,4.0,35.0,125.0,10.0,60.0,5.0
1696,566,1,4.0,35.0,125.0,12.5,20.0,4.165
1697,566,2,4.0,35.0,125.0,12.5,20.0,3.92
1698,566,3,4.0,35.0,125.0,12.5,20.0,4.715
1699,567,1,4.0,35.0,125.0,12.5,30.0,4.438
1700,567,2,4.0,35.0,125.0,12.5,30.0,4.982
1701,567,3,4.0,35.0,125.0,12.5,30.0,4.609
1702,568,1,4.0,35.0,125.0,12.5,40.0,5.312
1703,568,2,4.0,35.0,125.0,12.5,40.0,5.49
1704,568,3,4.0,35.0,125.0,12.5,40.0,4.799
1705,569,1,4.0,35.0,125.0,12.5,50.0,5.691
1706,569,2,4.0,35.0,125.0,12.5,50.0,6.158
1707,569,3,4.0,35.0,125.0,12.5,50.0,5.498
1708,570,1,4.0,35.0,125.0,12.5,60.0,5.523
1709,570,2,4.0,35.0,125.0,12.5,60.0,5.737
1710,570,3,4.0,35.0,125.0,12.5,60.0,5.404
1711,571,1,4.0,35.0,125.0,15.0,20.0,3.687
1712,571,2,4.0,35.0,125.0,15.0,20.0,3.213
1713,571,3,4.0,35.0,125.0,15.0,20.0,4.029
1714,572,1,4.0,35.0,125.0,15.0,30.0,4.693
1715,572,2,4.0,35.0,125.0,15.0,30.0,4.441
1716,572,3,4.0,35.0,125.0,15.0,30.0,4.76
1717,573,1,4.0,35.0,125.0,15.0,40.0,5.087
1718,573,2,4.0,35.0,125.0,15.0,40.0,5.102
1719,573,3,4.0,35.0,125.0,15.0,40.0,5.42
1720,574,1,4.0,35.0,125.0,15.0,50.0,5.05
1721,574,2,4.0,35.0,125.0,15.0,50.0,5.718
1722,574,3,4.0,35.0,125.0,15.0,50.0,5.034
1723,575,1,4.0,35.0,125.0,15.0,60.0,5.064
1724,575,2,4.0,35.0,125.0,15.0,60.0,5.788
1725,575,3,4.0,35.0,125.0,15.0,60.0,5.566
1726,576,1,4.0,35.0,162.5,5.0,20.0,2.452
1727,576,2,4.0,35.0,162.5,5.0,20.0,2.162
1728,576,3,4.0,35.0,162.5,5.0,20.0,2.277
1729,577,1,4.0,35.0,162.5,5.0,30.0,3.396
1730,577,2,4.0,35.0,162.5,5.0,30.0,3.386
1731,577,3,4.0,35.0,162.5,5.0,30.0,3.35
1732,578,1,4.0,35.0,162.5,5.0,40.0,3.966
1733,578,2,4.0,35.0,162.5,5.0,40.0,3.915
1734,578,3,4.0,35.0,162.5,5.0,40.0,3.571
1735,579,1,4.0,35.0,162.5,5.0,50.0,4.08
1736,579,2,4.0,35.0,162.5,5.0,50.0,4.481
1737,579,3,4.0,35.0,162.5,5.0,50.0,3.842
1738,580,1,4.0,35.0,162.5,5.0,60.0,4.072
1739,580,2,4.0,35.0,162.5,5.0,60.0,3.895
1740,580,3,4.0,35.0,162.5,5.0,60.0,4.156
1741,581,1,4.0,35.0,162.5,7.5,20.0,3.016
1742,581,2,4.0,35.0,162.5,7.5,20.0,3.539
1743,581,3,4.0,35.0,162.5,7.5,20.0,3.267
1744,582,1,4.0,35.0,162.5,7.5,30.0,3.708
1745,582,2,4.0,35.0,162.5,7.5,30.0,4.263
1746,582,3,4.0,35.0,162.5,7.5,30.0,3.858
1747,583,1,4.0,35.0,162.5,7.5,40.0,4.513
1748,583,2,4.0,35.0,162.5,7.5,40.0,4.763
1749,583,3,4.0,35.0,162.5,7.5,40.0,4.537
1750,584,1,4.0,35.0,162.5,7.5,50.0,5.175
1751,584,2,4.0,35.0,162.5,7.5,50.0,4.708
1752,584,3,4.0,35.0,162.5,7.5,50.0,4.752
1753,585,1,4.0,35.0,162.5,7.5,60.0,4.641
1754,585,2,4.0,35.0,162.5,7.5,60.0,4.667
1755,585,3,4.0,35.0,162.5,7.5,60.0,5.133
1756,586,1,4.0,35.0,162.5,10.0,20.0,3.701
1757,586,2,4.0,35.0,162.5,10.0,20.0,4.004
1758,586,3,4.0,35.0,162.5,10.0,20.0,4.16
1759,587,1,4.0,35.0,162.5,10.0,30.0,4.186
1760,587,2,4.0,35.0,162.5,10.0,30.0,4.495
1761,587,3,4.0,35.0,162.5,10.0,30.0,4.146
1762,588,1,4.0,35.0,162.5,10.0,40.0,4.857
1763,588,2,4.0,35.0,162.5,10.0,40.0,4.899
1764,588,3,4.0,35.0,162.5,10.0,40.0,4.779
1765,589,1,4.0,35.0,162.5,10.0,50.0,5.03
1766,589,2,4.0,35.0,162.5,10.0,50.0,5.285
1767,589,3,4.0,35.0,162.5,10.0,50.0,4.984
1768,590,1,4.0,35.0,162.5,10.0,60.0,5.461
1769,590,2,4.0,35.0,162.5,10.0,60.0,4.968
1770,590,3,4.0,35.0,162.5,10.0,60.0,6.012
1771,591,1,4.0,35.0,162.5,12.5,20.0,3.499
1772,591,2,4.0,35.0,162.5,12.5,20.0,3.645
1773,591,3,4.0,35.0,162.5,12.5,20.0,3.262
1774,592,1,4.0,35.0,162.5,12.5,30.0,5.053
1775,592,2,4.0,35.0,162.5,12.5,30.0,4.888
1776,592,3,4.0,35.0,162.5,12.5,30.0,4.658
1777,593,1,4.0,35.0,162.5,12.5,40.0,4.798
1778,593,2,4.0,35.0,162.5,12.5,40.0,5.234
1779,593,3,4.0,35.0,162.5,12.5,40.0,4.861
1780,594,1,4.0,35.0,162.5,12.5,50.0,5.834
1781,594,2,4.0,35.0,162.5,12.5,50.0,5.652
1782,594,3,4.0,35.0,162.5,12.5,50.0,5.452
1783,595,1,4.0,35.0,162.5,12.5,60.0,4.643
1784,595,2,4.0,35.0,162.5,12.5,60.0,5.05
1785,595,3,4.0,35.0,162.5,12.5,60.0,5.518
1786,596,1,4.0,35.0,162.5,15.0,20.0,3.765
1787,596,2,4.0,35.0,162.5,15.0,20.0,3.736
1788,596,3,4.0,35.0,162.5,15.0,20.0,2.979
1789,597,1,4.0,35.0,162.5,15.0,30.0,4.459
1790,597,2,4.0,35.0,162.5,15.0,30.0,4.659
1791,597,3,4.0,35.0,162.5,15.0,30.0,3.911
1792,598,1,4.0,35.0,162.5,15.0,40.0,4.973
1793,598,2,4.0,35.0,162.5,15.0,40.0,5.052
1794,598,3,4.0,35.0,162.5,15.0,40.0,4.891
1795,599,1,4.0,35.0,162.5,15.0,50.0,4.706
1796,599,2,4.0,35.0,162.5,15.0,50.0,5.134
1797,599,3,4.0,35.0,162.5,15.0,50.0,5.133
1798,600,1,4.0,35.0,162.5,15.0,60.0,5.084
1799,600,2,4.0,35.0,162.5,15.0,60.0,4.967
1800,600,3,4.0,35.0,162.5,15.0,60.0,5.001
1801,601,1,4.0,35.0,200.0,5.0,20.0,1.739
1802,601,2,4.0,35.0,200.0,5.0,20.0,1.874
1803,601,3,4.0,35.0,200.0,5.0,20.0,1.665
1804,602,1,4.0,35.0,200.0,5.0,30.0,2.66
1805,602,2,4.0,35.0,200.0,5.0,30.0,2.801
1806,602,3,4.0,35.0,200.0,5.0,30.0,2.237
1807,603,1,4.0,35.0,200.0,5.0,40.0,3.584
1808,603,2,4.0,35.0,200.0,5.0,40.0,3.45
1809,603,3,4.0,35.0,200.0,5.0,40.0,3.461
1810,604,1,4.0,35.0,200.0,5.0,50.0,4.044
1811,604,2,4.0,35.0,200.0,5.0,50.0,3.228
1812,604,3,4.0,35.0,200.0,5.0,50.0,3.222
1813,605,1,4.0,35.0,200.0,5.0,60.0,3.827
1814,605,2,4.0,35.0,200.0,5.0,60.0,3.748
1815,605,3,4.0,35.0,200.0,5.0,60.0,3.798
1816,606,1,4.0,35.0,200.0,7.5,20.0,2.321
1817,606,2,4.0,35.0,200.0,7.5,20.0,2.636
1818,606,3,4.0,35.0,200.0,7.5,20.0,2.711
1819,607,1,4.0,35.0,200.0,7.5,30.0,3.611
1820,607,2,4.0,35.0,200.0,7.5,30.0,3.402
1821,607,3,4.0,35.0,200.0,7.5,30.0,2.885
1822,608,1,4.0,35.0,200.0,7.5,40.0,4.365
1823,608,2,4.0,35.0,200.0,7.5,40.0,4.492
1824,608,3,4.0,35.0,200.0,7.5,40.0,4.33
1825,609,1,4.0,35.0,200.0,7.5,50.0,4.229
1826,609,2,4.0,35.0,200.0,7.5,50.0,4.664
1827,609,3,4.0,35.0,200.0,7.5,50.0,4.716
1828,610,1,4.0,35.0,200.0,7.5,60.0,4.886
1829,610,2,4.0,35.0,200.0,7.5,60.0,4.205
1830,610,3,4.0,35.0,200.0,7.5,60.0,4.387
1831,611,1,4.0,35.0,200.0,10.0,20.0,3.059
1832,611,2,4.0,35.0,200.0,10.0,20.0,2.866
1833,611,3,4.0,35.0,200.0,10.0,20.0,2.537
1834,612,1,4.0,35.0,200.0,10.0,30.0,3.991
1835,612,2,4.0,35.0,200.0,10.0,30.0,4.037
1836,612,3,4.0,35.0,200.0,10.0,30.0,3.9
1837,613,1,4.0,35.0,200.0,10.0,40.0,4.611
1838,613,2,4.0,35.0,200.0,10.0,40.0,4.478
1839,613,3,4.0,35.0,200.0,10.0,40.0,4.964
1840,614,1,4.0,35.0,200.0,10.0,50.0,4.623
1841,614,2,4.0,35.0,200.0,10.0,50.0,4.711
1842,614,3,4.0,35.0,200.0,10.0,50.0,4.878
1843,615,1,4.0,35.0,200.0,10.0,60.0,5.096
1844,615,2,4.0,35.0,200.0,10.0,60.0,4.431
1845,615,3,4.0,35.0,200.0,10.0,60.0,4.483
1846,616,1,4.0,35.0,200.0,12.5,20.0,2.379
1847,616,2,4.0,35.0,200.0,12.5,20.0,2.959
1848,616,3,4.0,35.0,200.0,12.5,20.0,2.637
1849,617,1,4.0,35.0,200.0,12.5,30.0,3.867
1850,617,2,4.0,35.0,200.0,12.5,30.0,4.16
1851,617,3,4.0,35.0,200.0,12.5,30.0,3.795
1852,618,1,4.0,35.0,200.0,12.5,40.0,4.715
1853,618,2,4.0,35.0,200.0,12.5,40.0,4.566
1854,618,3,4.0,35.0,200.0,12.5,40.0,4.838
1855,619,1,4.0,35.0,200.0,12.5,50.0,5.108
1856,619,2,4.0,35.0,200.0,12.5,50.0,4.781
1857,619,3,4.0,35.0,200.0,12.5,50.0,4.928
1858,620,1,4.0,35.0,200.0,12.5,60.0,5.242
1859,620,2,4.0,35.0,200.0,12.5,60.0,5.06
1860,620,3,4.0,35.0,200.0,12.5,60.0,4.559
1861,621,1,4.0,35.0,200.0,15.0,20.0,2.934
1862,621,2,4.0,35.0,200.0,15.0,20.0,2.446
1863,621,3,4.0,35.0,200.0,15.0,20.0,3.146
1864,622,1,4.0,35.0,200.0,15.0,30.0,4.062
1865,622,2,4.0,35.0,200.0,15.0,30.0,3.856
1866,622,3,4.0,35.0,200.0,15.0,30.0,3.819
1867,623,1,4.0,35.0,200.0,15.0,40.0,4.391
1868,623,2,4.0,35.0,200.0,15.0,40.0,4.64
1869,623,3,4.0,35.0,200.0,15.0,40.0,4.346
1870,624,1,4.0,35.0,200.0,15.0,50.0,4.841
1871,624,2,4.0,35.0,200.0,15.0,50.0,5.019
1872,624,3,4.0,35.0,200.0,15.0,50.0,4.618
1873,625,1,4.0,35.0,200.0,15.0,60.0,4.577
1874,625,2,4.0,35.0,200.0,15.0,60.0,4.416
1875,625,3,4.0,35.0,200.0,15.0,60.0,4.452
1876,626,1,4.5,25.0,50.0,5.0,20.0,3.738
1877,626,2,4.5,25.0,50.0,5.0,20.0,4.454
1878,626,3,4.5,25.0,50.0,5.0,20.0,4.756
1879,627,1,4.5,25.0,50.0,5.0,30.0,5.374
1880,627,2,4.5,25.0,50.0,5.0,30.0,4.52
1881,627,3,4.5,25.0,50.0,5.0,30.0,5.178
1882,628,1,4.5,25.0,50.0,5.0,40.0,5.748
1883,628,2,4.5,25.0,50.0,5.0,40.0,5.222
1884,628,3,4.5,25.0,50.0,5.0,40.0,5.378
1885,629,1,4.5,25.0,50.0,5.0,50.0,4.813
1886,629,2,4.5,25.0,50.0,5.0,50.0,5.45
1887,629,3,4.5,25.0,50.0,5.0,50.0,5.077
1888,630,1,4.5,25.0,50.0,5.0,60.0,5.106
1889,630,2,4.5,25.0,50.0,5.0,60.0,4.613
1890,630,3,4.5,25.0,50.0,5.0,60.0,5.202
1891,631,1,4.5,25.0,50.0,7.5,20.0,5.237
1892,631,2,4.5,25.0,50.0,7.5,20.0,4.731
1893,631,3,4.5,25.0,50.0,7.5,20.0,4.632
1894,632,1,4.5,25.0,50.0,7.5,30.0,5.071
1895,632,2,4.5,25.0,50.0,7.5,30.0,5.6
1896,632,3,4.5,25.0,50.0,7.5,30.0,5.512
1897,633,1,4.5,25.0,50.0,7.5,40.0,5.616
1898,633,2,4.5,25.0,50.0,7.5,40.0,6.177
1899,633,3,4.5,25.0,50.0,7.5,40.0,5.924
1900,634,1,4.5,25.0,50.0,7.5,50.0,5.774
1901,634,2,4.5,25.0,50.0,7.5,50.0,5.92
1902,634,3,4.5,25.0,50.0,7.5,50.0,6.375
1903,635,1,4.5,25.0,50.0,7.5,60.0,5.919
1904,635,2,4.5,25.0,50.0,7.5,60.0,5.714
1905,635,3,4.5,25.0,50.0,7.5,60.0,5.923
1906,636,1,4.5,25.0,50.0,10.0,20.0,5.025
1907,636,2,4.5,25.0,50.0,10.0,20.0,5.359
1908,636,3,4.5,25.0,50.0,10.0,20.0,5.391
1909,637,1,4.5,25.0,50.0,10.0,30.0,5.943
1910,637,2,4.5,25.0,50.0,10.0,30.0,6.197
1911,637,3,4.5,25.0,50.0,10.0,30.0,5.856
1912,638,1,4.5,25.0,50.0,10.0,40.0,6.593
1913,638,2,4.5,25.0,50.0,10.0,40.0,6.605
1914,638,3,4.5,25.0,50.0,10.0,40.0,5.633
1915,639,1,4.5,25.0,50.0,10.0,50.0,6.808
1916,639,2,4.5,25.0,50.0,10.0,50.0,5.622
1917,639,3,4.5,25.0,50.0,10.0,50.0,6.303
1918,640,1,4.5,25.0,50.0,10.0,60.0,6.437
1919,640,2,4.5,25.0,50.0,10.0,60.0,6.061
1920,640,3,4.5,25.0,50.0,10.0,60.0,5.739
1921,641,1,4.5,25.0,50.0,12.5,20.0,5.144
1922,641,2,4.5,25.0,50.0,12.5,20.0,5.738
1923,641,3,4.5,25.0,50.0,12.5,20.0,4.912
1924,642,1,4.5,25.0,50.0,12.5,30.0,6.491
1925,642,2,4.5,25.0,50.0,12.5,30.0,6.16
1926,642,3,4.5,25.0,50.0,12.5,30.0,5.841
1927,643,1,4.5,25.0,50.0,12.5,40.0,6.387
1928,643,2,4.5,25.0,50.0,12.5,40.0,6.265
1929,643,3,4.5,25.0,50.0,12.5,40.0,6.793
1930,644,1,4.5,25.0,50.0,12.5,50.0,6.78
1931,644,2,4.5,25.0,50.0,12.5,50.0,6.094
1932,644,3,4.5,25.0,50.0,12.5,50.0,6.462
1933,645,1,4.5,25.0,50.0,12.5,60.0,6.008
1934,645,2,4.5,25.0,50.0,12.5,60.0,6.612
1935,645,3,4.5,25.0,50.0,12.5,60.0,5.872
1936,646,1,4.5,25.0,50.0,15.0,20.0,5.699
1937,646,2,4.5,25.0,50.0,15.0,20.0,5.241
1938,646,3,4.5,25.0,50.0,15.0,20.0,4.925
1939,647,1,4.5,25.0,50.0,15.0,30.0,5.785
1940,647,2,4.5,25.0,50.0,15.0,30.0,5.751
1941,647,3,4.5,25.0,50.0,15.0,30.0,5.618
1942,648,1,4.5,25.0,50.0,15.0,40.0,6.377
1943,648,2,4.5,25.0,50.0,15.0,40.0,6.006
1944,648,3,4.5,25.0,50.0,15.0,40.0,5.739
1945,649,1,4.5,25.0,50.0,15.0,50.0,6.269
1946,649,2,4.5,25.0,50.0,15.0,50.0,5.87
1947,649,3,4.5,25.0,50.0,15.0,50.0,6.164
1948,650,1,4.5,25.0,50.0,15.0,60.0,5.795
1949,650,2,4.5,25.0,50.0,15.0,60.0,5.806
1950,650,3,4.5,25.0,50.0,15.0,60.0,6.61
1951,651,1,4.5,25.0,87.5,5.0,20.0,4.341
1952,651,2,4.5,25.0,87.5,5.0,20.0,4.394
1953,651,3,4.5,25.0,87.5,5.0,20.0,3.828
1954,652,1,4.5,25.0,87.5,5.0,30.0,4.942
1955,652,2,4.5,25.0,87.5,5.0,30.0,5.185
1956,652,3,4.5,25.0,87.5,5.0,30.0,4.838
1957,653,1,4.5,25.0,87.5,5.0,40.0,5.829
1958,653,2,4.5,25.0,87.5,5.0,40.0,5.238
1959,653,3,4.5,25.0,87.5,5.0,40.0,5.495
1960,654,1,4.5,25.0,87.5,5.0,50.0,5.511
1961,654,2,4.5,25.0,87.5,5.0,50.0,5.721
1962,654,3,4.5,25.0,87.5,5.0,50.0,5.496
1963,655,1,4.5,25.0,87.5,5.0,60.0,5.349
1964,655,2,4.5,25.0,87.5,5.0,60.0,5.359
1965,655,3,4.5,25.0,87.5,5.0,60.0,5.219
1966,656,1,4.5,25.0,87.5,7.5,20.0,5.161
1967,656,2,4.5,25.0,87.5,7.5,20.0,5.092
1968,656,3,4.5,25.0,87.5,7.5,20.0,5.0
1969,657,1,4.5,25.0,87.5,7.5,30.0,5.704
1970,657,2,4.5,25.0,87.5,7.5,30.0,6.048
1971,657,3,4.5,25.0,87.5,7.5,30.0,5.759
1972,658,1,4.5,25.0,87.5,7.5,40.0,6.189
1973,658,2,4.5,25.0,87.5,7.5,40.0,6.304
1974,658,3,4.5,25.0,87.5,7.5,40.0,6.75
1975,659,1,4.5,25.0,87.5,7.5,50.0,6.0
1976,659,2,4.5,25.0,87.5,7.5,50.0,6.591
1977,659,3,4.5,25.0,87.5,7.5,50.0,5.845
1978,660,1,4.5,25.0,87.5,7.5,60.0,6.186
1979,660,2,4.5,25.0,87.5,7.5,60.0,6.566
1980,660,3,4.5,25.0,87.5,7.5,60.0,6.262
1981,661,1,4.5,25.0,87.5,10.0,20.0,5.473
1982,661,2,4.5,25.0,87.5,10.0,20.0,5.268
1983,661,3,4.5,25.0,87.5,10.0,20.0,5.434
1984,662,1,4.5,25.0,87.5,10.0,30.0,6.154
1985,662,2,4.5,25.0,87.5,10.0,30.0,6.005
1986,662,3,4.5,25.0,87.5,10.0,30.0,6.144
1987,663,1,4.5,25.0,87.5,10.0,40.0,6.731
1988,663,2,4.5,25.0,87.5,10.0,40.0,6.46
1989,663,3,4.5,25.0,87.5,10.0,40.0,6.449
1990,664,1,4.5,25.0,87.5,10.0,50.0,6.394
1991,664,2,4.5,25.0,87.5,10.0,50.0,6.884
1992,664,3,4.5,25.0,87.5,10.0,50.0,6.928
1993,665,1,4.5,25.0,87.5,10.0,60.0,6.59
1994,665,2,4.5,25.0,87.5,10.0,60.0,6.795
1995,665,3,4.5,25.0,87.5,10.0,60.0,6.55
1996,666,1,4.5,25.0,87.5,12.5,20.0,5.635
1997,666,2,4.5,25.0,87.5,12.5,20.0,5.61
1998,666,3,4.5,25.0,87.5,12.5,20.0,5.499
1999,667,1,4.5,25.0,87.5,12.5,30.0,6.176
2000,667,2,4.5,25.0,87.5,12.5,30.0,6.945
2001,667,3,4.5,25.0,87.5,12.5,30.0,6.198
2002,668,1,4.5,25.0,87.5,12.5,40.0,6.589
2003,668,2,4.5,25.0,87.5,12.5,40.0,6.897
2004,668,3,4.5,25.0,87.5,12.5,40.0,6.846
2005,669,1,4.5,25.0,87.5,12.5,50.0,6.482
2006,669,2,4.5,25.0,87.5,12.5,50.0,7.189
2007,669,3,4.5,25.0,87.5,12.5,50.0,6.849
2008,670,1,4.5,25.0,87.5,12.5,60.0,6.314
2009,670,2,4.5,25.0,87.5,12.5,60.0,6.958
2010,670,3,4.5,25.0,87.5,12.5,60.0,6.8
2011,671,1,4.5,25.0,87.5,15.0,20.0,4.971
2012,671,2,4.5,25.0,87.5,15.0,20.0,5.823
2013,671,3,4.5,25.0,87.5,15.0,20.0,5.509
2014,672,1,4.5,25.0,87.5,15.0,30.0,6.122
2015,672,2,4.5,25.0,87.5,15.0,30.0,6.57
2016,672,3,4.5,25.0,87.5,15.0,30.0,6.17
2017,673,1,4.5,25.0,87.5,15.0,40.0,6.567
2018,673,2,4.5,25.0,87.5,15.0,40.0,6.39
2019,673,3,4.5,25.0,87.5,15.0,40.0,6.738
2020,674,1,4.5,25.0,87.5,15.0,50.0,6.808
2021,674,2,4.5,25.0,87.5,15.0,50.0,6.679
2022,674,3,4.5,25.0,87.5,15.0,50.0,6.454
2023,675,1,4.5,25.0,87.5,15.0,60.0,6.461
2024,675,2,4.5,25.0,87.5,15.0,60.0,6.405
2025,675,3,4.5,25.0,87.5,15.0,60.0,6.052
2026,676,1,4.5,25.0,125.0,5.0,20.0,3.738
2027,676,2,4.5,25.0,125.0,5.0,20.0,4.308
2028,676,3,4.5,25.0,125.0,5.0,20.0,3.421
2029,677,1,4.5,25.0,125.0,5.0,30.0,5.083
2030,677,2,4.5,25.0,125.0,5.0,30.0,4.891
2031,677,3,4.5,25.0,125.0,5.0,30.0,5.391
2032,678,1,4.5,25.0,125.0,5.0,40.0,5.412
2033,678,2,4.5,25.0,125.0,5.0,40.0,5.735
2034,678,3,4.5,25.0,125.0,5.0,40.0,5.439
2035,679,1,4.5,25.0,125.0,5.0,50.0,5.757
2036,679,2,4.5,25.0,125.0,5.0,50.0,5.931
2037,679,3,4.5,25.0,125.0,5.0,50.0,5.595
2038,680,1,4.5,25.0,125.0,5.0,60.0,5.829
2039,680,2,4.5,25.0,125.0,5.0,60.0,5.272
2040,680,3,4.5,25.0,125.0,5.0,60.0,5.632
2041,681,1,4.5,25.0,125.0,7.5,20.0,5.108
2042,681,2,4.5,25.0,125.0,7.5,20.0,5.035
2043,681,3,4.5,25.0,125.0,7.5,20.0,5.387
2044,682,1,4.5,25.0,125.0,7.5,30.0,5.511
2045,682,2,4.5,25.0,125.0,7.5,30.0,5.339
2046,682,3,4.5,25.0,125.0,7.5,30.0,5.447
2047,683,1,4.5,25.0,125.0,7.5,40.0,6.435
2048,683,2,4.5,25.0,125.0,7.5,40.0,6.389
2049,683,3,4.5,25.0,125.0,7.5,40.0,6.279
2050,684,1,4.5,25.0,125.0,7.5,50.0,6.111
2051,684,2,4.5,25.0,125.0,7.5,50.0,6.64
2052,684,3,4.5,25.0,125.0,7.5,50.0,6.082
2053,685,1,4.5,25.0,125.0,7.5,60.0,6.575
2054,685,2,4.5,25.0,125.0,7.5,60.0,7.05
2055,685,3,4.5,25.0,125.0,7.5,60.0,6.353
2056,686,1,4.5,25.0,125.0,10.0,20.0,5.413
2057,686,2,4.5,25.0,125.0,10.0,20.0,5.112
2058,686,3,4.5,25.0,125.0,10.0,20.0,4.743
2059,687,1,4.5,25.0,125.0,10.0,30.0,5.956
2060,687,2,4.5,25.0,125.0,10.0,30.0,5.819
2061,687,3,4.5,25.0,125.0,10.0,30.0,5.72
2062,688,1,4.5,25.0,125.0,10.0,40.0,7.132
2063,688,2,4.5,25.0,125.0,10.0,40.0,6.726
2064,688,3,4.5,25.0,125.0,10.0,40.0,6.756
2065,689,1,4.5,25.0,125.0,10.0,50.0,6.738
2066,689,2,4.5,25.0,125.0,10.0,50.0,6.777
2067,689,3,4.5,25.0,125.0,10.0,50.0,7.095
2068,690,1,4.5,25.0,125.0,10.0,60.0,6.641
2069,690,2,4.5,25.0,125.0,10.0,60.0,6.799
2070,690,3,4.5,25.0,125.0,10.0,60.0,6.595
2071,691,1,4.5,25.0,125.0,12.5,20.0,5.254
2072,691,2,4.5,25.0,125.0,12.5,20.0,4.956
2073,691,3,4.5,25.0,125.0,12.5,20.0,4.796
2074,692,1,4.5,25.0,125.0,12.5,30.0,6.152
2075,692,2,4.5,25.0,125.0,12.5,30.0,6.241
2076,692,3,4.5,25.0,125.0,12.5,30.0,5.865
2077,693,1,4.5,25.0,125.0,12.5,40.0,6.74
2078,693,2,4.5,25.0,125.0,12.5,40.0,6.765
2079,693,3,4.5,25.0,125.0,12.5,40.0,6.146
2080,694,1,4.5,25.0,125.0,12.5,50.0,6.669
2081,694,2,4.5,25.0,125.0,12.5,50.0,7.039
2082,694,3,4.5,25.0,125.0,12.5,50.0,7.033
2083,695,1,4.5,25.0,125.0,12.5,60.0,6.427
2084,695,2,4.5,25.0,125.0,12.5,60.0,6.794
2085,695,3,4.5,25.0,125.0,12.5,60.0,7.036
2086,696,1,4.5,25.0,125.0,15.0,20.0,5.368
2087,696,2,4.5,25.0,125.0,15.0,20.0,5.123
2088,696,3,4.5,25.0,125.0,15.0,20.0,5.019
2089,697,1,4.5,25.0,125.0,15.0,30.0,5.849
2090,697,2,4.5,25.0,125.0,15.0,30.0,6.156
2091,697,3,4.5,25.0,125.0,15.0,30.0,6.08
2092,698,1,4.5,25.0,125.0,15.0,40.0,6.726
2093,698,2,4.5,25.0,125.0,15.0,40.0,6.587
2094,698,3,4.5,25.0,125.0,15.0,40.0,6.779
2095,699,1,4.5,25.0,125.0,15.0,50.0,6.751
2096,699,2,4.5,25.0,125.0,15.0,50.0,6.945
2097,699,3,4.5,25.0,125.0,15.0,50.0,6.969
2098,700,1,4.5,25.0,125.0,15.0,60.0,6.325
2099,700,2,4.5,25.0,125.0,15.0,60.0,6.044
2100,700,3,4.5,25.0,125.0,15.0,60.0,6.982
2101,701,1,4.5,25.0,162.5,5.0,20.0,3.797
2102,701,2,4.5,25.0,162.5,5.0,20.0,3.245
2103,701,3,4.5,25.0,162.5,5.0,20.0,3.525
2104,702,1,4.5,25.0,162.5,5.0,30.0,4.891
2105,702,2,4.5,25.0,162.5,5.0,30.0,4.597
2106,702,3,4.5,25.0,162.5,5.0,30.0,4.532
2107,703,1,4.5,25.0,162.5,5.0,40.0,5.667
2108,703,2,4.5,25.0,162.5,5.0,40.0,4.982
2109,703,3,4.5,25.0,162.5,5.0,40.0,5.052
2110,704,1,4.5,25.0,162.5,5.0,50.0,5.584
2111,704,2,4.5,25.0,162.5,5.0,50.0,5.634
2112,704,3,4.5,25.0,162.5,5.0,50.0,5.664
2113,705,1,4.5,25.0,162.5,5.0,60.0,5.68
2114,705,2,4.5,25.0,162.5,5.0,60.0,5.481
2115,705,3,4.5,25.0,162.5,5.0,60.0,5.562
2116,706,1,4.5,25.0,162.5,7.5,20.0,4.352
2117,706,2,4.5,25.0,162.5,7.5,20.0,4.443
2118,706,3,4.5,25.0,162.5,7.5,20.0,4.455
2119,707,1,4.5,25.0,162.5,7.5,30.0,5.435
2120,707,2,4.5,25.0,162.5,7.5,30.0,5.591
2121,707,3,4.5,25.0,162.5,7.5,30.0,5.53
2122,708,1,4.5,25.0,162.5,7.5,40.0,5.987
2123,708,2,4.5,25.0,162.5,7.5,40.0,5.748
2124,708,3,4.5,25.0,162.5,7.5,40.0,5.994
2125,709,1,4.5,25.0,162.5,7.5,50.0,6.217
2126,709,2,4.5,25.0,162.5,7.5,50.0,6.279
2127,709,3,4.5,25.0,162.5,7.5,50.0,6.843
2128,710,1,4.5,25.0,162.5,7.5,60.0,5.978
2129,710,2,4.5,25.0,162.5,7.5,60.0,6.243
2130,710,3,4.5,25.0,162.5,7.5,60.0,6.424
2131,711,1,4.5,25.0,162.5,10.0,20.0,4.852
2132,711,2,4.5,25.0,162.5,10.0,20.0,5.48
2133,711,3,4.5,25.0,162.5,10.0,20.0,4.719
2134,712,1,4.5,25.0,162.5,10.0,30.0,5.866
2135,712,2,4.5,25.0,162.5,10.0,30.0,5.551
2136,712,3,4.5,25.0,162.5,10.0,30.0,5.677
2137,713,1,4.5,25.0,162.5,10.0,40.0,6.445
2138,713,2,4.5,25.0,162.5,10.0,40.0,6.612
2139,713,3,4.5,25.0,162.5,10.0,40.0,6.464
2140,714,1,4.5,25.0,162.5,10.0,50.0,6.978
2141,714,2,4.5,25.0,162.5,10.0,50.0,6.598
2142,714,3,4.5,25.0,162.5,10.0,50.0,6.532
2143,715,1,4.5,25.0,162.5,10.0,60.0,7.282
2144,715,2,4.5,25.0,162.5,10.0,60.0,6.635
2145,715,3,4.5,25.0,162.5,10.0,60.0,6.324
2146,716,1,4.5,25.0,162.5,12.5,20.0,4.731
2147,716,2,4.5,25.0,162.5,12.5,20.0,4.661
2148,716,3,4.5,25.0,162.5,12.5,20.0,5.187
2149,717,1,4.5,25.0,162.5,12.5,30.0,5.773
2150,717,2,4.5,25.0,162.5,12.5,30.0,5.911
2151,717,3,4.5,25.0,162.5,12.5,30.0,5.857
2152,718,1,4.5,25.0,162.5,12.5,40.0,6.68
2153,718,2,4.5,25.0,162.5,12.5,40.0,6.238
2154,718,3,4.5,25.0,162.5,12.5,40.0,6.174
2155,719,1,4.5,25.0,162.5,12.5,50.0,6.788
2156,719,2,4.5,25.0,162.5,12.5,50.0,6.893
2157,719,3,4.5,25.0,162.5,12.5,50.0,6.818
2158,720,1,4.5,25.0,162.5,12.5,60.0,6.398
2159,720,2,4.5,25.0,162.5,12.5,60.0,6.815
2160,720,3,4.5,25.0,162.5,12.5,60.0,6.417
2161,721,1,4.5,25.0,162.5,15.0,20.0,4.579
2162,721,2,4.5,25.0,162.5,15.0,20.0,4.461
2163,721,3,4.5,25.0,162.5,15.0,20.0,5.089
2164,722,1,4.5,25.0,162.5,15.0,30.0,5.852
2165,722,2,4.5,25.0,162.5,15.0,30.0,5.844
2166,722,3,4.5,25.0,162.5,15.0,30.0,6.024
2167,723,1,4.5,25.0,162.5,15.0,40.0,7.063
2168,723,2,4.5,25.0,162.5,15.0,40.0,5.796
2169,723,3,4.5,25.0,162.5,15.0,40.0,6.068
2170,724,1,4.5,25.0,162.5,15.0,50.0,6.352
2171,724,2,4.5,25.0,162.5,15.0,50.0,6.287
2172,724,3,4.5,25.0,162.5,15.0,50.0,6.223
2173,725,1,4.5,25.0,162.5,15.0,60.0,6.341
2174,725,2,4.5,25.0,162.5,15.0,60.0,6.084
2175,725,3,4.5,25.0,162.5,15.0,60.0,6.519
2176,726,1,4.5,25.0,200.0,5.0,20.0,3.064
2177,726,2,4.5,25.0,200.0,5.0,20.0,3.185
2178,726,3,4.5,25.0,200.0,5.0,20.0,3.192
2179,727,1,4.5,25.0,200.0,5.0,30.0,4.244
2180,727,2,4.5,25.0,200.0,5.0,30.0,3.97
2181,727,3,4.5,25.0,200.0,5.0,30.0,4.669
2182,728,1,4.5,25.0,200.0,5.0,40.0,4.816
2183,728,2,4.5,25.0,200.0,5.0,40.0,4.229
2184,728,3,4.5,25.0,200.0,5.0,40.0,4.469
2185,729,1,4.5,25.0,200.0,5.0,50.0,4.588
2186,729,2,4.5,25.0,200.0,5.0,50.0,5.08
2187,729,3,4.5,25.0,200.0,5.0,50.0,5.041
2188,730,1,4.5,25.0,200.0,5.0,60.0,4.919
2189,730,2,4.5,25.0,200.0,5.0,60.0,5.613
2190,730,3,4.5,25.0,200.0,5.0,60.0,5.204
2191,731,1,4.5,25.0,200.0,7.5,20.0,3.953
2192,731,2,4.5,25.0,200.0,7.5,20.0,3.489
2193,731,3,4.5,25.0,200.0,7.5,20.0,3.47
2194,732,1,4.5,25.0,200.0,7.5,30.0,4.785
2195,732,2,4.5,25.0,200.0,7.5,30.0,4.823
2196,732,3,4.5,25.0,200.0,7.5,30.0,4.255
2197,733,1,4.5,25.0,200.0,7.5,40.0,5.4
2198,733,2,4.5,25.0,200.0,7.5,40.0,5.454
2199,733,3,4.5,25.0,200.0,7.5,40.0,5.39
2200,734,1,4.5,25.0,200.0,7.5,50.0,5.547
2201,734,2,4.5,25.0,200.0,7.5,50.0,5.624
2202,734,3,4.5,25.0,200.0,7.5,50.0,5.725
2203,735,1,4.5,25.0,200.0,7.5,60.0,5.775
2204,735,2,4.5,25.0,200.0,7.5,60.0,5.919
2205,735,3,4.5,25.0,200.0,7.5,60.0,6.053
2206,736,1,4.5,25.0,200.0,10.0,20.0,4.068
2207,736,2,4.5,25.0,200.0,10.0,20.0,4.022
2208,736,3,4.5,25.0,200.0,10.0,20.0,4.273
2209,737,1,4.5,25.0,200.0,10.0,30.0,5.346
2210,737,2,4.5,25.0,200.0,10.0,30.0,5.053
2211,737,3,4.5,25.0,200.0,10.0,30.0,5.396
2212,738,1,4.5,25.0,200.0,10.0,40.0,6.124
2213,738,2,4.5,25.0,200.0,10.0,40.0,6.212
2214,738,3,4.5,25.0,200.0,10.0,40.0,6.348
2215,739,1,4.5,25.0,200.0,10.0,50.0,5.932
2216,739,2,4.5,25.0,200.0,10.0,50.0,6.179
2217,739,3,4.5,25.0,200.0,10.0,50.0,6.178
2218,740,1,4.5,25.0,200.0,10.0,60.0,6.123
2219,740,2,4.5,25.0,200.0,10.0,60.0,5.968
2220,740,3,4.5,25.0,200.0,10.0,60.0,5.734
2221,741,1,4.5,25.0,200.0,12.5,20.0,4.276
2222,741,2,4.5,25.0,200.0,12.5,20.0,4.035
2223,741,3,4.5,25.0,200.0,12.5,20.0,4.274
2224,742,1,4.5,25.0,200.0,12.5,30.0,5.053
2225,742,2,4.5,25.0,200.0,12.5,30.0,4.967
2226,742,3,4.5,25.0,200.0,12.5,30.0,5.341
2227,743,1,4.5,25.0,200.0,12.5,40.0,5.992
2228,743,2,4.5,25.0,200.0,12.5,40.0,6.112
2229,743,3,4.5,25.0,200.0,12.5,40.0,6.562
2230,744,1,4.5,25.0,200.0,12.5,50.0,6.353
2231,744,2,4.5,25.0,200.0,12.5,50.0,6.411
2232,744,3,4.5,25.0,200.0,12.5,50.0,5.973
2233,745,1,4.5,25.0,200.0,12.5,60.0,5.89
2234,745,2,4.5,25.0,200.0,12.5,60.0,6.693
2235,745,3,4.5,25.0,200.0,12.5,60.0,5.991
2236,746,1,4.5,25.0,200.0,15.0,20.0,3.758
2237,746,2,4.5,25.0,200.0,15.0,20.0,4.039
2238,746,3,4.5,25.0,200.0,15.0,20.0,4.025
2239,747,1,4.5,25.0,200.0,15.0,30.0,4.822
2240,747,2,4.5,25.0,200.0,15.0,30.0,4.99
2241,747,3,4.5,25.0,200.0,15.0,30.0,5.419
2242,748,1,4.5,25.0,200.0,15.0,40.0,5.524
2243,748,2,4.5,25.0,200.0,15.0,40.0,5.36
2244,748,3,4.5,25.0,200.0,15.0,40.0,6.014
2245,749,1,4.5,25.0,200.0,15.0,50.0,6.213
2246,749,2,4.5,25.0,200.0,15.0,50.0,5.901
2247,749,3,4.5,25.0,200.0,15.0,50.0,5.632
2248,750,1,4.5,25.0,200.0,15.0,60.0,5.842
2249,750,2,4.5,25.0,200.0,15.0,60.0,6.035
2250,750,3,4.5,25.0,200.0,15.0,60.0,6.376
2251,751,1,4.5,27.5,50.0,5.0,20.0,4.372
2252,751,2,4.5,27.5,50.0,5.0,20.0,4.639
2253,751,3,4.5,27.5,50.0,5.0,20.0,4.852
2254,752,1,4.5,27.5,50.0,5.0,30.0,4.721
2255,752,2,4.5,27.5,50.0,5.0,30.0,5.677
2256,752,3,4.5,27.5,50.0,5.0,30.0,5.056
2257,753,1,4.5,27.5,50.0,5.0,40.0,5.855
2258,753,2,4.5,27.5,50.0,5.0,40.0,5.832
2259,753,3,4.5,27.5,50.0,5.0,40.0,6.066
2260,754,1,4.5,27.5,50.0,5.0,50.0,5.942
2261,754,2,4.5,27.5,50.0,5.0,50.0,5.122
2262,754,3,4.5,27.5,50.0,5.0,50.0,5.568
2263,755,1,4.5,27.5,50.0,5.0,60.0,5.501
2264,755,2,4.5,27.5,50.0,5.0,60.0,5.408
2265,755,3,4.5,27.5,50.0,5.0,60.0,5.596
2266,756,1,4.5,27.5,50.0,7.5,20.0,5.584
2267,756,2,4.5,27.5,50.0,7.5,20.0,5.533
2268,756,3,4.5,27.5,50.0,7.5,20.0,5.303
2269,757,1,4.5,27.5,50.0,7.5,30.0,5.571
2270,757,2,4.5,27.5,50.0,7.5,30.0,5.96
2271,757,3,4.5,27.5,50.0,7.5,30.0,6.204
2272,758,1,4.5,27.5,50.0,7.5,40.0,6.157
2273,758,2,4.5,27.5,50.0,7.5,40.0,6.639
2274,758,3,4.5,27.5,50.0,7.5,40.0,6.717
2275,759,1,4.5,27.5,50.0,7.5,50.0,6.523
2276,759,2,4.5,27.5,50.0,7.5,50.0,5.63
2277,759,3,4.5,27.5,50.0,7.5,50.0,6.13
2278,760,1,4.5,27.5,50.0,7.5,60.0,6.691
2279,760,2,4.5,27.5,50.0,7.5,60.0,6.009
2280,760,3,4.5,27.5,50.0,7.5,60.0,5.607
2281,761,1,4.5,27.5,50.0,10.0,20.0,6.108
2282,761,2,4.5,27.5,50.0,10.0,20.0,5.766
2283,761,3,4.5,27.5,50.0,10.0,20.0,6.072
2284,762,1,4.5,27.5,50.0,10.0,30.0,6.565
2285,762,2,4.5,27.5,50.0,10.0,30.0,6.616
2286,762,3,4.5,27.5,50.0,10.0,30.0,6.589
2287,763,1,4.5,27.5,50.0,10.0,40.0,7.058
2288,763,2,4.5,27.5,50.0,10.0,40.0,7.5
2289,763,3,4.5,27.5,50.0,10.0,40.0,7.134
2290,764,1,4.5,27.5,50.0,10.0,50.0,6.445
2291,764,2,4.5,27.5,50.0,10.0,50.0,7.013
2292,764,3,4.5,27.5,50.0,10.0,50.0,7.207
2293,765,1,4.5,27.5,50.0,10.0,60.0,6.899
2294,765,2,4.5,27.5,50.0,10.0,60.0,6.443
2295,765,3,4.5,27.5,50.0,10.0,60.0,6.889
2296,766,1,4.5,27.5,50.0,12.5,20.0,6.122
2297,766,2,4.5,27.5,50.0,12.5,20.0,6.583
2298,766,3,4.5,27.5,50.0,12.5,20.0,5.652
2299,767,1,4.5,27.5,50.0,12.5,30.0,6.445
2300,767,2,4.5,27.5,50.0,12.5,30.0,6.502
2301,767,3,4.5,27.5,50.0,12.5,30.0,6.45
2302,768,1,4.5,27.5,50.0,12.5,40.0,6.713
2303,768,2,4.5,27.5,50.0,12.5,40.0,6.189
2304,768,3,4.5,27.5,50.0,12.5,40.0,6.841
2305,769,1,4.5,27.5,50.0,12.5,50.0,7.091
2306,769,2,4.5,27.5,50.0,12.5,50.0,6.849
2307,769,3,4.5,27.5,50.0,12.5,50.0,7.529
2308,770,1,4.5,27.5,50.0,12.5,60.0,6.666
2309,770,2,4.5,27.5,50.0,12.5,60.0,7.024
2310,770,3,4.5,27.5,50.0,12.5,60.0,6.736
2311,771,1,4.5,27.5,50.0,15.0,20.0,5.894
2312,771,2,4.5,27.5,50.0,15.0,20.0,5.741
2313,771,3,4.5,27.5,50.0,15.0,20.0,6.046
2314,772,1,4.5,27.5,50.0,15.0,30.0,6.403
2315,772,2,4.5,27.5,50.0,15.0,30.0,6.526
2316,772,3,4.5,27.5,50.0,15.0,30.0,6.49
2317,773,1,4.5,27.5,50.0,15.0,40.0,6.682
2318,773,2,4.5,27.5,50.0,15.0,40.0,6.876
2319,773,3,4.5,27.5,50.0,15.0,40.0,7.388
2320,774,1,4.5,27.5,50.0,15.0,50.0,6.712
2321,774,2,4.5,27.5,50.0,15.0,50.0,6.905
2322,774,3,4.5,27.5,50.0,15.0,50.0,7.14
2323,775,1,4.5,27.5,50.0,15.0,60.0,6.782
2324,775,2,4.5,27.5,50.0,15.0,60.0,6.466
2325,775,3,4.5,27.5,50.0,15.0,60.0,5.795
2326,776,1,4.5,27.5,87.5,5.0,20.0,4.882
2327,776,2,4.5,27.5,87.5,5.0,20.0,4.116
2328,776,3,4.5,27.5,87.5,5.0,20.0,5.149
2329,777,1,4.5,27.5,87.5,5.0,30.0,5.585
2330,777,2,4.5,27.5,87.5,5.0,30.0,5.817
2331,777,3,4.5,27.5,87.5,5.0,30.0,5.285
2332,778,1,4.5,27.5,87.5,5.0,40.0,5.553
2333,778,2,4.5,27.5,87.5,5.0,40.0,6.061
2334,778,3,4.5,27.5,87.5,5.0,40.0,5.978
2335,779,1,4.5,27.5,87.5,5.0,50.0,5.95
2336,779,2,4.5,27.5,87.5,5.0,50.0,6.111
2337,779,3,4.5,27.5,87.5,5.0,50.0,6.862
2338,780,1,4.5,27.5,87.5,5.0,60.0,6.071
2339,780,2,4.5,27.5,87.5,5.0,60.0,6.131
2340,780,3,4.5,27.5,87.5,5.0,60.0,6.074
2341,781,1,4.5,27.5,87.5,7.5,20.0,5.852
2342,781,2,4.5,27.5,87.5,7.5,20.0,5.384
2343,781,3,4.5,27.5,87.5,7.5,20.0,4.862
2344,782,1,4.5,27.5,87.5,7.5,30.0,6.185
2345,782,2,4.5,27.5,87.5,7.5,30.0,6.465
2346,782,3,4.5,27.5,87.5,7.5,30.0,5.966
2347,783,1,4.5,27.5,87.5,7.5,40.0,6.638
2348,783,2,4.5,27.5,87.5,7.5,40.0,6.494
2349,783,3,4.5,27.5,87.5,7.5,40.0,7.108
2350,784,1,4.5,27.5,87.5,7.5,50.0,6.997
2351,784,2,4.5,27.5,87.5,7.5,50.0,6.97
2352,784,3,4.5,27.5,87.5,7.5,50.0,6.962
2353,785,1,4.5,27.5,87.5,7.5,60.0,6.527
2354,785,2,4.5,27.5,87.5,7.5,60.0,6.593
2355,785,3,4.5,27.5,87.5,7.5,60.0,6.206
2356,786,1,4.5,27.5,87.5,10.0,20.0,5.225
2357,786,2,4.5,27.5,87.5,10.0,20.0,5.88
2358,786,3,4.5,27.5,87.5,10.0,20.0,5.928
2359,787,1,4.5,27.5,87.5,10.0,30.0,6.976
2360,787,2,4.5,27.5,87.5,10.0,30.0,7.077
2361,787,3,4.5,27.5,87.5,10.0,30.0,7.077
2362,788,1,4.5,27.5,87.5,10.0,40.0,6.808
2363,788,2,4.5,27.5,87.5,10.0,40.0,6.989
2364,788,3,4.5,27.5,87.5,10.0,40.0,7.222
2365,789,1,4.5,27.5,87.5,10.0,50.0,7.896
2366,789,2,4.5,27.5,87.5,10.0,50.0,7.602
2367,789,3,4.5,27.5,87.5,10.0,50.0,7.501
2368,790,1,4.5,27.5,87.5,10.0,60.0,6.829
2369,790,2,4.5,27.5,87.5,10.0,60.0,6.69
2370,790,3,4.5,27.5,87.5,10.0,60.0,7.158
2371,791,1,4.5,27.5,87.5,12.5,20.0,5.629
2372,791,2,4.5,27.5,87.5,12.5,20.0,5.871
2373,791,3,4.5,27.5,87.5,12.5,20.0,5.905
2374,792,1,4.5,27.5,87.5,12.5,30.0,7.184
2375,792,2,4.5,27.5,87.5,12.5,30.0,6.638
2376,792,3,4.5,27.5,87.5,12.5,30.0,6.055
2377,793,1,4.5,27.5,87.5,12.5,40.0,7.329
2378,793,2,4.5,27.5,87.5,12.5,40.0,6.992
2379,793,3,4.5,27.5,87.5,12.5,40.0,7.199
2380,794,1,4.5,27.5,87.5,12.5,50.0,7.263
2381,794,2,4.5,27.5,87.5,12.5,50.0,7.211
2382,794,3,4.5,27.5,87.5,12.5,50.0,7.509
2383,795,1,4.5,27.5,87.5,12.5,60.0,6.608
2384,795,2,4.5,27.5,87.5,12.5,60.0,6.893
2385,795,3,4.5,27.5,87.5,12.5,60.0,7.229
2386,796,1,4.5,27.5,87.5,15.0,20.0,5.566
2387,796,2,4.5,27.5,87.5,15.0,20.0,5.287
2388,796,3,4.5,27.5,87.5,15.0,20.0,5.925
2389,797,1,4.5,27.5,87.5,15.0,30.0,6.852
2390,797,2,4.5,27.5,87.5,15.0,30.0,6.525
2391,797,3,4.5,27.5,87.5,15.0,30.0,5.988
2392,798,1,4.5,27.5,87.5,15.0,40.0,7.185
2393,798,2,4.5,27.5,87.5,15.0,40.0,6.523
2394,798,3,4.5,27.5,87.5,15.0,40.0,7.074
2395,799,1,4.5,27.5,87.5,15.0,50.0,6.839
2396,799,2,4.5,27.5,87.5,15.0,50.0,6.763
2397,799,3,4.5,27.5,87.5,15.0,50.0,6.964
2398,800,1,4.5,27.5,87.5,15.0,60.0,6.786
2399,800,2,4.5,27.5,87.5,15.0,60.0,6.657
2400,800,3,4.5,27.5,87.5,15.0,60.0,7.002
2401,801,1,4.5,27.5,125.0,5.0,20.0,4.438
2402,801,2,4.5,27.5,125.0,5.0,20.0,4.837
2403,801,3,4.5,27.5,125.0,5.0,20.0,4.641
2404,802,1,4.5,27.5,125.0,5.0,30.0,5.242
2405,802,2,4.5,27.5,125.0,5.0,30.0,5.195
2406,802,3,4.5,27.5,125.0,5.0,30.0,4.976
2407,803,1,4.5,27.5,125.0,5.0,40.0,6.044
2408,803,2,4.5,27.5,125.0,5.0,40.0,5.863
2409,803,3,4.5,27.5,125.0,5.0,40.0,5.298
2410,804,1,4.5,27.5,125.0,5.0,50.0,5.987
2411,804,2,4.5,27.5,125.0,5.0,50.0,5.885
2412,804,3,4.5,27.5,125.0,5.0,50.0,6.579
2413,805,1,4.5,27.5,125.0,5.0,60.0,5.486
2414,805,2,4.5,27.5,125.0,5.0,60.0,5.559
2415,805,3,4.5,27.5,125.0,5.0,60.0,6.273
2416,806,1,4.5,27.5,125.0,7.5,20.0,5.642
2417,806,2,4.5,27.5,125.0,7.5,20.0,5.054
2418,806,3,4.5,27.5,125.0,7.5,20.0,5.086
2419,807,1,4.5,27.5,125.0,7.5,30.0,6.31
2420,807,2,4.5,27.5,125.0,7.5,30.0,5.486
2421,807,3,4.5,27.5,125.0,7.5,30.0,5.616
2422,808,1,4.5,27.5,125.0,7.5,40.0,6.584
2423,808,2,4.5,27.5,125.0,7.5,40.0,7.096
2424,808,3,4.5,27.5,125.0,7.5,40.0,6.54
2425,809,1,4.5,27.5,125.0,7.5,50.0,6.866
2426,809,2,4.5,27.5,125.0,7.5,50.0,7.155
2427,809,3,4.5,27.5,125.0,7.5,50.0,7.427
2428,810,1,4.5,27.5,125.0,7.5,60.0,6.501
2429,810,2,4.5,27.5,125.0,7.5,60.0,6.658
2430,810,3,4.5,27.5,125.0,7.5,60.0,7.173
2431,811,1,4.5,27.5,125.0,10.0,20.0,5.236
2432,811,2,4.5,27.5,125.0,10.0,20.0,5.95
2433,811,3,4.5,27.5,125.0,10.0,20.0,5.377
2434,812,1,4.5,27.5,125.0,10.0,30.0,6.566
2435,812,2,4.5,27.5,125.0,10.0,30.0,6.47
2436,812,3,4.5,27.5,125.0,10.0,30.0,6.269
2437,813,1,4.5,27.5,125.0,10.0,40.0,6.787
2438,813,2,4.5,27.5,125.0,10.0,40.0,7.14
2439,813,3,4.5,27.5,125.0,10.0,40.0,7.341
2440,814,1,4.5,27.5,125.0,10.0,50.0,7.201
2441,814,2,4.5,27.5,125.0,10.0,50.0,7.257
2442,814,3,4.5,27.5,125.0,10.0,50.0,7.397
2443,815,1,4.5,27.5,125.0,10.0,60.0,6.79
2444,815,2,4.5,27.5,125.0,10.0,60.0,7.27
2445,815,3,4.5,27.5,125.0,10.0,60.0,7.292
2446,816,1,4.5,27.5,125.0,12.5,20.0,6.492
2447,816,2,4.5,27.5,125.0,12.5,20.0,5.657
2448,816,3,4.5,27.5,125.0,12.5,20.0,5.634
2449,817,1,4.5,27.5,125.0,12.5,30.0,6.853
2450,817,2,4.5,27.5,125.0,12.5,30.0,6.867
2451,817,3,4.5,27.5,125.0,12.5,30.0,6.488
2452,818,1,4.5,27.5,125.0,12.5,40.0,7.05
2453,818,2,4.5,27.5,125.0,12.5,40.0,7.314
2454,818,3,4.5,27.5,125.0,12.5,40.0,6.931
2455,819,1,4.5,27.5,125.0,12.5,50.0,7.223
2456,819,2,4.5,27.5,125.0,12.5,50.0,7.363
2457,819,3,4.5,27.5,125.0,12.5,50.0,7.616
2458,820,1,4.5,27.5,125.0,12.5,60.0,6.993
2459,820,2,4.5,27.5,125.0,12.5,60.0,6.647
2460,820,3,4.5,27.5,125.0,12.5,60.0,6.626
2461,821,1,4.5,27.5,125.0,15.0,20.0,5.21
2462,821,2,4.5,27.5,125.0,15.0,20.0,5.195
2463,821,3,4.5,27.5,125.0,15.0,20.0,5.519
2464,822,1,4.5,27.5,125.0,15.0,30.0,6.105
2465,822,2,4.5,27.5,125.0,15.0,30.0,6.241
2466,822,3,4.5,27.5,125.0,15.0,30.0,6.221
2467,823,1,4.5,27.5,125.0,15.0,40.0,6.839
2468,823,2,4.5,27.5,125.0,15.0,40.0,7.333
2469,823,3,4.5,27.5,125.0,15.0,40.0,7.148
2470,824,1,4.5,27.5,125.0,15.0,50.0,7.142
2471,824,2,4.5,27.5,125.0,15.0,50.0,7.008
2472,824,3,4.5,27.5,125.0,15.0,50.0,7.016
2473,825,1,4.5,27.5,125.0,15.0,60.0,7.054
2474,825,2,4.5,27.5,125.0,15.0,60.0,7.126
2475,825,3,4.5,27.5,125.0,15.0,60.0,6.708
2476,826,1,4.5,27.5,162.5,5.0,20.0,4.148
2477,826,2,4.5,27.5,162.5,5.0,20.0,3.569
2478,826,3,4.5,27.5,162.5,5.0,20.0,4.197
2479,827,1,4.5,27.5,162.5,5.0,30.0,5.301
2480,827,2,4.5,27.5,162.5,5.0,30.0,5.009
2481,827,3,4.5,27.5,162.5,5.0,30.0,5.596
2482,828,1,4.5,27.5,162.5,5.0,40.0,5.441
2483,828,2,4.5,27.5,162.5,5.0,40.0,5.748
2484,828,3,4.5,27.5,162.5,5.0,40.0,5.677
2485,829,1,4.5,27.5,162.5,5.0,50.0,5.909
2486,829,2,4.5,27.5,162.5,5.0,50.0,5.905
2487,829,3,4.5,27.5,162.5,5.0,50.0,5.967
2488,830,1,4.5,27.5,162.5,5.0,60.0,6.075
2489,830,2,4.5,27.5,162.5,5.0,60.0,6.223
2490,830,3,4.5,27.5,162.5,5.0,60.0,5.837
2491,831,1,4.5,27.5,162.5,7.5,20.0,5.066
2492,831,2,4.5,27.5,162.5,7.5,20.0,4.641
2493,831,3,4.5,27.5,162.5,7.5,20.0,5.052
2494,832,1,4.5,27.5,162.5,7.5,30.0,5.574
2495,832,2,4.5,27.5,162.5,7.5,30.0,6.093
2496,832,3,4.5,27.5,162.5,7.5,30.0,6.406
2497,833,1,4.5,27.5,162.5,7.5,40.0,6.353
2498,833,2,4.5,27.5,162.5,7.5,40.0,5.774
2499,833,3,4.5,27.5,162.5,7.5,40.0,6.234
2500,834,1,4.5,27.5,162.5,7.5,50.0,6.982
2501,834,2,4.5,27.5,162.5,7.5,50.0,6.792
2502,834,3,4.5,27.5,162.5,7.5,50.0,6.707
2503,835,1,4.5,27.5,162.5,7.5,60.0,6.82
2504,835,2,4.5,27.5,162.5,7.5,60.0,6.673
2505,835,3,4.5,27.5,162.5,7.5,60.0,6.878
2506,836,1,4.5,27.5,162.5,10.0,20.0,5.495
2507,836,2,4.5,27.5,162.5,10.0,20.0,5.664
2508,836,3,4.5,27.5,162.5,10.0,20.0,5.338
2509,837,1,4.5,27.5,162.5,10.0,30.0,6.441
2510,837,2,4.5,27.5,162.5,10.0,30.0,6.102
2511,837,3,4.5,27.5,162.5,10.0,30.0,6.019
2512,838,1,4.5,27.5,162.5,10.0,40.0,7.265
2513,838,2,4.5,27.5,162.5,10.0,40.0,6.848
2514,838,3,4.5,27.5,162.5,10.0,40.0,7.013
2515,839,1,4.5,27.5,162.5,10.0,50.0,7.072
2516,839,2,4.5,27.5,162.5,10.0,50.0,6.873
2517,839,3,4.5,27.5,162.5,10.0,50.0,7.041
2518,840,1,4.5,27.5,162.5,10.0,60.0,7.34
2519,840,2,4.5,27.5,162.5,10.0,60.0,7.093
2520,840,3,4.5,27.5,162.5,10.0,60.0,6.458
2521,841,1,4.5,27.5,162.5,12.5,20.0,5.277
2522,841,2,4.5,27.5,162.5,12.5,20.0,5.837
2523,841,3,4.5,27.5,162.5,12.5,20.0,5.278
2524,842,1,4.5,27.5,162.5,12.5,30.0,5.783
2525,842,2,4.5,27.5,162.5,12.5,30.0,6.818
2526,842,3,4.5,27.5,162.5,12.5,30.0,6.479
2527,843,1,4.5,27.5,162.5,12.5,40.0,6.868
2528,843,2,4.5,27.5,162.5,12.5,40.0,6.784
2529,843,3,4.5,27.5,162.5,12.5,40.0,7.191
2530,844,1,4.5,27.5,162.5,12.5,50.0,6.986
2531,844,2,4.5,27.5,162.5,12.5,50.0,7.459
2532,844,3,4.5,27.5,162.5,12.5,50.0,7.289
2533,845,1,4.5,27.5,162.5,12.5,60.0,7.106
2534,845,2,4.5,27.5,162.5,12.5,60.0,7.078
2535,845,3,4.5,27.5,162.5,12.5,60.0,6.989
2536,846,1,4.5,27.5,162.5,15.0,20.0,5.43
2537,846,2,4.5,27.5,162.5,15.0,20.0,4.895
2538,846,3,4.5,27.5,162.5,15.0,20.0,4.683
2539,847,1,4.5,27.5,162.5,15.0,30.0,6.26
2540,847,2,4.5,27.5,162.5,15.0,30.0,6.264
2541,847,3,4.5,27.5,162.5,15.0,30.0,6.222
2542,848,1,4.5,27.5,162.5,15.0,40.0,6.802
2543,848,2,4.5,27.5,162.5,15.0,40.0,6.598
2544,848,3,4.5,27.5,162.5,15.0,40.0,6.908
2545,849,1,4.5,27.5,162.5,15.0,50.0,6.925
2546,849,2,4.5,27.5,162.5,15.0,50.0,6.801
2547,849,3,4.5,27.5,162.5,15.0,50.0,6.85
2548,850,1,4.5,27.5,162.5,15.0,60.0,7.403
2549,850,2,4.5,27.5,162.5,15.0,60.0,6.352
2550,850,3,4.5,27.5,162.5,15.0,60.0,6.977
2551,851,1,4.5,27.5,200.0,5.0,20.0,2.992
2552,851,2,4.5,27.5,200.0,5.0,20.0,3.432
2553,851,3,4.5,27.5,200.0,5.0,20.0,3.341
2554,852,1,4.5,27.5,200.0,5.0,30.0,3.904
2555,852,2,4.5,27.5,200.0,5.0,30.0,4.596
2556,852,3,4.5,27.5,200.0,5.0,30.0,4.381
2557,853,1,4.5,27.5,200.0,5.0,40.0,4.575
2558,853,2,4.5,27.5,200.0,5.0,40.0,5.398
2559,853,3,4.5,27.5,200.0,5.0,40.0,5.564
2560,854,1,4.5,27.5,200.0,5.0,50.0,5.905
2561,854,2,4.5,27.5,200.0,5.0,50.0,5.588
2562,854,3,4.5,27.5,200.0,5.0,50.0,5.5
2563,855,1,4.5,27.5,200.0,5.0,60.0,5.834
2564,855,2,4.5,27.5,200.0,5.0,60.0,5.934
2565,855,3,4.5,27.5,200.0,5.0,60.0,5.78
2566,856,1,4.5,27.5,200.0,7.5,20.0,3.899
2567,856,2,4.5,27.5,200.0,7.5,20.0,4.219
2568,856,3,4.5,27.5,200.0,7.5,20.0,4.286
2569,857,1,4.5,27.5,200.0,7.5,30.0,4.681
2570,857,2,4.5,27.5,200.0,7.5,30.0,5.319
2571,857,3,4.5,27.5,200.0,7.5,30.0,5.824
2572,858,1,4.5,27.5,200.0,7.5,40.0,6.042
2573,858,2,4.5,27.5,200.0,7.5,40.0,6.275
2574,858,3,4.5,27.5,200.0,7.5,40.0,5.914
2575,859,1,4.5,27.5,200.0,7.5,50.0,6.167
2576,859,2,4.5,27.5,200.0,7.5,50.0,6.294
2577,859,3,4.5,27.5,200.0,7.5,50.0,5.959
2578,860,1,4.5,27.5,200.0,7.5,60.0,5.893
2579,860,2,4.5,27.5,200.0,7.5,60.0,6.517
2580,860,3,4.5,27.5,200.0,7.5,60.0,6.547
2581,861,1,4.5,27.5,200.0,10.0,20.0,4.285
2582,861,2,4.5,27.5,200.0,10.0,20.0,4.834
2583,861,3,4.5,27.5,200.0,10.0,20.0,4.538
2584,862,1,4.5,27.5,200.0,10.0,30.0,5.683
2585,862,2,4.5,27.5,200.0,10.0,30.0,5.716
2586,862,3,4.5,27.5,200.0,10.0,30.0,5.866
2587,863,1,4.5,27.5,200.0,10.0,40.0,6.286
2588,863,2,4.5,27.5,200.0,10.0,40.0,6.657
2589,863,3,4.5,27.5,200.0,10.0,40.0,6.349
2590,864,1,4.5,27.5,200.0,10.0,50.0,6.762
2591,864,2,4.5,27.5,200.0,10.0,50.0,6.354
2592,864,3,4.5,27.5,200.0,10.0,50.0,7.192
2593,865,1,4.5,27.5,200.0,10.0,60.0,6.694
2594,865,2,4.5,27.5,200.0,10.0,60.0,6.762
2595,865,3,4.5,27.5,200.0,10.0,60.0,6.112
2596,866,1,4.5,27.5,200.0,12.5,20.0,4.432
2597,866,2,4.5,27.5,200.0,12.5,20.0,5.009
2598,866,3,4.5,27.5,200.0,12.5,20.0,4.743
2599,867,1,4.5,27.5,200.0,12.5,30.0,5.152
2600,867,2,4.5,27.5,200.0,12.5,30.0,5.978
2601,867,3,4.5,27.5,200.0,12.5,30.0,5.535
2602,868,1,4.5,27.5,200.0,12.5,40.0,6.758
2603,868,2,4.5,27.5,200.0,12.5,40.0,6.338
2604,868,3,4.5,27.5,200.0,12.5,40.0,6.42
2605,869,1,4.5,27.5,200.0,12.5,50.0,7.018
2606,869,2,4.5,27.5,200.0,12.5,50.0,6.436
2607,869,3,4.5,27.5,200.0,12.5,50.0,6.41
2608,870,1,4.5,27.5,200.0,12.5,60.0,6.607
2609,870,2,4.5,27.5,200.0,12.5,60.0,6.894
2610,870,3,4.5,27.5,200.0,12.5,60.0,6.29
2611,871,1,4.5,27.5,200.0,15.0,20.0,3.995
2612,871,2,4.5,27.5,200.0,15.0,20.0,4.693
2613,871,3,4.5,27.5,200.0,15.0,20.0,4.294
2614,872,1,4.5,27.5,200.0,15.0,30.0,5.378
2615,872,2,4.5,27.5,200.0,15.0,30.0,4.968
2616,872,3,4.5,27.5,200.0,15.0,30.0,5.297
2617,873,1,4.5,27.5,200.0,15.0,40.0,6.16
2618,873,2,4.5,27.5,200.0,15.0,40.0,6.423
2619,873,3,4.5,27.5,200.0,15.0,40.0,5.947
2620,874,1,4.5,27.5,200.0,15.0,50.0,6.952
2621,874,2,4.5,27.5,200.0,15.0,50.0,6.296
2622,874,3,4.5,27.5,200.0,15.0,50.0,6.296
2623,875,1,4.5,27.5,200.0,15.0,60.0,6.893
2624,875,2,4.5,27.5,200.0,15.0,60.0,6.522
2625,875,3,4.5,27.5,200.0,15.0,60.0,6.308
2626,876,1,4.5,30.0,50.0,5.0,20.0,4.632
2627,876,2,4.5,30.0,50.0,5.0,20.0,5.054
2628,876,3,4.5,30.0,50.0,5.0,20.0,5.086
2629,877,1,4.5,30.0,50.0,5.0,30.0,5.171
2630,877,2,4.5,30.0,50.0,5.0,30.0,5.388
2631,877,3,4.5,30.0,50.0,5.0,30.0,5.425
2632,878,1,4.5,30.0,50.0,5.0,40.0,5.499
2633,878,2,4.5,30.0,50.0,5.0,40.0,5.759
2634,878,3,4.5,30.0,50.0,5.0,40.0,5.776
2635,879,1,4.5,30.0,50.0,5.0,50.0,6.119
2636,879,2,4.5,30.0,50.0,5.0,50.0,6.138
2637,879,3,4.5,30.0,50.0,5.0,50.0,5.708
2638,880,1,4.5,30.0,50.0,5.0,60.0,5.415
2639,880,2,4.5,30.0,50.0,5.0,60.0,5.661
2640,880,3,4.5,30.0,50.0,5.0,60.0,5.311
2641,881,1,4.5,30.0,50.0,7.5,20.0,5.54
2642,881,2,4.5,30.0,50.0,7.5,20.0,5.35
2643,881,3,4.5,30.0,50.0,7.5,20.0,5.104
2644,882,1,4.5,30.0,50.0,7.5,30.0,5.832
2645,882,2,4.5,30.0,50.0,7.5,30.0,6.505
2646,882,3,4.5,30.0,50.0,7.5,30.0,6.056
2647,883,1,4.5,30.0,50.0,7.5,40.0,6.934
2648,883,2,4.5,30.0,50.0,7.5,40.0,6.331
2649,883,3,4.5,30.0,50.0,7.5,40.0,6.557
2650,884,1,4.5,30.0,50.0,7.5,50.0,7.17
2651,884,2,4.5,30.0,50.0,7.5,50.0,6.204
2652,884,3,4.5,30.0,50.0,7.5,50.0,5.969
2653,885,1,4.5,30.0,50.0,7.5,60.0,6.535
2654,885,2,4.5,30.0,50.0,7.5,60.0,5.943
2655,885,3,4.5,30.0,50.0,7.5,60.0,6.169
2656,886,1,4.5,30.0,50.0,10.0,20.0,5.611
2657,886,2,4.5,30.0,50.0,10.0,20.0,5.85
2658,886,3,4.5,30.0,50.0,10.0,20.0,5.509
2659,887,1,4.5,30.0,50.0,10.0,30.0,6.45
2660,887,2,4.5,30.0,50.0,10.0,30.0,6.626
2661,887,3,4.5,30.0,50.0,10.0,30.0,6.218
2662,888,1,4.5,30.0,50.0,10.0,40.0,6.679
2663,888,2,4.5,30.0,50.0,10.0,40.0,6.778
2664,888,3,4.5,30.0,50.0,10.0,40.0,6.475
2665,889,1,4.5,30.0,50.0,10.0,50.0,6.782
2666,889,2,4.5,30.0,50.0,10.0,50.0,6.933
2667,889,3,4.5,30.0,50.0,10.0,50.0,6.788
2668,890,1,4.5,30.0,50.0,10.0,60.0,6.499
2669,890,2,4.5,30.0,50.0,10.0,60.0,6.569
2670,890,3,4.5,30.0,50.0,10.0,60.0,6.391
2671,891,1,4.5,30.0,50.0,12.5,20.0,6.068
2672,891,2,4.5,30.0,50.0,12.5,20.0,6.277
2673,891,3,4.5,30.0,50.0,12.5,20.0,5.745
2674,892,1,4.5,30.0,50.0,12.5,30.0,6.736
2675,892,2,4.5,30.0,50.0,12.5,30.0,6.533
2676,892,3,4.5,30.0,50.0,12.5,30.0,6.702
2677,893,1,4.5,30.0,50.0,12.5,40.0,7.413
2678,893,2,4.5,30.0,50.0,12.5,40.0,7.117
2679,893,3,4.5,30.0,50.0,12.5,40.0,6.478
2680,894,1,4.5,30.0,50.0,12.5,50.0,7.127
2681,894,2,4.5,30.0,50.0,12.5,50.0,7.345
2682,894,3,4.5,30.0,50.0,12.5,50.0,6.938
2683,895,1,4.5,30.0,50.0,12.5,60.0,6.954
2684,895,2,4.5,30.0,50.0,12.5,60.0,6.482
2685,895,3,4.5,30.0,50.0,12.5,60.0,6.259
2686,896,1,4.5,30.0,50.0,15.0,20.0,5.715
2687,896,2,4.5,30.0,50.0,15.0,20.0,5.183
2688,896,3,4.5,30.0,50.0,15.0,20.0,5.608
2689,897,1,4.5,30.0,50.0,15.0,30.0,6.76
2690,897,2,4.5,30.0,50.0,15.0,30.0,5.865
2691,897,3,4.5,30.0,50.0,15.0,30.0,6.042
2692,898,1,4.5,30.0,50.0,15.0,40.0,6.486
2693,898,2,4.5,30.0,50.0,15.0,40.0,6.757
2694,898,3,4.5,30.0,50.0,15.0,40.0,6.673
2695,899,1,4.5,30.0,50.0,15.0,50.0,7.192
2696,899,2,4.5,30.0,50.0,15.0,50.0,7.067
2697,899,3,4.5,30.0,50.0,15.0,50.0,6.939
2698,900,1,4.5,30.0,50.0,15.0,60.0,6.516
2699,900,2,4.5,30.0,50.0,15.0,60.0,6.585
2700,900,3,4.5,30.0,50.0,15.0,60.0,6.234
2701,901,1,4.5,30.0,87.5,5.0,20.0,4.99
2702,901,2,4.5,30.0,87.5,5.0,20.0,4.439
2703,901,3,4.5,30.0,87.5,5.0,20.0,4.984
2704,902,1,4.5,30.0,87.5,5.0,30.0,5.882
2705,902,2,4.5,30.0,87.5,5.0,30.0,5.609
2706,902,3,4.5,30.0,87.5,5.0,30.0,5.501
2707,903,1,4.5,30.0,87.5,5.0,40.0,6.112
2708,903,2,4.5,30.0,87.5,5.0,40.0,5.199
2709,903,3,4.5,30.0,87.5,5.0,40.0,6.085
2710,904,1,4.5,30.0,87.5,5.0,50.0,6.068
2711,904,2,4.5,30.0,87.5,5.0,50.0,6.086
2712,904,3,4.5,30.0,87.5,5.0,50.0,6.298
2713,905,1,4.5,30.0,87.5,5.0,60.0,5.829
2714,905,2,4.5,30.0,87.5,5.0,60.0,5.531
2715,905,3,4.5,30.0,87.5,5.0,60.0,5.81
2716,906,1,4.5,30.0,87.5,7.5,20.0,5.469
2717,906,2,4.5,30.0,87.5,7.5,20.0,5.482
2718,906,3,4.5,30.0,87.5,7.5,20.0,5.495
2719,907,1,4.5,30.0,87.5,7.5,30.0,6.541
2720,907,2,4.5,30.0,87.5,7.5,30.0,5.946
2721,907,3,4.5,30.0,87.5,7.5,30.0,6.299
2722,908,1,4.5,30.0,87.5,7.5,40.0,7.061
2723,908,2,4.5,30.0,87.5,7.5,40.0,6.214
2724,908,3,4.5,30.0,87.5,7.5,40.0,6.75
2725,909,1,4.5,30.0,87.5,7.5,50.0,6.636
2726,909,2,4.5,30.0,87.5,7.5,50.0,6.696
2727,909,3,4.5,30.0,87.5,7.5,50.0,6.547
2728,910,1,4.5,30.0,87.5,7.5,60.0,6.503
2729,910,2,4.5,30.0,87.5,7.5,60.0,7.066
2730,910,3,4.5,30.0,87.5,7.5,60.0,6.196
2731,911,1,4.5,30.0,87.5,10.0,20.0,5.523
2732,911,2,4.5,30.0,87.5,10.0,20.0,5.485
2733,911,3,4.5,30.0,87.5,10.0,20.0,6.334
2734,912,1,4.5,30.0,87.5,10.0,30.0,6.521
2735,912,2,4.5,30.0,87.5,10.0,30.0,6.643
2736,912,3,4.5,30.0,87.5,10.0,30.0,6.537
2737,913,1,4.5,30.0,87.5,10.0,40.0,6.836
2738,913,2,4.5,30.0,87.5,10.0,40.0,7.034
2739,913,3,4.5,30.0,87.5,10.0,40.0,7.788
2740,914,1,4.5,30.0,87.5,10.0,50.0,7.59
2741,914,2,4.5,30.0,87.5,10.0,50.0,6.961
2742,914,3,4.5,30.0,87.5,10.0,50.0,7.381
2743,915,1,4.5,30.0,87.5,10.0,60.0,6.717
2744,915,2,4.5,30.0,87.5,10.0,60.0,6.453
2745,915,3,4.5,30.0,87.5,10.0,60.0,7.235
2746,916,1,4.5,30.0,87.5,12.5,20.0,6.275
2747,916,2,4.5,30.0,87.5,12.5,20.0,6.243
2748,916,3,4.5,30.0,87.5,12.5,20.0,5.818
2749,917,1,4.5,30.0,87.5,12.5,30.0,6.703
2750,917,2,4.5,30.0,87.5,12.5,30.0,6.96
2751,917,3,4.5,30.0,87.5,12.5,30.0,6.86
2752,918,1,4.5,30.0,87.5,12.5,40.0,7.09
2753,918,2,4.5,30.0,87.5,12.5,40.0,6.747
2754,918,3,4.5,30.0,87.5,12.5,40.0,7.232
2755,919,1,4.5,30.0,87.5,12.5,50.0,7.602
2756,919,2,4.5,30.0,87.5,12.5,50.0,6.965
2757,919,3,4.5,30.0,87.5,12.5,50.0,7.479
2758,920,1,4.5,30.0,87.5,12.5,60.0,7.143
2759,920,2,4.5,30.0,87.5,12.5,60.0,7.26
2760,920,3,4.5,30.0,87.5,12.5,60.0,7.294
2761,921,1,4.5,30.0,87.5,15.0,20.0,5.556
2762,921,2,4.5,30.0,87.5,15.0,20.0,5.297
2763,921,3,4.5,30.0,87.5,15.0,20.0,5.601
2764,922,1,4.5,30.0,87.5,15.0,30.0,6.799
2765,922,2,4.5,30.0,87.5,15.0,30.0,6.398
2766,922,3,4.5,30.0,87.5,15.0,30.0,6.356
2767,923,1,4.5,30.0,87.5,15.0,40.0,6.49
2768,923,2,4.5,30.0,87.5,15.0,40.0,7.491
2769,923,3,4.5,30.0,87.5,15.0,40.0,7.231
2770,924,1,4.5,30.0,87.5,15.0,50.0,7.316
2771,924,2,4.5,30.0,87.5,15.0,50.0,7.371
2772,924,3,4.5,30.0,87.5,15.0,50.0,7.261
2773,925,1,4.5,30.0,87.5,15.0,60.0,6.782
2774,925,2,4.5,30.0,87.5,15.0,60.0,6.804
2775,925,3,4.5,30.0,87.5,15.0,60.0,6.73
2776,926,1,4.5,30.0,125.0,5.0,20.0,5.313
2777,926,2,4.5,30.0,125.0,5.0,20.0,4.731
2778,926,3,4.5,30.0,125.0,5.0,20.0,4.445
2779,927,1,4.5,30.0,125.0,5.0,30.0,5.58
2780,927,2,4.5,30.0,125.0,5.0,30.0,5.167
2781,927,3,4.5,30.0,125.0,5.0,30.0,5.871
2782,928,1,4.5,30.0,125.0,5.0,40.0,5.79
2783,928,2,4.5,30.0,125.0,5.0,40.0,6.115
2784,928,3,4.5,30.0,125.0,5.0,40.0,6.273
2785,929,1,4.5,30.0,125.0,5.0,50.0,6.258
2786,929,2,4.5,30.0,125.0,5.0,50.0,6.176
2787,929,3,4.5,30.0,125.0,5.0,50.0,6.153
2788,930,1,4.5,30.0,125.0,5.0,60.0,5.959
2789,930,2,4.5,30.0,125.0,5.0,60.0,5.814
2790,930,3,4.5,30.0,125.0,5.0,60.0,5.849
2791,931,1,4.5,30.0,125.0,7.5,20.0,5.689
2792,931,2,4.5,30.0,125.0,7.5,20.0,5.245
2793,931,3,4.5,30.0,125.0,7.5,20.0,5.055
2794,932,1,4.5,30.0,125.0,7.5,30.0,6.005
2795,932,2,4.5,30.0,125.0,7.5,30.0,6.458
2796,932,3,4.5,30.0,125.0,7.5,30.0,6.339
2797,933,1,4.5,30.0,125.0,7.5,40.0,6.832
2798,933,2,4.5,30.0,125.0,7.5,40.0,6.603
2799,933,3,4.5,30.0,125.0,7.5,40.0,6.836
2800,934,1,4.5,30.0,125.0,7.5,50.0,6.67
2801,934,2,4.5,30.0,125.0,7.5,50.0,6.777
2802,934,3,4.5,30.0,125.0,7.5,50.0,7.122
2803,935,1,4.5,30.0,125.0,7.5,60.0,6.92
2804,935,2,4.5,30.0,125.0,7.5,60.0,6.4
2805,935,3,4.5,30.0,125.0,7.5,60.0,6.435
2806,936,1,4.5,30.0,125.0,10.0,20.0,5.705
2807,936,2,4.5,30.0,125.0,10.0,20.0,6.158
2808,936,3,4.5,30.0,125.0,10.0,20.0,5.139
2809,937,1,4.5,30.0,125.0,10.0,30.0,6.628
2810,937,2,4.5,30.0,125.0,10.0,30.0,6.165
2811,937,3,4.5,30.0,125.0,10.0,30.0,6.372
2812,938,1,4.5,30.0,125.0,10.0,40.0,6.973
2813,938,2,4.5,30.0,125.0,10.0,40.0,6.957
2814,938,3,4.5,30.0,125.0,10.0,40.0,6.926
2815,939,1,4.5,30.0,125.0,10.0,50.0,7.252
2816,939,2,4.5,30.0,125.0,10.0,50.0,7.1
2817,939,3,4.5,30.0,125.0,10.0,50.0,6.841
2818,940,1,4.5,30.0,125.0,10.0,60.0,7.293
2819,940,2,4.5,30.0,125.0,10.0,60.0,7.286
2820,940,3,4.5,30.0,125.0,10.0,60.0,7.311
2821,941,1,4.5,30.0,125.0,12.5,20.0,5.344
2822,941,2,4.5,30.0,125.0,12.5,20.0,5.859
2823,941,3,4.5,30.0,125.0,12.5,20.0,5.964
2824,942,1,4.5,30.0,125.0,12.5,30.0,6.361
2825,942,2,4.5,30.0,125.0,12.5,30.0,6.653
2826,942,3,4.5,30.0,125.0,12.5,30.0,6.617
2827,943,1,4.5,30.0,125.0,12.5,40.0,7.691
2828,943,2,4.5,30.0,125.0,12.5,40.0,7.714
2829,943,3,4.5,30.0,125.0,12.5,40.0,6.709
2830,944,1,4.5,30.0,125.0,12.5,50.0,8.048
2831,944,2,4.5,30.0,125.0,12.5,50.0,7.094
2832,944,3,4.5,30.0,125.0,12.5,50.0,7.625
2833,945,1,4.5,30.0,125.0,12.5,60.0,7.447
2834,945,2,4.5,30.0,125.0,12.5,60.0,6.896
2835,945,3,4.5,30.0,125.0,12.5,60.0,7.313
2836,946,1,4.5,30.0,125.0,15.0,20.0,5.545
2837,946,2,4.5,30.0,125.0,15.0,20.0,5.73
2838,946,3,4.5,30.0,125.0,15.0,20.0,5.64
2839,947,1,4.5,30.0,125.0,15.0,30.0,6.785
2840,947,2,4.5,30.0,125.0,15.0,30.0,6.471
2841,947,3,4.5,30.0,125.0,15.0,30.0,6.403
2842,948,1,4.5,30.0,125.0,15.0,40.0,7.282
2843,948,2,4.5,30.0,125.0,15.0,40.0,7.138
2844,948,3,4.5,30.0,125.0,15.0,40.0,7.18
2845,949,1,4.5,30.0,125.0,15.0,50.0,6.964
2846,949,2,4.5,30.0,125.0,15.0,50.0,6.857
2847,949,3,4.5,30.0,125.0,15.0,50.0,6.991
2848,950,1,4.5,30.0,125.0,15.0,60.0,6.801
2849,950,2,4.5,30.0,125.0,15.0,60.0,7.195
2850,950,3,4.5,30.0,125.0,15.0,60.0,7.248
2851,951,1,4.5,30.0,162.5,5.0,20.0,4.107
2852,951,2,4.5,30.0,162.5,5.0,20.0,4.551
2853,951,3,4.5,30.0,162.5,5.0,20.0,4.533
2854,952,1,4.5,30.0,162.5,5.0,30.0,5.168
2855,952,2,4.5,30.0,162.5,5.0,30.0,4.87
2856,952,3,4.5,30.0,162.5,5.0,30.0,5.541
2857,953,1,4.5,30.0,162.5,5.0,40.0,5.683
2858,953,2,4.5,30.0,162.5,5.0,40.0,5.735
2859,953,3,4.5,30.0,162.5,5.0,40.0,5.605
2860,954,1,4.5,30.0,162.5,5.0,50.0,5.701
2861,954,2,4.5,30.0,162.5,5.0,50.0,5.539
2862,954,3,4.5,30.0,162.5,5.0,50.0,6.127
2863,955,1,4.5,30.0,162.5,5.0,60.0,5.631
2864,955,2,4.5,30.0,162.5,5.0,60.0,6.707
2865,955,3,4.5,30.0,162.5,5.0,60.0,5.546
2866,956,1,4.5,30.0,162.5,7.5,20.0,4.498
2867,956,2,4.5,30.0,162.5,7.5,20.0,4.993
2868,956,3,4.5,30.0,162.5,7.5,20.0,5.278
2869,957,1,4.5,30.0,162.5,7.5,30.0,5.818
2870,957,2,4.5,30.0,162.5,7.5,30.0,5.96
2871,957,3,4.5,30.0,162.5,7.5,30.0,5.284
2872,958,1,4.5,30.0,162.5,7.5,40.0,6.21
2873,958,2,4.5,30.0,162.5,7.5,40.0,6.099
2874,958,3,4.5,30.0,162.5,7.5,40.0,5.869
2875,959,1,4.5,30.0,162.5,7.5,50.0,6.683
2876,959,2,4.5,30.0,162.5,7.5,50.0,6.022
2877,959,3,4.5,30.0,162.5,7.5,50.0,6.28
2878,960,1,4.5,30.0,162.5,7.5,60.0,6.4
2879,960,2,4.5,30.0,162.5,7.5,60.0,6.317
2880,960,3,4.5,30.0,162.5,7.5,60.0,6.661
2881,961,1,4.5,30.0,162.5,10.0,20.0,5.336
2882,961,2,4.5,30.0,162.5,10.0,20.0,5.5
2883,961,3,4.5,30.0,162.5,10.0,20.0,5.461
2884,962,1,4.5,30.0,162.5,10.0,30.0,6.519
2885,962,2,4.5,30.0,162.5,10.0,30.0,6.199
2886,962,3,4.5,30.0,162.5,10.0,30.0,6.285
2887,963,1,4.5,30.0,162.5,10.0,40.0,6.943
2888,963,2,4.5,30.0,162.5,10.0,40.0,6.84
2889,963,3,4.5,30.0,162.5,10.0,40.0,6.689
2890,964,1,4.5,30.0,162.5,10.0,50.0,6.957
2891,964,2,4.5,30.0,162.5,10.0,50.0,6.821
2892,964,3,4.5,30.0,162.5,10.0,50.0,7.168
2893,965,1,4.5,30.0,162.5,10.0,60.0,6.924
2894,965,2,4.5,30.0,162.5,10.0,60.0,6.764
2895,965,3,4.5,30.0,162.5,10.0,60.0,6.765
2896,966,1,4.5,30.0,162.5,12.5,20.0,5.011
2897,966,2,4.5,30.0,162.5,12.5,20.0,5.624
2898,966,3,4.5,30.0,162.5,12.5,20.0,5.372
2899,967,1,4.5,30.0,162.5,12.5,30.0,6.058
2900,967,2,4.5,30.0,162.5,12.5,30.0,6.526
2901,967,3,4.5,30.0,162.5,12.5,30.0,6.143
2902,968,1,4.5,30.0,162.5,12.5,40.0,6.506
2903,968,2,4.5,30.0,162.5,12.5,40.0,7.186
2904,968,3,4.5,30.0,162.5,12.5,40.0,6.75
2905,969,1,4.5,30.0,162.5,12.5,50.0,7.036
2906,969,2,4.5,30.0,162.5,12.5,50.0,7.162
2907,969,3,4.5,30.0,162.5,12.5,50.0,7.47
2908,970,1,4.5,30.0,162.5,12.5,60.0,7.056
2909,970,2,4.5,30.0,162.5,12.5,60.0,6.714
2910,970,3,4.5,30.0,162.5,12.5,60.0,7.202
2911,971,1,4.5,30.0,162.5,15.0,20.0,5.014
2912,971,2,4.5,30.0,162.5,15.0,20.0,5.679
2913,971,3,4.5,30.0,162.5,15.0,20.0,5.15
2914,972,1,4.5,30.0,162.5,15.0,30.0,5.474
2915,972,2,4.5,30.0,162.5,15.0,30.0,6.2
2916,972,3,4.5,30.0,162.5,15.0,30.0,6.644
2917,973,1,4.5,30.0,162.5,15.0,40.0,7.141
2918,973,2,4.5,30.0,162.5,15.0,40.0,7.213
2919,973,3,4.5,30.0,162.5,15.0,40.0,6.414
2920,974,1,4.5,30.0,162.5,15.0,50.0,7.205
2921,974,2,4.5,30.0,162.5,15.0,50.0,6.748
2922,974,3,4.5,30.0,162.5,15.0,50.0,7.013
2923,975,1,4.5,30.0,162.5,15.0,60.0,6.494
2924,975,2,4.5,30.0,162.5,15.0,60.0,6.67
2925,975,3,4.5,30.0,162.5,15.0,60.0,6.661
2926,976,1,4.5,30.0,200.0,5.0,20.0,3.727
2927,976,2,4.5,30.0,200.0,5.0,20.0,3.699
2928,976,3,4.5,30.0,200.0,5.0,20.0,3.553
2929,977,1,4.5,30.0,200.0,5.0,30.0,4.122
2930,977,2,4.5,30.0,200.0,5.0,30.0,4.413
2931,977,3,4.5,30.0,200.0,5.0,30.0,4.291
2932,978,1,4.5,30.0,200.0,5.0,40.0,5.419
2933,978,2,4.5,30.0,200.0,5.0,40.0,5.505
2934,978,3,4.5,30.0,200.0,5.0,40.0,5.471
2935,979,1,4.5,30.0,200.0,5.0,50.0,5.289
2936,979,2,4.5,30.0,200.0,5.0,50.0,4.733
2937,979,3,4.5,30.0,200.0,5.0,50.0,5.005
2938,980,1,4.5,30.0,200.0,5.0,60.0,5.873
2939,980,2,4.5,30.0,200.0,5.0,60.0,5.363
2940,980,3,4.5,30.0,200.0,5.0,60.0,5.265
2941,981,1,4.5,30.0,200.0,7.5,20.0,4.635
2942,981,2,4.5,30.0,200.0,7.5,20.0,4.529
2943,981,3,4.5,30.0,200.0,7.5,20.0,4.182
2944,982,1,4.5,30.0,200.0,7.5,30.0,5.118
2945,982,2,4.5,30.0,200.0,7.5,30.0,5.163
2946,982,3,4.5,30.0,200.0,7.5,30.0,5.264
2947,983,1,4.5,30.0,200.0,7.5,40.0,6.323
2948,983,2,4.5,30.0,200.0,7.5,40.0,5.993
2949,983,3,4.5,30.0,200.0,7.5,40.0,6.078
2950,984,1,4.5,30.0,200.0,7.5,50.0,6.527
2951,984,2,4.5,30.0,200.0,7.5,50.0,5.872
2952,984,3,4.5,30.0,200.0,7.5,50.0,6.411
2953,985,1,4.5,30.0,200.0,7.5,60.0,6.093
2954,985,2,4.5,30.0,200.0,7.5,60.0,5.47
2955,985,3,4.5,30.0,200.0,7.5,60.0,5.579
2956,986,1,4.5,30.0,200.0,10.0,20.0,4.29
2957,986,2,4.5,30.0,200.0,10.0,20.0,4.724
2958,986,3,4.5,30.0,200.0,10.0,20.0,4.607
2959,987,1,4.5,30.0,200.0,10.0,30.0,5.652
2960,987,2,4.5,30.0,200.0,10.0,30.0,6.146
2961,987,3,4.5,30.0,200.0,10.0,30.0,5.245
2962,988,1,4.5,30.0,200.0,10.0,40.0,6.267
2963,988,2,4.5,30.0,200.0,10.0,40.0,6.36
2964,988,3,4.5,30.0,200.0,10.0,40.0,6.069
2965,989,1,4.5,30.0,200.0,10.0,50.0,6.608
2966,989,2,4.5,30.0,200.0,10.0,50.0,6.152
2967,989,3,4.5,30.0,200.0,10.0,50.0,6.995
2968,990,1,4.5,30.0,200.0,10.0,60.0,6.384
2969,990,2,4.5,30.0,200.0,10.0,60.0,7.144
2970,990,3,4.5,30.0,200.0,10.0,60.0,6.566
2971,991,1,4.5,30.0,200.0,12.5,20.0,4.963
2972,991,2,4.5,30.0,200.0,12.5,20.0,4.66
2973,991,3,4.5,30.0,200.0,12.5,20.0,4.666
2974,992,1,4.5,30.0,200.0,12.5,30.0,5.536
2975,992,2,4.5,30.0,200.0,12.5,30.0,5.733
2976,992,3,4.5,30.0,200.0,12.5,30.0,5.789
2977,993,1,4.5,30.0,200.0,12.5,40.0,6.155
2978,993,2,4.5,30.0,200.0,12.5,40.0,6.34
2979,993,3,4.5,30.0,200.0,12.5,40.0,6.204
2980,994,1,4.5,30.0,200.0,12.5,50.0,7.344
2981,994,2,4.5,30.0,200.0,12.5,50.0,6.675
2982,994,3,4.5,30.0,200.0,12.5,50.0,7.133
2983,995,1,4.5,30.0,200.0,12.5,60.0,6.62
2984,995,2,4.5,30.0,200.0,12.5,60.0,6.748
2985,995,3,4.5,30.0,200.0,12.5,60.0,6.305
2986,996,1,4.5,30.0,200.0,15.0,20.0,4.35
2987,996,2,4.5,30.0,200.0,15.0,20.0,4.534
2988,996,3,4.5,30.0,200.0,15.0,20.0,4.919
2989,997,1,4.5,30.0,200.0,15.0,30.0,5.562
2990,997,2,4.5,30.0,200.0,15.0,30.0,5.887
2991,997,3,4.5,30.0,200.0,15.0,30.0,5.679
2992,998,1,4.5,30.0,200.0,15.0,40.0,6.631
2993,998,2,4.5,30.0,200.0,15.0,40.0,6.158
2994,998,3,4.5,30.0,200.0,15.0,40.0,6.844
2995,999,1,4.5,30.0,200.0,15.0,50.0,6.364
2996,999,2,4.5,30.0,200.0,15.0,50.0,6.285
2997,999,3,4.5,30.0,200.0,15.0,50.0,6.161
2998,1000,1,4.5,30.0,200.0,15.0,60.0,7.128
2999,1000,2,4.5,30.0,200.0,15.0,60.0,6.704
3000,1000,3,4.5,30.0,200.0,15.0,60.0,6.381
3001,1001,1,4.5,32.5,50.0,5.0,20.0,4.637
3002,1001,2,4.5,32.5,50.0,5.0,20.0,4.48
3003,1001,3,4.5,32.5,50.0,5.0,20.0,4.838
3004,1002,1,4.5,32.5,50.0,5.0,30.0,4.579
3005,1002,2,4.5,32.5,50.0,5.0,30.0,4.938
3006,1002,3,4.5,32.5,50.0,5.0,30.0,4.883
3007,1003,1,4.5,32.5,50.0,5.0,40.0,4.835
3008,1003,2,4.5,32.5,50.0,5.0,40.0,5.684
3009,1003,3,4.5,32.5,50.0,5.0,40.0,5.312
3010,1004,1,4.5,32.5,50.0,5.0,50.0,5.62
3011,1004,2,4.5,32.5,50.0,5.0,50.0,6.073
3012,1004,3,4.5,32.5,50.0,5.0,50.0,5.314
3013,1005,1,4.5,32.5,50.0,5.0,60.0,4.97
3014,1005,2,4.5,32.5,50.0,5.0,60.0,5.121
3015,1005,3,4.5,32.5,50.0,5.0,60.0,5.364
3016,1006,1,4.5,32.5,50.0,7.5,20.0,4.829
3017,1006,2,4.5,32.5,50.0,7.5,20.0,4.811
3018,1006,3,4.5,32.5,50.0,7.5,20.0,5.284
3019,1007,1,4.5,32.5,50.0,7.5,30.0,5.819
3020,1007,2,4.5,32.5,50.0,7.5,30.0,5.14
3021,1007,3,4.5,32.5,50.0,7.5,30.0,5.369
3022,1008,1,4.5,32.5,50.0,7.5,40.0,6.508
3023,1008,2,4.5,32.5,50.0,7.5,40.0,6.2
3024,1008,3,4.5,32.5,50.0,7.5,40.0,5.874
3025,1009,1,4.5,32.5,50.0,7.5,50.0,6.065
3026,1009,2,4.5,32.5,50.0,7.5,50.0,6.116
3027,1009,3,4.5,32.5,50.0,7.5,50.0,6.319
3028,1010,1,4.5,32.5,50.0,7.5,60.0,5.407
3029,1010,2,4.5,32.5,50.0,7.5,60.0,5.552
3030,1010,3,4.5,32.5,50.0,7.5,60.0,5.864
3031,1011,1,4.5,32.5,50.0,10.0,20.0,5.36
3032,1011,2,4.5,32.5,50.0,10.0,20.0,5.548
3033,1011,3,4.5,32.5,50.0,10.0,20.0,5.043
3034,1012,1,4.5,32.5,50.0,10.0,30.0,6.212
3035,1012,2,4.5,32.5,50.0,10.0,30.0,6.418
3036,1012,3,4.5,32.5,50.0,10.0,30.0,6.249
3037,1013,1,4.5,32.5,50.0,10.0,40.0,6.526
3038,1013,2,4.5,32.5,50.0,10.0,40.0,6.461
3039,1013,3,4.5,32.5,50.0,10.0,40.0,6.254
3040,1014,1,4.5,32.5,50.0,10.0,50.0,6.492
3041,1014,2,4.5,32.5,50.0,10.0,50.0,6.865
3042,1014,3,4.5,32.5,50.0,10.0,50.0,6.479
3043,1015,1,4.5,32.5,50.0,10.0,60.0,5.938
3044,1015,2,4.5,32.5,50.0,10.0,60.0,6.05
3045,1015,3,4.5,32.5,50.0,10.0,60.0,6.244
3046,1016,1,4.5,32.5,50.0,12.5,20.0,5.383
3047,1016,2,4.5,32.5,50.0,12.5,20.0,5.623
3048,1016,3,4.5,32.5,50.0,12.5,20.0,5.634
3049,1017,1,4.5,32.5,50.0,12.5,30.0,6.461
3050,1017,2,4.5,32.5,50.0,12.5,30.0,6.611
3051,1017,3,4.5,32.5,50.0,12.5,30.0,6.491
3052,1018,1,4.5,32.5,50.0,12.5,40.0,6.326
3053,1018,2,4.5,32.5,50.0,12.5,40.0,6.335
3054,1018,3,4.5,32.5,50.0,12.5,40.0,6.566
3055,1019,1,4.5,32.5,50.0,12.5,50.0,6.486
3056,1019,2,4.5,32.5,50.0,12.5,50.0,6.294
3057,1019,3,4.5,32.5,50.0,12.5,50.0,6.489
3058,1020,1,4.5,32.5,50.0,12.5,60.0,6.155
3059,1020,2,4.5,32.5,50.0,12.5,60.0,6.099
3060,1020,3,4.5,32.5,50.0,12.5,60.0,6.199
3061,1021,1,4.5,32.5,50.0,15.0,20.0,5.617
3062,1021,2,4.5,32.5,50.0,15.0,20.0,5.343
3063,1021,3,4.5,32.5,50.0,15.0,20.0,5.98
3064,1022,1,4.5,32.5,50.0,15.0,30.0,6.06
3065,1022,2,4.5,32.5,50.0,15.0,30.0,5.931
3066,1022,3,4.5,32.5,50.0,15.0,30.0,6.014
3067,1023,1,4.5,32.5,50.0,15.0,40.0,6.459
3068,1023,2,4.5,32.5,50.0,15.0,40.0,6.509
3069,1023,3,4.5,32.5,50.0,15.0,40.0,6.969
3070,1024,1,4.5,32.5,50.0,15.0,50.0,6.176
3071,1024,2,4.5,32.5,50.0,15.0,50.0,6.653
3072,1024,3,4.5,32.5,50.0,15.0,50.0,6.471
3073,1025,1,4.5,32.5,50.0,15.0,60.0,5.648
3074,1025,2,4.5,32.5,50.0,15.0,60.0,6.303
3075,1025,3,4.5,32.5,50.0,15.0,60.0,6.442
3076,1026,1,4.5,32.5,87.5,5.0,20.0,4.122
3077,1026,2,4.5,32.5,87.5,5.0,20.0,4.36
3078,1026,3,4.5,32.5,87.5,5.0,20.0,3.879
3079,1027,1,4.5,32.5,87.5,5.0,30.0,4.81
3080,1027,2,4.5,32.5,87.5,5.0,30.0,5.456
3081,1027,3,4.5,32.5,87.5,5.0,30.0,5.032
3082,1028,1,4.5,32.5,87.5,5.0,40.0,5.302
3083,1028,2,4.5,32.5,87.5,5.0,40.0,5.677
3084,1028,3,4.5,32.5,87.5,5.0,40.0,5.466
3085,1029,1,4.5,32.5,87.5,5.0,50.0,5.581
3086,1029,2,4.5,32.5,87.5,5.0,50.0,5.92
3087,1029,3,4.5,32.5,87.5,5.0,50.0,5.387
3088,1030,1,4.5,32.5,87.5,5.0,60.0,5.209
3089,1030,2,4.5,32.5,87.5,5.0,60.0,5.506
3090,1030,3,4.5,32.5,87.5,5.0,60.0,5.734
3091,1031,1,4.5,32.5,87.5,7.5,20.0,5.409
3092,1031,2,4.5,32.5,87.5,7.5,20.0,4.876
3093,1031,3,4.5,32.5,87.5,7.5,20.0,5.325
3094,1032,1,4.5,32.5,87.5,7.5,30.0,5.643
3095,1032,2,4.5,32.5,87.5,7.5,30.0,6.374
3096,1032,3,4.5,32.5,87.5,7.5,30.0,5.545
3097,1033,1,4.5,32.5,87.5,7.5,40.0,6.684
3098,1033,2,4.5,32.5,87.5,7.5,40.0,6.129
3099,1033,3,4.5,32.5,87.5,7.5,40.0,6.876
3100,1034,1,4.5,32.5,87.5,7.5,50.0,6.578
3101,1034,2,4.5,32.5,87.5,7.5,50.0,6.128
3102,1034,3,4.5,32.5,87.5,7.5,50.0,6.266
3103,1035,1,4.5,32.5,87.5,7.5,60.0,6.381
3104,1035,2,4.5,32.5,87.5,7.5,60.0,6.457
3105,1035,3,4.5,32.5,87.5,7.5,60.0,6.143
3106,1036,1,4.5,32.5,87.5,10.0,20.0,5.475
3107,1036,2,4.5,32.5,87.5,10.0,20.0,5.675
3108,1036,3,4.5,32.5,87.5,10.0,20.0,5.499
3109,1037,1,4.5,32.5,87.5,10.0,30.0,5.9
3110,1037,2,4.5,32.5,87.5,10.0,30.0,6.035
3111,1037,3,4.5,32.5,87.5,10.0,30.0,6.328
3112,1038,1,4.5,32.5,87.5,10.0,40.0,7.053
3113,1038,2,4.5,32.5,87.5,10.0,40.0,7.165
3114,1038,3,4.5,32.5,87.5,10.0,40.0,6.931
3115,1039,1,4.5,32.5,87.5,10.0,50.0,6.893
3116,1039,2,4.5,32.5,87.5,10.0,50.0,7.022
3117,1039,3,4.5,32.5,87.5,10.0,50.0,6.626
3118,1040,1,4.5,32.5,87.5,10.0,60.0,6.52
3119,1040,2,4.5,32.5,87.5,10.0,60.0,6.332
3120,1040,3,4.5,32.5,87.5,10.0,60.0,6.213
3121,1041,1,4.5,32.5,87.5,12.5,20.0,5.656
3122,1041,2,4.5,32.5,87.5,12.5,20.0,5.614
3123,1041,3,4.5,32.5,87.5,12.5,20.0,5.755
3124,1042,1,4.5,32.5,87.5,12.5,30.0,6.515
3125,1042,2,4.5,32.5,87.5,12.5,30.0,6.43
3126,1042,3,4.5,32.5,87.5,12.5,30.0,6.518
3127,1043,1,4.5,32.5,87.5,12.5,40.0,6.801
3128,1043,2,4.5,32.5,87.5,12.5,40.0,6.928
3129,1043,3,4.5,32.5,87.5,12.5,40.0,6.609
3130,1044,1,4.5,32.5,87.5,12.5,50.0,7.016
3131,1044,2,4.5,32.5,87.5,12.5,50.0,7.1
3132,1044,3,4.5,32.5,87.5,12.5,50.0,6.725
3133,1045,1,4.5,32.5,87.5,12.5,60.0,6.677
3134,1045,2,4.5,32.5,87.5,12.5,60.0,6.488
3135,1045,3,4.5,32.5,87.5,12.5,60.0,6.515
3136,1046,1,4.5,32.5,87.5,15.0,20.0,5.048
3137,1046,2,4.5,32.5,87.5,15.0,20.0,5.717
3138,1046,3,4.5,32.5,87.5,15.0,20.0,5.661
3139,1047,1,4.5,32.5,87.5,15.0,30.0,6.313
3140,1047,2,4.5,32.5,87.5,15.0,30.0,6.715
3141,1047,3,4.5,32.5,87.5,15.0,30.0,6.11
3142,1048,1,4.5,32.5,87.5,15.0,40.0,7.461
3143,1048,2,4.5,32.5,87.5,15.0,40.0,6.549
3144,1048,3,4.5,32.5,87.5,15.0,40.0,6.684
3145,1049,1,4.5,32.5,87.5,15.0,50.0,6.601
3146,1049,2,4.5,32.5,87.5,15.0,50.0,6.817
3147,1049,3,4.5,32.5,87.5,15.0,50.0,6.946
3148,1050,1,4.5,32.5,87.5,15.0,60.0,6.431
3149,1050,2,4.5,32.5,87.5,15.0,60.0,6.96
3150,1050,3,4.5,32.5,87.5,15.0,60.0,6.529
3151,1051,1,4.5,32.5,125.0,5.0,20.0,4.263
3152,1051,2,4.5,32.5,125.0,5.0,20.0,3.933
3153,1051,3,4.5,32.5,125.0,5.0,20.0,4.305
3154,1052,1,4.5,32.5,125.0,5.0,30.0,5.025
3155,1052,2,4.5,32.5,125.0,5.0,30.0,4.892
3156,1052,3,4.5,32.5,125.0,5.0,30.0,4.845
3157,1053,1,4.5,32.5,125.0,5.0,40.0,6.336
3158,1053,2,4.5,32.5,125.0,5.0,40.0,5.514
3159,1053,3,4.5,32.5,125.0,5.0,40.0,5.18
3160,1054,1,4.5,32.5,125.0,5.0,50.0,5.567
3161,1054,2,4.5,32.5,125.0,5.0,50.0,5.748
3162,1054,3,4.5,32.5,125.0,5.0,50.0,5.916
3163,1055,1,4.5,32.5,125.0,5.0,60.0,5.743
3164,1055,2,4.5,32.5,125.0,5.0,60.0,5.777
3165,1055,3,4.5,32.5,125.0,5.0,60.0,5.407
3166,1056,1,4.5,32.5,125.0,7.5,20.0,4.983
3167,1056,2,4.5,32.5,125.0,7.5,20.0,4.642
3168,1056,3,4.5,32.5,125.0,7.5,20.0,4.714
3169,1057,1,4.5,32.5,125.0,7.5,30.0,5.506
3170,1057,2,4.5,32.5,125.0,7.5,30.0,5.43
3171,1057,3,4.5,32.5,125.0,7.5,30.0,6.06
3172,1058,1,4.5,32.5,125.0,7.5,40.0,6.48
3173,1058,2,4.5,32.5,125.0,7.5,40.0,6.561
3174,1058,3,4.5,32.5,125.0,7.5,40.0,6.299
3175,1059,1,4.5,32.5,125.0,7.5,50.0,6.68
3176,1059,2,4.5,32.5,125.0,7.5,50.0,5.969
3177,1059,3,4.5,32.5,125.0,7.5,50.0,6.704
3178,1060,1,4.5,32.5,125.0,7.5,60.0,6.337
3179,1060,2,4.5,32.5,125.0,7.5,60.0,6.463
3180,1060,3,4.5,32.5,125.0,7.5,60.0,6.394
3181,1061,1,4.5,32.5,125.0,10.0,20.0,5.011
3182,1061,2,4.5,32.5,125.0,10.0,20.0,4.868
3183,1061,3,4.5,32.5,125.0,10.0,20.0,5.088
3184,1062,1,4.5,32.5,125.0,10.0,30.0,6.321
3185,1062,2,4.5,32.5,125.0,10.0,30.0,6.356
3186,1062,3,4.5,32.5,125.0,10.0,30.0,5.779
3187,1063,1,4.5,32.5,125.0,10.0,40.0,6.413
3188,1063,2,4.5,32.5,125.0,10.0,40.0,6.485
3189,1063,3,4.5,32.5,125.0,10.0,40.0,6.587
3190,1064,1,4.5,32.5,125.0,10.0,50.0,6.481
3191,1064,2,4.5,32.5,125.0,10.0,50.0,6.464
3192,1064,3,4.5,32.5,125.0,10.0,50.0,6.632
3193,1065,1,4.5,32.5,125.0,10.0,60.0,6.712
3194,1065,2,4.5,32.5,125.0,10.0,60.0,6.357
3195,1065,3,4.5,32.5,125.0,10.0,60.0,6.655
3196,1066,1,4.5,32.5,125.0,12.5,20.0,5.684
3197,1066,2,4.5,32.5,125.0,12.5,20.0,5.023
3198,1066,3,4.5,32.5,125.0,12.5,20.0,5.33
3199,1067,1,4.5,32.5,125.0,12.5,30.0,6.549
3200,1067,2,4.5,32.5,125.0,12.5,30.0,6.145
3201,1067,3,4.5,32.5,125.0,12.5,30.0,6.102
3202,1068,1,4.5,32.5,125.0,12.5,40.0,7.113
3203,1068,2,4.5,32.5,125.0,12.5,40.0,6.702
3204,1068,3,4.5,32.5,125.0,12.5,40.0,7.097
3205,1069,1,4.5,32.5,125.0,12.5,50.0,7.083
3206,1069,2,4.5,32.5,125.0,12.5,50.0,6.867
3207,1069,3,4.5,32.5,125.0,12.5,50.0,7.097
3208,1070,1,4.5,32.5,125.0,12.5,60.0,6.877
3209,1070,2,4.5,32.5,125.0,12.5,60.0,7.073
3210,1070,3,4.5,32.5,125.0,12.5,60.0,6.634
3211,1071,1,4.5,32.5,125.0,15.0,20.0,5.199
3212,1071,2,4.5,32.5,125.0,15.0,20.0,5.17
3213,1071,3,4.5,32.5,125.0,15.0,20.0,5.385
3214,1072,1,4.5,32.5,125.0,15.0,30.0,5.775
3215,1072,2,4.5,32.5,125.0,15.0,30.0,6.347
3216,1072,3,4.5,32.5,125.0,15.0,30.0,6.193
3217,1073,1,4.5,32.5,125.0,15.0,40.0,6.219
3218,1073,2,4.5,32.5,125.0,15.0,40.0,6.926
3219,1073,3,4.5,32.5,125.0,15.0,40.0,7.213
3220,1074,1,4.5,32.5,125.0,15.0,50.0,7.043
3221,1074,2,4.5,32.5,125.0,15.0,50.0,7.162
3222,1074,3,4.5,32.5,125.0,15.0,50.0,6.786
3223,1075,1,4.5,32.5,125.0,15.0,60.0,6.122
3224,1075,2,4.5,32.5,125.0,15.0,60.0,6.071
3225,1075,3,4.5,32.5,125.0,15.0,60.0,6.659
3226,1076,1,4.5,32.5,162.5,5.0,20.0,3.597
3227,1076,2,4.5,32.5,162.5,5.0,20.0,3.506
3228,1076,3,4.5,32.5,162.5,5.0,20.0,3.745
3229,1077,1,4.5,32.5,162.5,5.0,30.0,4.885
3230,1077,2,4.5,32.5,162.5,5.0,30.0,4.306
3231,1077,3,4.5,32.5,162.5,5.0,30.0,4.587
3232,1078,1,4.5,32.5,162.5,5.0,40.0,5.735
3233,1078,2,4.5,32.5,162.5,5.0,40.0,5.011
3234,1078,3,4.5,32.5,162.5,5.0,40.0,5.556
3235,1079,1,4.5,32.5,162.5,5.0,50.0,5.427
3236,1079,2,4.5,32.5,162.5,5.0,50.0,5.715
3237,1079,3,4.5,32.5,162.5,5.0,50.0,5.87
3238,1080,1,4.5,32.5,162.5,5.0,60.0,5.67
3239,1080,2,4.5,32.5,162.5,5.0,60.0,5.717
3240,1080,3,4.5,32.5,162.5,5.0,60.0,5.14
3241,1081,1,4.5,32.5,162.5,7.5,20.0,4.774
3242,1081,2,4.5,32.5,162.5,7.5,20.0,4.224
3243,1081,3,4.5,32.5,162.5,7.5,20.0,4.535
3244,1082,1,4.5,32.5,162.5,7.5,30.0,5.485
3245,1082,2,4.5,32.5,162.5,7.5,30.0,5.548
3246,1082,3,4.5,32.5,162.5,7.5,30.0,5.507
3247,1083,1,4.5,32.5,162.5,7.5,40.0,5.776
3248,1083,2,4.5,32.5,162.5,7.5,40.0,5.635
3249,1083,3,4.5,32.5,162.5,7.5,40.0,6.257
3250,1084,1,4.5,32.5,162.5,7.5,50.0,6.315
3251,1084,2,4.5,32.5,162.5,7.5,50.0,6.584
3252,1084,3,4.5,32.5,162.5,7.5,50.0,6.25
3253,1085,1,4.5,32.5,162.5,7.5,60.0,5.769
3254,1085,2,4.5,32.5,162.5,7.5,60.0,6.433
3255,1085,3,4.5,32.5,162.5,7.5,60.0,6.059
3256,1086,1,4.5,32.5,162.5,10.0,20.0,4.958
3257,1086,2,4.5,32.5,162.5,10.0,20.0,4.681
3258,1086,3,4.5,32.5,162.5,10.0,20.0,5.323
3259,1087,1,4.5,32.5,162.5,10.0,30.0,5.567
3260,1087,2,4.5,32.5,162.5,10.0,30.0,5.718
3261,1087,3,4.5,32.5,162.5,10.0,30.0,5.843
3262,1088,1,4.5,32.5,162.5,10.0,40.0,6.107
3263,1088,2,4.5,32.5,162.5,10.0,40.0,6.505
3264,1088,3,4.5,32.5,162.5,10.0,40.0,6.864
3265,1089,1,4.5,32.5,162.5,10.0,50.0,6.525
3266,1089,2,4.5,32.5,162.5,10.0,50.0,6.773
3267,1089,3,4.5,32.5,162.5,10.0,50.0,5.893
3268,1090,1,4.5,32.5,162.5,10.0,60.0,6.552
3269,1090,2,4.5,32.5,162.5,10.0,60.0,6.475
3270,1090,3,4.5,32.5,162.5,10.0,60.0,6.333
3271,1091,1,4.5,32.5,162.5,12.5,20.0,5.265
3272,1091,2,4.5,32.5,162.5,12.5,20.0,4.871
3273,1091,3,4.5,32.5,162.5,12.5,20.0,4.913
3274,1092,1,4.5,32.5,162.5,12.5,30.0,5.807
3275,1092,2,4.5,32.5,162.5,12.5,30.0,5.376
3276,1092,3,4.5,32.5,162.5,12.5,30.0,5.596
3277,1093,1,4.5,32.5,162.5,12.5,40.0,6.782
3278,1093,2,4.5,32.5,162.5,12.5,40.0,5.922
3279,1093,3,4.5,32.5,162.5,12.5,40.0,6.298
3280,1094,1,4.5,32.5,162.5,12.5,50.0,6.651
3281,1094,2,4.5,32.5,162.5,12.5,50.0,7.251
3282,1094,3,4.5,32.5,162.5,12.5,50.0,6.978
3283,1095,1,4.5,32.5,162.5,12.5,60.0,6.506
3284,1095,2,4.5,32.5,162.5,12.5,60.0,7.028
3285,1095,3,4.5,32.5,162.5,12.5,60.0,6.455
3286,1096,1,4.5,32.5,162.5,15.0,20.0,5.045
3287,1096,2,4.5,32.5,162.5,15.0,20.0,4.382
3288,1096,3,4.5,32.5,162.5,15.0,20.0,5.063
3289,1097,1,4.5,32.5,162.5,15.0,30.0,5.599
3290,1097,2,4.5,32.5,162.5,15.0,30.0,5.425
3291,1097,3,4.5,32.5,162.5,15.0,30.0,5.652
3292,1098,1,4.5,32.5,162.5,15.0,40.0,6.39
3293,1098,2,4.5,32.5,162.5,15.0,40.0,6.174
3294,1098,3,4.5,32.5,162.5,15.0,40.0,6.468
3295,1099,1,4.5,32.5,162.5,15.0,50.0,6.399
3296,1099,2,4.5,32.5,162.5,15.0,50.0,6.736
3297,1099,3,4.5,32.5,162.5,15.0,50.0,6.686
3298,1100,1,4.5,32.5,162.5,15.0,60.0,6.445
3299,1100,2,4.5,32.5,162.5,15.0,60.0,6.339
3300,1100,3,4.5,32.5,162.5,15.0,60.0,6.505
3301,1101,1,4.5,32.5,200.0,5.0,20.0,3.242
3302,1101,2,4.5,32.5,200.0,5.0,20.0,3.665
3303,1101,3,4.5,32.5,200.0,5.0,20.0,3.351
3304,1102,1,4.5,32.5,200.0,5.0,30.0,4.386
3305,1102,2,4.5,32.5,200.0,5.0,30.0,4.977
3306,1102,3,4.5,32.5,200.0,5.0,30.0,4.257
3307,1103,1,4.5,32.5,200.0,5.0,40.0,4.923
3308,1103,2,4.5,32.5,200.0,5.0,40.0,4.985
3309,1103,3,4.5,32.5,200.0,5.0,40.0,4.505
3310,1104,1,4.5,32.5,200.0,5.0,50.0,4.988
3311,1104,2,4.5,32.5,200.0,5.0,50.0,4.971
3312,1104,3,4.5,32.5,200.0,5.0,50.0,5.294
3313,1105,1,4.5,32.5,200.0,5.0,60.0,5.039
3314,1105,2,4.5,32.5,200.0,5.0,60.0,5.126
3315,1105,3,4.5,32.5,200.0,5.0,60.0,5.392
3316,1106,1,4.5,32.5,200.0,7.5,20.0,4.029
3317,1106,2,4.5,32.5,200.0,7.5,20.0,3.742
3318,1106,3,4.5,32.5,200.0,7.5,20.0,3.6
3319,1107,1,4.5,32.5,200.0,7.5,30.0,5.13
3320,1107,2,4.5,32.5,200.0,7.5,30.0,5.029
3321,1107,3,4.5,32.5,200.0,7.5,30.0,4.363
3322,1108,1,4.5,32.5,200.0,7.5,40.0,5.4
3323,1108,2,4.5,32.5,200.0,7.5,40.0,5.534
3324,1108,3,4.5,32.5,200.0,7.5,40.0,5.706
3325,1109,1,4.5,32.5,200.0,7.5,50.0,6.067
3326,1109,2,4.5,32.5,200.0,7.5,50.0,5.892
3327,1109,3,4.5,32.5,200.0,7.5,50.0,5.976
3328,1110,1,4.5,32.5,200.0,7.5,60.0,5.805
3329,1110,2,4.5,32.5,200.0,7.5,60.0,5.599
3330,1110,3,4.5,32.5,200.0,7.5,60.0,5.714
3331,1111,1,4.5,32.5,200.0,10.0,20.0,4.193
3332,1111,2,4.5,32.5,200.0,10.0,20.0,4.178
3333,1111,3,4.5,32.5,200.0,10.0,20.0,3.66
3334,1112,1,4.5,32.5,200.0,10.0,30.0,5.101
3335,1112,2,4.5,32.5,200.0,10.0,30.0,5.228
3336,1112,3,4.5,32.5,200.0,10.0,30.0,5.134
3337,1113,1,4.5,32.5,200.0,10.0,40.0,5.818
3338,1113,2,4.5,32.5,200.0,10.0,40.0,6.024
3339,1113,3,4.5,32.5,200.0,10.0,40.0,5.585
3340,1114,1,4.5,32.5,200.0,10.0,50.0,5.757
3341,1114,2,4.5,32.5,200.0,10.0,50.0,6.115
3342,1114,3,4.5,32.5,200.0,10.0,50.0,6.426
3343,1115,1,4.5,32.5,200.0,10.0,60.0,6.66
3344,1115,2,4.5,32.5,200.0,10.0,60.0,6.406
3345,1115,3,4.5,32.5,200.0,10.0,60.0,5.776
3346,1116,1,4.5,32.5,200.0,12.5,20.0,4.222
3347,1116,2,4.5,32.5,200.0,12.5,20.0,4.359
3348,1116,3,4.5,32.5,200.0,12.5,20.0,4.337
3349,1117,1,4.5,32.5,200.0,12.5,30.0,5.464
3350,1117,2,4.5,32.5,200.0,12.5,30.0,5.056
3351,1117,3,4.5,32.5,200.0,12.5,30.0,5.331
3352,1118,1,4.5,32.5,200.0,12.5,40.0,6.105
3353,1118,2,4.5,32.5,200.0,12.5,40.0,6.219
3354,1118,3,4.5,32.5,200.0,12.5,40.0,5.762
3355,1119,1,4.5,32.5,200.0,12.5,50.0,6.216
3356,1119,2,4.5,32.5,200.0,12.5,50.0,5.555
3357,1119,3,4.5,32.5,200.0,12.5,50.0,6.138
3358,1120,1,4.5,32.5,200.0,12.5,60.0,6.141
3359,1120,2,4.5,32.5,200.0,12.5,60.0,6.002
3360,1120,3,4.5,32.5,200.0,12.5,60.0,6.334
3361,1121,1,4.5,32.5,200.0,15.0,20.0,4.072
3362,1121,2,4.5,32.5,200.0,15.0,20.0,3.455
3363,1121,3,4.5,32.5,200.0,15.0,20.0,4.148
3364,1122,1,4.5,32.5,200.0,15.0,30.0,4.853
3365,1122,2,4.5,32.5,200.0,15.0,30.0,5.248
3366,1122,3,4.5,32.5,200.0,15.0,30.0,4.754
3367,1123,1,4.5,32.5,200.0,15.0,40.0,5.796
3368,1123,2,4.5,32.5,200.0,15.0,40.0,5.708
3369,1123,3,4.5,32.5,200.0,15.0,40.0,5.872
3370,1124,1,4.5,32.5,200.0,15.0,50.0,6.147
3371,1124,2,4.5,32.5,200.0,15.0,50.0,6.041
3372,1124,3,4.5,32.5,200.0,15.0,50.0,5.682
3373,1125,1,4.5,32.5,200.0,15.0,60.0,5.674
3374,1125,2,4.5,32.5,200.0,15.0,60.0,5.924
3375,1125,3,4.5,32.5,200.0,15.0,60.0,6.085
3376,1126,1,4.5,35.0,50.0,5.0,20.0,3.33
3377,1126,2,4.5,35.0,50.0,5.0,20.0,3.675
3378,1126,3,4.5,35.0,50.0,5.0,20.0,3.422
3379,1127,1,4.5,35.0,50.0,5.0,30.0,3.955
3380,1127,2,4.5,35.0,50.0,5.0,30.0,4.147
3381,1127,3,4.5,35.0,50.0,5.0,30.0,4.288
3382,1128,1,4.5,35.0,50.0,5.0,40.0,4.691
3383,1128,2,4.5,35.0,50.0,5.0,40.0,5.126
3384,1128,3,4.5,35.0,50.0,5.0,40.0,4.413
3385,1129,1,4.5,35.0,50.0,5.0,50.0,4.604
3386,1129,2,4.5,35.0,50.0,5.0,50.0,4.744
3387,1129,3,4.5,35.0,50.0,5.0,50.0,4.618
3388,1130,1,4.5,35.0,50.0,5.0,60.0,4.16
3389,1130,2,4.5,35.0,50.0,5.0,60.0,3.866
3390,1130,3,4.5,35.0,50.0,5.0,60.0,4.157
3391,1131,1,4.5,35.0,50.0,7.5,20.0,3.899
3392,1131,2,4.5,35.0,50.0,7.5,20.0,3.717
3393,1131,3,4.5,35.0,50.0,7.5,20.0,3.977
3394,1132,1,4.5,35.0,50.0,7.5,30.0,4.632
3395,1132,2,4.5,35.0,50.0,7.5,30.0,5.088
3396,1132,3,4.5,35.0,50.0,7.5,30.0,5.093
3397,1133,1,4.5,35.0,50.0,7.5,40.0,5.047
3398,1133,2,4.5,35.0,50.0,7.5,40.0,5.227
3399,1133,3,4.5,35.0,50.0,7.5,40.0,4.78
3400,1134,1,4.5,35.0,50.0,7.5,50.0,5.187
3401,1134,2,4.5,35.0,50.0,7.5,50.0,5.437
3402,1134,3,4.5,35.0,50.0,7.5,50.0,5.556
3403,1135,1,4.5,35.0,50.0,7.5,60.0,4.8
3404,1135,2,4.5,35.0,50.0,7.5,60.0,5.295
3405,1135,3,4.5,35.0,50.0,7.5,60.0,4.576
3406,1136,1,4.5,35.0,50.0,10.0,20.0,4.251
3407,1136,2,4.5,35.0,50.0,10.0,20.0,4.799
3408,1136,3,4.5,35.0,50.0,10.0,20.0,5.068
3409,1137,1,4.5,35.0,50.0,10.0,30.0,5.463
3410,1137,2,4.5,35.0,50.0,10.0,30.0,5.314
3411,1137,3,4.5,35.0,50.0,10.0,30.0,4.71
3412,1138,1,4.5,35.0,50.0,10.0,40.0,5.134
3413,1138,2,4.5,35.0,50.0,10.0,40.0,5.736
3414,1138,3,4.5,35.0,50.0,10.0,40.0,5.6
3415,1139,1,4.5,35.0,50.0,10.0,50.0,5.415
3416,1139,2,4.5,35.0,50.0,10.0,50.0,5.743
3417,1139,3,4.5,35.0,50.0,10.0,50.0,5.757
3418,1140,1,4.5,35.0,50.0,10.0,60.0,5.664
3419,1140,2,4.5,35.0,50.0,10.0,60.0,5.438
3420,1140,3,4.5,35.0,50.0,10.0,60.0,5.744
3421,1141,1,4.5,35.0,50.0,12.5,20.0,4.702
3422,1141,2,4.5,35.0,50.0,12.5,20.0,4.668
3423,1141,3,4.5,35.0,50.0,12.5,20.0,4.998
3424,1142,1,4.5,35.0,50.0,12.5,30.0,5.151
3425,1142,2,4.5,35.0,50.0,12.5,30.0,6.213
3426,1142,3,4.5,35.0,50.0,12.5,30.0,5.53
3427,1143,1,4.5,35.0,50.0,12.5,40.0,5.907
3428,1143,2,4.5,35.0,50.0,12.5,40.0,5.947
3429,1143,3,4.5,35.0,50.0,12.5,40.0,6.326
3430,1144,1,4.5,35.0,50.0,12.5,50.0,6.047
3431,1144,2,4.5,35.0,50.0,12.5,50.0,5.376
3432,1144,3,4.5,35.0,50.0,12.5,50.0,6.218
3433,1145,1,4.5,35.0,50.0,12.5,60.0,5.405
3434,1145,2,4.5,35.0,50.0,12.5,60.0,5.53
3435,1145,3,4.5,35.0,50.0,12.5,60.0,5.142
3436,1146,1,4.5,35.0,50.0,15.0,20.0,4.647
3437,1146,2,4.5,35.0,50.0,15.0,20.0,4.318
3438,1146,3,4.5,35.0,50.0,15.0,20.0,4.528
3439,1147,1,4.5,35.0,50.0,15.0,30.0,5.145
3440,1147,2,4.5,35.0,50.0,15.0,30.0,5.764
3441,1147,3,4.5,35.0,50.0,15.0,30.0,5.78
3442,1148,1,4.5,35.0,50.0,15.0,40.0,5.613
3443,1148,2,4.5,35.0,50.0,15.0,40.0,5.618
3444,1148,3,4.5,35.0,50.0,15.0,40.0,5.495
3445,1149,1,4.5,35.0,50.0,15.0,50.0,5.935
3446,1149,2,4.5,35.0,50.0,15.0,50.0,5.533
3447,1149,3,4.5,35.0,50.0,15.0,50.0,5.507
3448,1150,1,4.5,35.0,50.0,15.0,60.0,5.574
3449,1150,2,4.5,35.0,50.0,15.0,60.0,5.149
3450,1150,3,4.5,35.0,50.0,15.0,60.0,5.289
3451,1151,1,4.5,35.0,87.5,5.0,20.0,3.132
3452,1151,2,4.5,35.0,87.5,5.0,20.0,3.772
3453,1151,3,4.5,35.0,87.5,5.0,20.0,4.118
3454,1152,1,4.5,35.0,87.5,5.0,30.0,4.577
3455,1152,2,4.5,35.0,87.5,5.0,30.0,4.784
3456,1152,3,4.5,35.0,87.5,5.0,30.0,4.138
3457,1153,1,4.5,35.0,87.5,5.0,40.0,4.891
3458,1153,2,4.5,35.0,87.5,5.0,40.0,4.561
3459,1153,3,4.5,35.0,87.5,5.0,40.0,4.761
3460,1154,1,4.5,35.0,87.5,5.0,50.0,5.141
3461,1154,2,4.5,35.0,87.5,5.0,50.0,4.954
3462,1154,3,4.5,35.0,87.5,5.0,50.0,4.529
3463,1155,1,4.5,35.0,87.5,5.0,60.0,4.307
3464,1155,2,4.5,35.0,87.5,5.0,60.0,4.288
3465,1155,3,4.5,35.0,87.5,5.0,60.0,4.813
3466,1156,1,4.5,35.0,87.5,7.5,20.0,4.853
3467,1156,2,4.5,35.0,87.5,7.5,20.0,4.656
3468,1156,3,4.5,35.0,87.5,7.5,20.0,3.744
3469,1157,1,4.5,35.0,87.5,7.5,30.0,5.473
3470,1157,2,4.5,35.0,87.5,7.5,30.0,5.337
3471,1157,3,4.5,35.0,87.5,7.5,30.0,4.642
3472,1158,1,4.5,35.0,87.5,7.5,40.0,5.44
3473,1158,2,4.5,35.0,87.5,7.5,40.0,5.832
3474,1158,3,4.5,35.0,87.5,7.5,40.0,5.679
3475,1159,1,4.5,35.0,87.5,7.5,50.0,5.258
3476,1159,2,4.5,35.0,87.5,7.5,50.0,5.796
3477,1159,3,4.5,35.0,87.5,7.5,50.0,5.026
3478,1160,1,4.5,35.0,87.5,7.5,60.0,5.313
3479,1160,2,4.5,35.0,87.5,7.5,60.0,5.694
3480,1160,3,4.5,35.0,87.5,7.5,60.0,5.38
3481,1161,1,4.5,35.0,87.5,10.0,20.0,4.535
3482,1161,2,4.5,35.0,87.5,10.0,20.0,4.924
3483,1161,3,4.5,35.0,87.5,10.0,20.0,4.948
3484,1162,1,4.5,35.0,87.5,10.0,30.0,5.842
3485,1162,2,4.5,35.0,87.5,10.0,30.0,5.72
3486,1162,3,4.5,35.0,87.5,10.0,30.0,5.778
3487,1163,1,4.5,35.0,87.5,10.0,40.0,6.13
3488,1163,2,4.5,35.0,87.5,10.0,40.0,5.999
3489,1163,3,4.5,35.0,87.5,10.0,40.0,5.95
3490,1164,1,4.5,35.0,87.5,10.0,50.0,5.959
3491,1164,2,4.5,35.0,87.5,10.0,50.0,5.686
3492,1164,3,4.5,35.0,87.5,10.0,50.0,5.758
3493,1165,1,4.5,35.0,87.5,10.0,60.0,5.696
3494,1165,2,4.5,35.0,87.5,10.0,60.0,5.843
3495,1165,3,4.5,35.0,87.5,10.0,60.0,6.178
3496,1166,1,4.5,35.0,87.5,12.5,20.0,4.763
3497,1166,2,4.5,35.0,87.5,12.5,20.0,5.056
3498,1166,3,4.5,35.0,87.5,12.5,20.0,5.077
3499,1167,1,4.5,35.0,87.5,12.5,30.0,5.51
3500,1167,2,4.5,35.0,87.5,12.5,30.0,5.742
3501,1167,3,4.5,35.0,87.5,12.5,30.0,5.507
3502,1168,1,4.5,35.0,87.5,12.5,40.0,6.395
3503,1168,2,4.5,35.0,87.5,12.5,40.0,6.203
3504,1168,3,4.5,35.0,87.5,12.5,40.0,5.692
3505,1169,1,4.5,35.0,87.5,12.5,50.0,6.17
3506,1169,2,4.5,35.0,87.5,12.5,50.0,6.586
3507,1169,3,4.5,35.0,87.5,12.5,50.0,6.074
3508,1170,1,4.5,35.0,87.5,12.5,60.0,6.0
3509,1170,2,4.5,35.0,87.5,12.5,60.0,6.028
3510,1170,3,4.5,35.0,87.5,12.5,60.0,5.585
3511,1171,1,4.5,35.0,87.5,15.0,20.0,4.718
3512,1171,2,4.5,35.0,87.5,15.0,20.0,4.185
3513,1171,3,4.5,35.0,87.5,15.0,20.0,4.4
3514,1172,1,4.5,35.0,87.5,15.0,30.0,5.676
3515,1172,2,4.5,35.0,87.5,15.0,30.0,5.475
3516,1172,3,4.5,35.0,87.5,15.0,30.0,5.29
3517,1173,1,4.5,35.0,87.5,15.0,40.0,5.95
3518,1173,2,4.5,35.0,87.5,15.0,40.0,5.808
3519,1173,3,4.5,35.0,87.5,15.0,40.0,5.829
3520,1174,1,4.5,35.0,87.5,15.0,50.0,6.109
3521,1174,2,4.5,35.0,87.5,15.0,50.0,5.721
3522,1174,3,4.5,35.0,87.5,15.0,50.0,5.936
3523,1175,1,4.5,35.0,87.5,15.0,60.0,5.588
3524,1175,2,4.5,35.0,87.5,15.0,60.0,5.231
3525,1175,3,4.5,35.0,87.5,15.0,60.0,5.417
3526,1176,1,4.5,35.0,125.0,5.0,20.0,3.839
3527,1176,2,4.5,35.0,125.0,5.0,20.0,3.508
3528,1176,3,4.5,35.0,125.0,5.0,20.0,3.029
3529,1177,1,4.5,35.0,125.0,5.0,30.0,3.844
3530,1177,2,4.5,35.0,125.0,5.0,30.0,4.244
3531,1177,3,4.5,35.0,125.0,5.0,30.0,4.712
3532,1178,1,4.5,35.0,125.0,5.0,40.0,4.748
3533,1178,2,4.5,35.0,125.0,5.0,40.0,5.166
3534,1178,3,4.5,35.0,125.0,5.0,40.0,4.899
3535,1179,1,4.5,35.0,125.0,5.0,50.0,5.107
3536,1179,2,4.5,35.0,125.0,5.0,50.0,4.601
3537,1179,3,4.5,35.0,125.0,5.0,50.0,5.238
3538,1180,1,4.5,35.0,125.0,5.0,60.0,4.706
3539,1180,2,4.5,35.0,125.0,5.0,60.0,5.042
3540,1180,3,4.5,35.0,125.0,5.0,60.0,4.572
3541,1181,1,4.5,35.0,125.0,7.5,20.0,4.15
3542,1181,2,4.5,35.0,125.0,7.5,20.0,4.199
3543,1181,3,4.5,35.0,125.0,7.5,20.0,4.057
3544,1182,1,4.5,35.0,125.0,7.5,30.0,5.088
3545,1182,2,4.5,35.0,125.0,7.5,30.0,4.9
3546,1182,3,4.5,35.0,125.0,7.5,30.0,4.793
3547,1183,1,4.5,35.0,125.0,7.5,40.0,5.95
3548,1183,2,4.5,35.0,125.0,7.5,40.0,5.794
3549,1183,3,4.5,35.0,125.0,7.5,40.0,5.287
3550,1184,1,4.5,35.0,125.0,7.5,50.0,5.834
3551,1184,2,4.5,35.0,125.0,7.5,50.0,5.467
3552,1184,3,4.5,35.0,125.0,7.5,50.0,5.343
3553,1185,1,4.5,35.0,125.0,7.5,60.0,5.789
3554,1185,2,4.5,35.0,125.0,7.5,60.0,5.023
3555,1185,3,4.5,35.0,125.0,7.5,60.0,5.76
3556,1186,1,4.5,35.0,125.0,10.0,20.0,4.429
3557,1186,2,4.5,35.0,125.0,10.0,20.0,4.441
3558,1186,3,4.5,35.0,125.0,10.0,20.0,4.615
3559,1187,1,4.5,35.0,125.0,10.0,30.0,5.538
3560,1187,2,4.5,35.0,125.0,10.0,30.0,5.144
3561,1187,3,4.5,35.0,125.0,10.0,30.0,5.576
3562,1188,1,4.5,35.0,125.0,10.0,40.0,5.932
3563,1188,2,4.5,35.0,125.0,10.0,40.0,5.548
3564,1188,3,4.5,35.0,125.0,10.0,40.0,5.852
3565,1189,1,4.5,35.0,125.0,10.0,50.0,6.462
3566,1189,2,4.5,35.0,125.0,10.0,50.0,6.544
3567,1189,3,4.5,35.0,125.0,10.0,50.0,6.276
3568,1190,1,4.5,35.0,125.0,10.0,60.0,5.567
3569,1190,2,4.5,35.0,125.0,10.0,60.0,6.037
3570,1190,3,4.5,35.0,125.0,10.0,60.0,6.138
3571,1191,1,4.5,35.0,125.0,12.5,20.0,4.803
3572,1191,2,4.5,35.0,125.0,12.5,20.0,4.82
3573,1191,3,4.5,35.0,125.0,12.5,20.0,4.702
3574,1192,1,4.5,35.0,125.0,12.5,30.0,5.455
3575,1192,2,4.5,35.0,125.0,12.5,30.0,5.305
3576,1192,3,4.5,35.0,125.0,12.5,30.0,4.944
3577,1193,1,4.5,35.0,125.0,12.5,40.0,6.095
3578,1193,2,4.5,35.0,125.0,12.5,40.0,6.052
3579,1193,3,4.5,35.0,125.0,12.5,40.0,6.156
3580,1194,1,4.5,35.0,125.0,12.5,50.0,5.8
3581,1194,2,4.5,35.0,125.0,12.5,50.0,6.356
3582,1194,3,4.5,35.0,125.0,12.5,50.0,6.75
3583,1195,1,4.5,35.0,125.0,12.5,60.0,6.022
3584,1195,2,4.5,35.0,125.0,12.5,60.0,5.983
3585,1195,3,4.5,35.0,125.0,12.5,60.0,6.087
3586,1196,1,4.5,35.0,125.0,15.0,20.0,4.969
3587,1196,2,4.5,35.0,125.0,15.0,20.0,4.113
3588,1196,3,4.5,35.0,125.0,15.0,20.0,4.457
3589,1197,1,4.5,35.0,125.0,15.0,30.0,5.051
3590,1197,2,4.5,35.0,125.0,15.0,30.0,5.122
3591,1197,3,4.5,35.0,125.0,15.0,30.0,5.261
3592,1198,1,4.5,35.0,125.0,15.0,40.0,6.177
3593,1198,2,4.5,35.0,125.0,15.0,40.0,6.304
3594,1198,3,4.5,35.0,125.0,15.0,40.0,5.925
3595,1199,1,4.5,35.0,125.0,15.0,50.0,5.87
3596,1199,2,4.5,35.0,125.0,15.0,50.0,6.673
3597,1199,3,4.5,35.0,125.0,15.0,50.0,5.855
3598,1200,1,4.5,35.0,125.0,15.0,60.0,5.64
3599,1200,2,4.5,35.0,125.0,15.0,60.0,5.303
3600,1200,3,4.5,35.0,125.0,15.0,60.0,6.191
3601,1201,1,4.5,35.0,162.5,5.0,20.0,3.246
3602,1201,2,4.5,35.0,162.5,5.0,20.0,3.652
3603,1201,3,4.5,35.0,162.5,5.0,20.0,2.586
3604,1202,1,4.5,35.0,162.5,5.0,30.0,4.333
3605,1202,2,4.5,35.0,162.5,5.0,30.0,3.945
3606,1202,3,4.5,35.0,162.5,5.0,30.0,4.151
3607,1203,1,4.5,35.0,162.5,5.0,40.0,4.064
3608,1203,2,4.5,35.0,162.5,5.0,40.0,4.936
3609,1203,3,4.5,35.0,162.5,5.0,40.0,4.745
3610,1204,1,4.5,35.0,162.5,5.0,50.0,4.764
3611,1204,2,4.5,35.0,162.5,5.0,50.0,4.956
3612,1204,3,4.5,35.0,162.5,5.0,50.0,4.561
3613,1205,1,4.5,35.0,162.5,5.0,60.0,4.513
3614,1205,2,4.5,35.0,162.5,5.0,60.0,4.545
3615,1205,3,4.5,35.0,162.5,5.0,60.0,4.156
3616,1206,1,4.5,35.0,162.5,7.5,20.0,3.916
3617,1206,2,4.5,35.0,162.5,7.5,20.0,4.009
3618,1206,3,4.5,35.0,162.5,7.5,20.0,3.479
3619,1207,1,4.5,35.0,162.5,7.5,30.0,4.722
3620,1207,2,4.5,35.0,162.5,7.5,30.0,4.551
3621,1207,3,4.5,35.0,162.5,7.5,30.0,4.717
3622,1208,1,4.5,35.0,162.5,7.5,40.0,5.049
3623,1208,2,4.5,35.0,162.5,7.5,40.0,4.978
3624,1208,3,4.5,35.0,162.5,7.5,40.0,5.52
3625,1209,1,4.5,35.0,162.5,7.5,50.0,5.457
3626,1209,2,4.5,35.0,162.5,7.5,50.0,6.041
3627,1209,3,4.5,35.0,162.5,7.5,50.0,5.488
3628,1210,1,4.5,35.0,162.5,7.5,60.0,5.116
3629,1210,2,4.5,35.0,162.5,7.5,60.0,5.719
3630,1210,3,4.5,35.0,162.5,7.5,60.0,5.552
3631,1211,1,4.5,35.0,162.5,10.0,20.0,4.279
3632,1211,2,4.5,35.0,162.5,10.0,20.0,4.408
3633,1211,3,4.5,35.0,162.5,10.0,20.0,3.892
3634,1212,1,4.5,35.0,162.5,10.0,30.0,4.989
3635,1212,2,4.5,35.0,162.5,10.0,30.0,4.977
3636,1212,3,4.5,35.0,162.5,10.0,30.0,4.664
3637,1213,1,4.5,35.0,162.5,10.0,40.0,5.551
3638,1213,2,4.5,35.0,162.5,10.0,40.0,5.999
3639,1213,3,4.5,35.0,162.5,10.0,40.0,5.691
3640,1214,1,4.5,35.0,162.5,10.0,50.0,5.498
3641,1214,2,4.5,35.0,162.5,10.0,50.0,5.439
3642,1214,3,4.5,35.0,162.5,10.0,50.0,6.341
3643,1215,1,4.5,35.0,162.5,10.0,60.0,5.75
3644,1215,2,4.5,35.0,162.5,10.0,60.0,5.594
3645,1215,3,4.5,35.0,162.5,10.0,60.0,5.698
3646,1216,1,4.5,35.0,162.5,12.5,20.0,3.761
3647,1216,2,4.5,35.0,162.5,12.5,20.0,4.573
3648,1216,3,4.5,35.0,162.5,12.5,20.0,4.065
3649,1217,1,4.5,35.0,162.5,12.5,30.0,5.508
3650,1217,2,4.5,35.0,162.5,12.5,30.0,5.139
3651,1217,3,4.5,35.0,162.5,12.5,30.0,5.525
3652,1218,1,4.5,35.0,162.5,12.5,40.0,5.797
3653,1218,2,4.5,35.0,162.5,12.5,40.0,5.964
3654,1218,3,4.5,35.0,162.5,12.5,40.0,5.926
3655,1219,1,4.5,35.0,162.5,12.5,50.0,6.15
3656,1219,2,4.5,35.0,162.5,12.5,50.0,6.072
3657,1219,3,4.5,35.0,162.5,12.5,50.0,5.91
3658,1220,1,4.5,35.0,162.5,12.5,60.0,6.411
3659,1220,2,4.5,35.0,162.5,12.5,60.0,5.621
3660,1220,3,4.5,35.0,162.5,12.5,60.0,5.876
3661,1221,1,4.5,35.0,162.5,15.0,20.0,3.979
3662,1221,2,4.5,35.0,162.5,15.0,20.0,4.088
3663,1221,3,4.5,35.0,162.5,15.0,20.0,3.855
3664,1222,1,4.5,35.0,162.5,15.0,30.0,5.013
3665,1222,2,4.5,35.0,162.5,15.0,30.0,4.878
3666,1222,3,4.5,35.0,162.5,15.0,30.0,4.482
3667,1223,1,4.5,35.0,162.5,15.0,40.0,5.528
3668,1223,2,4.5,35.0,162.5,15.0,40.0,5.217
3669,1223,3,4.5,35.0,162.5,15.0,40.0,5.039
3670,1224,1,4.5,35.0,162.5,15.0,50.0,5.813
3671,1224,2,4.5,35.0,162.5,15.0,50.0,5.912
3672,1224,3,4.5,35.0,162.5,15.0,50.0,5.922
3673,1225,1,4.5,35.0,162.5,15.0,60.0,5.834
3674,1225,2,4.5,35.0,162.5,15.0,60.0,5.134
3675,1225,3,4.5,35.0,162.5,15.0,60.0,5.294
3676,1226,1,4.5,35.0,200.0,5.0,20.0,2.853
3677,1226,2,4.5,35.0,200.0,5.0,20.0,2.007
3678,1226,3,4.5,35.0,200.0,5.0,20.0,2.471
3679,1227,1,4.5,35.0,200.0,5.0,30.0,3.133
3680,1227,2,4.5,35.0,200.0,5.0,30.0,3.347
3681,1227,3,4.5,35.0,200.0,5.0,30.0,3.148
3682,1228,1,4.5,35.0,200.0,5.0,40.0,4.157
3683,1228,2,4.5,35.0,200.0,5.0,40.0,4.038
3684,1228,3,4.5,35.0,200.0,5.0,40.0,3.874
3685,1229,1,4.5,35.0,200.0,5.0,50.0,4.031
3686,1229,2,4.5,35.0,200.0,5.0,50.0,4.4
3687,1229,3,4.5,35.0,200.0,5.0,50.0,3.985
3688,1230,1,4.5,35.0,200.0,5.0,60.0,4.42
3689,1230,2,4.5,35.0,200.0,5.0,60.0,5.035
3690,1230,3,4.5,35.0,200.0,5.0,60.0,4.678
3691,1231,1,4.5,35.0,200.0,7.5,20.0,3.201
3692,1231,2,4.5,35.0,200.0,7.5,20.0,2.976
3693,1231,3,4.5,35.0,200.0,7.5,20.0,2.457
3694,1232,1,4.5,35.0,200.0,7.5,30.0,3.655
3695,1232,2,4.5,35.0,200.0,7.5,30.0,4.384
3696,1232,3,4.5,35.0,200.0,7.5,30.0,3.804
3697,1233,1,4.5,35.0,200.0,7.5,40.0,4.504
3698,1233,2,4.5,35.0,200.0,7.5,40.0,4.654
3699,1233,3,4.5,35.0,200.0,7.5,40.0,4.403
3700,1234,1,4.5,35.0,200.0,7.5,50.0,4.682
3701,1234,2,4.5,35.0,200.0,7.5,50.0,5.011
3702,1234,3,4.5,35.0,200.0,7.5,50.0,4.775
3703,1235,1,4.5,35.0,200.0,7.5,60.0,4.793
3704,1235,2,4.5,35.0,200.0,7.5,60.0,4.781
3705,1235,3,4.5,35.0,200.0,7.5,60.0,5.146
3706,1236,1,4.5,35.0,200.0,10.0,20.0,3.335
3707,1236,2,4.5,35.0,200.0,10.0,20.0,3.35
3708,1236,3,4.5,35.0,200.0,10.0,20.0,3.567
3709,1237,1,4.5,35.0,200.0,10.0,30.0,4.385
3710,1237,2,4.5,35.0,200.0,10.0,30.0,4.347
3711,1237,3,4.5,35.0,200.0,10.0,30.0,4.557
3712,1238,1,4.5,35.0,200.0,10.0,40.0,5.287
3713,1238,2,4.5,35.0,200.0,10.0,40.0,5.059
3714,1238,3,4.5,35.0,200.0,10.0,40.0,5.123
3715,1239,1,4.5,35.0,200.0,10.0,50.0,5.206
3716,1239,2,4.5,35.0,200.0,10.0,50.0,5.184
3717,1239,3,4.5,35.0,200.0,10.0,50.0,5.64
3718,1240,1,4.5,35.0,200.0,10.0,60.0,5.525
3719,1240,2,4.5,35.0,200.0,10.0,60.0,5.527
3720,1240,3,4.5,35.0,200.0,10.0,60.0,5.479
3721,1241,1,4.5,35.0,200.0,12.5,20.0,3.513
3722,1241,2,4.5,35.0,200.0,12.5,20.0,3.695
3723,1241,3,4.5,35.0,200.0,12.5,20.0,3.762
3724,1242,1,4.5,35.0,200.0,12.5,30.0,4.78
3725,1242,2,4.5,35.0,200.0,12.5,30.0,4.497
3726,1242,3,4.5,35.0,200.0,12.5,30.0,4.913
3727,1243,1,4.5,35.0,200.0,12.5,40.0,5.264
3728,1243,2,4.5,35.0,200.0,12.5,40.0,5.377
3729,1243,3,4.5,35.0,200.0,12.5,40.0,5.279
3730,1244,1,4.5,35.0,200.0,12.5,50.0,5.594
3731,1244,2,4.5,35.0,200.0,12.5,50.0,5.319
3732,1244,3,4.5,35.0,200.0,12.5,50.0,5.721
3733,1245,1,4.5,35.0,200.0,12.5,60.0,6.297
3734,1245,2,4.5,35.0,200.0,12.5,60.0,5.395
3735,1245,3,4.5,35.0,200.0,12.5,60.0,5.52
3736,1246,1,4.5,35.0,200.0,15.0,20.0,3.175
3737,1246,2,4.5,35.0,200.0,15.0,20.0,3.163
3738,1246,3,4.5,35.0,200.0,15.0,20.0,3.732
3739,1247,1,4.5,35.0,200.0,15.0,30.0,4.137
3740,1247,2,4.5,35.0,200.0,15.0,30.0,4.192
3741,1247,3,4.5,35.0,200.0,15.0,30.0,3.881
3742,1248,1,4.5,35.0,200.0,15.0,40.0,4.788
3743,1248,2,4.5,35.0,200.0,15.0,40.0,4.522
3744,1248,3,4.5,35.0,200.0,15.0,40.0,5.177
3745,1249,1,4.5,35.0,200.0,15.0,50.0,6.109
3746,1249,2,4.5,35.0,200.0,15.0,50.0,5.222
3747,1249,3,4.5,35.0,200.0,15.0,50.0,4.858
3748,1250,1,4.5,35.0,200.0,15.0,60.0,5.552
3749,1250,2,4.5,35.0,200.0,15.0,60.0,5.096
3750,1250,3,4.5,35.0,200.0,15.0,60.0,5.664
3751,1251,1,5.0,25.0,50.0,5.0,20.0,4.821
3752,1251,2,5.0,25.0,50.0,5.0,20.0,4.723
3753,1251,3,5.0,25.0,50.0,5.0,20.0,4.85
3754,1252,1,5.0,25.0,50.0,5.0,30.0,5.837
3755,1252,2,5.0,25.0,50.0,5.0,30.0,5.561
3756,1252,3,5.0,25.0,50.0,5.0,30.0,5.486
3757,1253,1,5.0,25.0,50.0,5.0,40.0,5.944
3758,1253,2,5.0,25.0,50.0,5.0,40.0,5.644
3759,1253,3,5.0,25.0,50.0,5.0,40.0,6.111
3760,1254,1,5.0,25.0,50.0,5.0,50.0,5.525
3761,1254,2,5.0,25.0,50.0,5.0,50.0,5.901
3762,1254,3,5.0,25.0,50.0,5.0,50.0,6.238
3763,1255,1,5.0,25.0,50.0,5.0,60.0,5.785
3764,1255,2,5.0,25.0,50.0,5.0,60.0,5.865
3765,1255,3,5.0,25.0,50.0,5.0,60.0,5.682
3766,1256,1,5.0,25.0,50.0,7.5,20.0,5.928
3767,1256,2,5.0,25.0,50.0,7.5,20.0,5.859
3768,1256,3,5.0,25.0,50.0,7.5,20.0,5.725
3769,1257,1,5.0,25.0,50.0,7.5,30.0,6.585
3770,1257,2,5.0,25.0,50.0,7.5,30.0,6.535
3771,1257,3,5.0,25.0,50.0,7.5,30.0,6.202
3772,1258,1,5.0,25.0,50.0,7.5,40.0,6.324
3773,1258,2,5.0,25.0,50.0,7.5,40.0,6.818
3774,1258,3,5.0,25.0,50.0,7.5,40.0,6.853
3775,1259,1,5.0,25.0,50.0,7.5,50.0,7.03
3776,1259,2,5.0,25.0,50.0,7.5,50.0,6.463
3777,1259,3,5.0,25.0,50.0,7.5,50.0,6.471
3778,1260,1,5.0,25.0,50.0,7.5,60.0,6.529
3779,1260,2,5.0,25.0,50.0,7.5,60.0,6.38
3780,1260,3,5.0,25.0,50.0,7.5,60.0,5.872
3781,1261,1,5.0,25.0,50.0,10.0,20.0,6.105
3782,1261,2,5.0,25.0,50.0,10.0,20.0,5.481
3783,1261,3,5.0,25.0,50.0,10.0,20.0,5.735
3784,1262,1,5.0,25.0,50.0,10.0,30.0,7.103
3785,1262,2,5.0,25.0,50.0,10.0,30.0,7.236
3786,1262,3,5.0,25.0,50.0,10.0,30.0,6.385
3787,1263,1,5.0,25.0,50.0,10.0,40.0,7.008
3788,1263,2,5.0,25.0,50.0,10.0,40.0,7.112
3789,1263,3,5.0,25.0,50.0,10.0,40.0,7.599
3790,1264,1,5.0,25.0,50.0,10.0,50.0,6.987
3791,1264,2,5.0,25.0,50.0,10.0,50.0,6.991
3792,1264,3,5.0,25.0,50.0,10.0,50.0,7.559
3793,1265,1,5.0,25.0,50.0,10.0,60.0,6.695
3794,1265,2,5.0,25.0,50.0,10.0,60.0,7.002
3795,1265,3,5.0,25.0,50.0,10.0,60.0,6.386
3796,1266,1,5.0,25.0,50.0,12.5,20.0,6.052
3797,1266,2,5.0,25.0,50.0,12.5,20.0,5.635
3798,1266,3,5.0,25.0,50.0,12.5,20.0,5.804
3799,1267,1,5.0,25.0,50.0,12.5,30.0,7.06
3800,1267,2,5.0,25.0,50.0,12.5,30.0,6.811
3801,1267,3,5.0,25.0,50.0,12.5,30.0,6.736
3802,1268,1,5.0,25.0,50.0,12.5,40.0,6.99
3803,1268,2,5.0,25.0,50.0,12.5,40.0,7.138
3804,1268,3,5.0,25.0,50.0,12.5,40.0,7.284
3805,1269,1,5.0,25.0,50.0,12.5,50.0,7.5
3806,1269,2,5.0,25.0,50.0,12.5,50.0,6.49
3807,1269,3,5.0,25.0,50.0,12.5,50.0,6.992
3808,1270,1,5.0,25.0,50.0,12.5,60.0,6.945
3809,1270,2,5.0,25.0,50.0,12.5,60.0,6.872
3810,1270,3,5.0,25.0,50.0,12.5,60.0,7.013
3811,1271,1,5.0,25.0,50.0,15.0,20.0,5.975
3812,1271,2,5.0,25.0,50.0,15.0,20.0,5.815
3813,1271,3,5.0,25.0,50.0,15.0,20.0,5.752
3814,1272,1,5.0,25.0,50.0,15.0,30.0,6.556
3815,1272,2,5.0,25.0,50.0,15.0,30.0,6.947
3816,1272,3,5.0,25.0,50.0,15.0,30.0,6.42
3817,1273,1,5.0,25.0,50.0,15.0,40.0,6.982
3818,1273,2,5.0,25.0,50.0,15.0,40.0,7.051
3819,1273,3,5.0,25.0,50.0,15.0,40.0,7.437
3820,1274,1,5.0,25.0,50.0,15.0,50.0,6.941
3821,1274,2,5.0,25.0,50.0,15.0,50.0,7.293
3822,1274,3,5.0,25.0,50.0,15.0,50.0,7.37
3823,1275,1,5.0,25.0,50.0,15.0,60.0,6.682
3824,1275,2,5.0,25.0,50.0,15.0,60.0,6.641
3825,1275,3,5.0,25.0,50.0,15.0,60.0,6.608
3826,1276,1,5.0,25.0,87.5,5.0,20.0,4.903
3827,1276,2,5.0,25.0,87.5,5.0,20.0,5.214
3828,1276,3,5.0,25.0,87.5,5.0,20.0,5.04
3829,1277,1,5.0,25.0,87.5,5.0,30.0,5.841
3830,1277,2,5.0,25.0,87.5,5.0,30.0,5.46
3831,1277,3,5.0,25.0,87.5,5.0,30.0,5.504
3832,1278,1,5.0,25.0,87.5,5.0,40.0,6.825
3833,1278,2,5.0,25.0,87.5,5.0,40.0,6.175
3834,1278,3,5.0,25.0,87.5,5.0,40.0,6.008
3835,1279,1,5.0,25.0,87.5,5.0,50.0,6.726
3836,1279,2,5.0,25.0,87.5,5.0,50.0,6.404
3837,1279,3,5.0,25.0,87.5,5.0,50.0,6.487
3838,1280,1,5.0,25.0,87.5,5.0,60.0,6.036
3839,1280,2,5.0,25.0,87.5,5.0,60.0,5.986
3840,1280,3,5.0,25.0,87.5,5.0,60.0,6.028
3841,1281,1,5.0,25.0,87.5,7.5,20.0,5.288
3842,1281,2,5.0,25.0,87.5,7.5,20.0,5.65
3843,1281,3,5.0,25.0,87.5,7.5,20.0,5.758
3844,1282,1,5.0,25.0,87.5,7.5,30.0,6.993
3845,1282,2,5.0,25.0,87.5,7.5,30.0,6.499
3846,1282,3,5.0,25.0,87.5,7.5,30.0,5.821
3847,1283,1,5.0,25.0,87.5,7.5,40.0,6.899
3848,1283,2,5.0,25.0,87.5,7.5,40.0,7.692
3849,1283,3,5.0,25.0,87.5,7.5,40.0,7.168
3850,1284,1,5.0,25.0,87.5,7.5,50.0,6.798
3851,1284,2,5.0,25.0,87.5,7.5,50.0,7.191
3852,1284,3,5.0,25.0,87.5,7.5,50.0,6.817
3853,1285,1,5.0,25.0,87.5,7.5,60.0,6.396
3854,1285,2,5.0,25.0,87.5,7.5,60.0,6.677
3855,1285,3,5.0,25.0,87.5,7.5,60.0,6.801
3856,1286,1,5.0,25.0,87.5,10.0,20.0,5.551
3857,1286,2,5.0,25.0,87.5,10.0,20.0,5.753
3858,1286,3,5.0,25.0,87.5,10.0,20.0,6.078
3859,1287,1,5.0,25.0,87.5,10.0,30.0,6.761
3860,1287,2,5.0,25.0,87.5,10.0,30.0,6.986
3861,1287,3,5.0,25.0,87.5,10.0,30.0,6.535
3862,1288,1,5.0,25.0,87.5,10.0,40.0,7.525
3863,1288,2,5.0,25.0,87.5,10.0,40.0,6.994
3864,1288,3,5.0,25.0,87.5,10.0,40.0,7.785
3865,1289,1,5.0,25.0,87.5,10.0,50.0,6.945
3866,1289,2,5.0,25.0,87.5,10.0,50.0,7.119
3867,1289,3,5.0,25.0,87.5,10.0,50.0,7.542
3868,1290,1,5.0,25.0,87.5,10.0,60.0,7.641
3869,1290,2,5.0,25.0,87.5,10.0,60.0,7.263
3870,1290,3,5.0,25.0,87.5,10.0,60.0,7.333
3871,1291,1,5.0,25.0,87.5,12.5,20.0,6.18
3872,1291,2,5.0,25.0,87.5,12.5,20.0,5.888
3873,1291,3,5.0,25.0,87.5,12.5,20.0,6.038
3874,1292,1,5.0,25.0,87.5,12.5,30.0,6.636
3875,1292,2,5.0,25.0,87.5,12.5,30.0,6.617
3876,1292,3,5.0,25.0,87.5,12.5,30.0,7.087
3877,1293,1,5.0,25.0,87.5,12.5,40.0,7.111
3878,1293,2,5.0,25.0,87.5,12.5,40.0,7.514
3879,1293,3,5.0,25.0,87.5,12.5,40.0,7.06
3880,1294,1,5.0,25.0,87.5,12.5,50.0,7.608
3881,1294,2,5.0,25.0,87.5,12.5,50.0,7.388
3882,1294,3,5.0,25.0,87.5,12.5,50.0,7.919
3883,1295,1,5.0,25.0,87.5,12.5,60.0,7.366
3884,1295,2,5.0,25.0,87.5,12.5,60.0,7.621
3885,1295,3,5.0,25.0,87.5,12.5,60.0,7.063
3886,1296,1,5.0,25.0,87.5,15.0,20.0,5.991
3887,1296,2,5.0,25.0,87.5,15.0,20.0,5.7
3888,1296,3,5.0,25.0,87.5,15.0,20.0,5.859
3889,1297,1,5.0,25.0,87.5,15.0,30.0,6.702
3890,1297,2,5.0,25.0,87.5,15.0,30.0,6.572
3891,1297,3,5.0,25.0,87.5,15.0,30.0,6.435
3892,1298,1,5.0,25.0,87.5,15.0,40.0,6.829
3893,1298,2,5.0,25.0,87.5,15.0,40.0,6.57
3894,1298,3,5.0,25.0,87.5,15.0,40.0,6.929
3895,1299,1,5.0,25.0,87.5,15.0,50.0,7.501
3896,1299,2,5.0,25.0,87.5,15.0,50.0,6.877
3897,1299,3,5.0,25.0,87.5,15.0,50.0,6.942
3898,1300,1,5.0,25.0,87.5,15.0,60.0,7.576
3899,1300,2,5.0,25.0,87.5,15.0,60.0,6.897
3900,1300,3,5.0,25.0,87.5,15.0,60.0,7.165
3901,1301,1,5.0,25.0,125.0,5.0,20.0,4.98
3902,1301,2,5.0,25.0,125.0,5.0,20.0,4.986
3903,1301,3,5.0,25.0,125.0,5.0,20.0,4.374
3904,1302,1,5.0,25.0,125.0,5.0,30.0,5.61
3905,1302,2,5.0,25.0,125.0,5.0,30.0,5.222
3906,1302,3,5.0,25.0,125.0,5.0,30.0,6.36
3907,1303,1,5.0,25.0,125.0,5.0,40.0,5.753
3908,1303,2,5.0,25.0,125.0,5.0,40.0,5.907
3909,1303,3,5.0,25.0,125.0,5.0,40.0,5.909
3910,1304,1,5.0,25.0,125.0,5.0,50.0,5.956
3911,1304,2,5.0,25.0,125.0,5.0,50.0,6.754
3912,1304,3,5.0,25.0,125.0,5.0,50.0,7.053
3913,1305,1,5.0,25.0,125.0,5.0,60.0,6.067
3914,1305,2,5.0,25.0,125.0,5.0,60.0,5.83
3915,1305,3,5.0,25.0,125.0,5.0,60.0,5.574
3916,1306,1,5.0,25.0,125.0,7.5,20.0,5.432
3917,1306,2,5.0,25.0,125.0,7.5,20.0,5.411
3918,1306,3,5.0,25.0,125.0,7.5,20.0,5.318
3919,1307,1,5.0,25.0,125.0,7.5,30.0,6.437
3920,1307,2,5.0,25.0,125.0,7.5,30.0,6.486
3921,1307,3,5.0,25.0,125.0,7.5,30.0,6.465
3922,1308,1,5.0,25.0,125.0,7.5,40.0,6.811
3923,1308,2,5.0,25.0,125.0,7.5,40.0,6.592
3924,1308,3,5.0,25.0,125.0,7.5,40.0,7.086
3925,1309,1,5.0,25.0,125.0,7.5,50.0,7.079
3926,1309,2,5.0,25.0,125.0,7.5,50.0,7.324
3927,1309,3,5.0,25.0,125.0,7.5,50.0,7.296
3928,1310,1,5.0,25.0,125.0,7.5,60.0,6.502
3929,1310,2,5.0,25.0,125.0,7.5,60.0,6.498
3930,1310,3,5.0,25.0,125.0,7.5,60.0,6.688
3931,1311,1,5.0,25.0,125.0,10.0,20.0,5.604
3932,1311,2,5.0,25.0,125.0,10.0,20.0,6.111
3933,1311,3,5.0,25.0,125.0,10.0,20.0,5.998
3934,1312,1,5.0,25.0,125.0,10.0,30.0,7.083
3935,1312,2,5.0,25.0,125.0,10.0,30.0,6.886
3936,1312,3,5.0,25.0,125.0,10.0,30.0,6.833
3937,1313,1,5.0,25.0,125.0,10.0,40.0,7.636
3938,1313,2,5.0,25.0,125.0,10.0,40.0,7.432
3939,1313,3,5.0,25.0,125.0,10.0,40.0,7.319
3940,1314,1,5.0,25.0,125.0,10.0,50.0,7.89
3941,1314,2,5.0,25.0,125.0,10.0,50.0,7.507
3942,1314,3,5.0,25.0,125.0,10.0,50.0,7.39
3943,1315,1,5.0,25.0,125.0,10.0,60.0,7.065
3944,1315,2,5.0,25.0,125.0,10.0,60.0,7.497
3945,1315,3,5.0,25.0,125.0,10.0,60.0,7.646
3946,1316,1,5.0,25.0,125.0,12.5,20.0,5.986
3947,1316,2,5.0,25.0,125.0,12.5,20.0,6.366
3948,1316,3,5.0,25.0,125.0,12.5,20.0,5.448
3949,1317,1,5.0,25.0,125.0,12.5,30.0,6.859
3950,1317,2,5.0,25.0,125.0,12.5,30.0,6.864
3951,1317,3,5.0,25.0,125.0,12.5,30.0,6.671
3952,1318,1,5.0,25.0,125.0,12.5,40.0,8.067
3953,1318,2,5.0,25.0,125.0,12.5,40.0,7.381
3954,1318,3,5.0,25.0,125.0,12.5,40.0,7.286
3955,1319,1,5.0,25.0,125.0,12.5,50.0,7.582
3956,1319,2,5.0,25.0,125.0,12.5,50.0,7.014
3957,1319,3,5.0,25.0,125.0,12.5,50.0,7.362
3958,1320,1,5.0,25.0,125.0,12.5,60.0,7.675
3959,1320,2,5.0,25.0,125.0,12.5,60.0,7.224
3960,1320,3,5.0,25.0,125.0,12.5,60.0,7.168
3961,1321,1,5.0,25.0,125.0,15.0,20.0,6.167
3962,1321,2,5.0,25.0,125.0,15.0,20.0,6.175
3963,1321,3,5.0,25.0,125.0,15.0,20.0,5.945
3964,1322,1,5.0,25.0,125.0,15.0,30.0,6.548
3965,1322,2,5.0,25.0,125.0,15.0,30.0,6.608
3966,1322,3,5.0,25.0,125.0,15.0,30.0,6.45
3967,1323,1,5.0,25.0,125.0,15.0,40.0,6.921
3968,1323,2,5.0,25.0,125.0,15.0,40.0,6.908
3969,1323,3,5.0,25.0,125.0,15.0,40.0,7.027
3970,1324,1,5.0,25.0,125.0,15.0,50.0,7.085
3971,1324,2,5.0,25.0,125.0,15.0,50.0,6.937
3972,1324,3,5.0,25.0,125.0,15.0,50.0,7.436
3973,1325,1,5.0,25.0,125.0,15.0,60.0,7.266
3974,1325,2,5.0,25.0,125.0,15.0,60.0,7.676
3975,1325,3,5.0,25.0,125.0,15.0,60.0,7.013
3976,1326,1,5.0,25.0,162.5,5.0,20.0,4.458
3977,1326,2,5.0,25.0,162.5,5.0,20.0,4.463
3978,1326,3,5.0,25.0,162.5,5.0,20.0,4.304
3979,1327,1,5.0,25.0,162.5,5.0,30.0,5.533
3980,1327,2,5.0,25.0,162.5,5.0,30.0,5.542
3981,1327,3,5.0,25.0,162.5,5.0,30.0,5.417
3982,1328,1,5.0,25.0,162.5,5.0,40.0,5.853
3983,1328,2,5.0,25.0,162.5,5.0,40.0,5.825
3984,1328,3,5.0,25.0,162.5,5.0,40.0,5.542
3985,1329,1,5.0,25.0,162.5,5.0,50.0,5.949
3986,1329,2,5.0,25.0,162.5,5.0,50.0,6.001
3987,1329,3,5.0,25.0,162.5,5.0,50.0,5.86
3988,1330,1,5.0,25.0,162.5,5.0,60.0,6.198
3989,1330,2,5.0,25.0,162.5,5.0,60.0,6.41
3990,1330,3,5.0,25.0,162.5,5.0,60.0,5.821
3991,1331,1,5.0,25.0,162.5,7.5,20.0,5.154
3992,1331,2,5.0,25.0,162.5,7.5,20.0,4.785
3993,1331,3,5.0,25.0,162.5,7.5,20.0,4.99
3994,1332,1,5.0,25.0,162.5,7.5,30.0,5.832
3995,1332,2,5.0,25.0,162.5,7.5,30.0,6.194
3996,1332,3,5.0,25.0,162.5,7.5,30.0,5.835
3997,1333,1,5.0,25.0,162.5,7.5,40.0,6.908
3998,1333,2,5.0,25.0,162.5,7.5,40.0,6.556
3999,1333,3,5.0,25.0,162.5,7.5,40.0,6.443
4000,1334,1,5.0,25.0,162.5,7.5,50.0,6.524
4001,1334,2,5.0,25.0,162.5,7.5,50.0,6.946
4002,1334,3,5.0,25.0,162.5,7.5,50.0,7.126
4003,1335,1,5.0,25.0,162.5,7.5,60.0,6.852
4004,1335,2,5.0,25.0,162.5,7.5,60.0,7.402
4005,1335,3,5.0,25.0,162.5,7.5,60.0,7.175
4006,1336,1,5.0,25.0,162.5,10.0,20.0,5.389
4007,1336,2,5.0,25.0,162.5,10.0,20.0,5.386
4008,1336,3,5.0,25.0,162.5,10.0,20.0,5.607
4009,1337,1,5.0,25.0,162.5,10.0,30.0,6.19
4010,1337,2,5.0,25.0,162.5,10.0,30.0,6.752
4011,1337,3,5.0,25.0,162.5,10.0,30.0,6.526
4012,1338,1,5.0,25.0,162.5,10.0,40.0,7.097
4013,1338,2,5.0,25.0,162.5,10.0,40.0,7.217
4014,1338,3,5.0,25.0,162.5,10.0,40.0,7.507
4015,1339,1,5.0,25.0,162.5,10.0,50.0,7.323
4016,1339,2,5.0,25.0,162.5,10.0,50.0,7.243
4017,1339,3,5.0,25.0,162.5,10.0,50.0,7.697
4018,1340,1,5.0,25.0,162.5,10.0,60.0,7.446
4019,1340,2,5.0,25.0,162.5,10.0,60.0,7.085
4020,1340,3,5.0,25.0,162.5,10.0,60.0,7.176
4021,1341,1,5.0,25.0,162.5,12.5,20.0,5.63
4022,1341,2,5.0,25.0,162.5,12.5,20.0,5.676
4023,1341,3,5.0,25.0,162.5,12.5,20.0,5.195
4024,1342,1,5.0,25.0,162.5,12.5,30.0,6.093
4025,1342,2,5.0,25.0,162.5,12.5,30.0,6.277
4026,1342,3,5.0,25.0,162.5,12.5,30.0,6.255
4027,1343,1,5.0,25.0,162.5,12.5,40.0,6.945
4028,1343,2,5.0,25.0,162.5,12.5,40.0,7.303
4029,1343,3,5.0,25.0,162.5,12.5,40.0,7.078
4030,1344,1,5.0,25.0,162.5,12.5,50.0,7.43
4031,1344,2,5.0,25.0,162.5,12.5,50.0,7.032
4032,1344,3,5.0,25.0,162.5,12.5,50.0,7.246
4033,1345,1,5.0,25.0,162.5,12.5,60.0,7.439
4034,1345,2,5.0,25.0,162.5,12.5,60.0,7.442
4035,1345,3,5.0,25.0,162.5,12.5,60.0,7.072
4036,1346,1,5.0,25.0,162.5,15.0,20.0,5.42
4037,1346,2,5.0,25.0,162.5,15.0,20.0,5.991
4038,1346,3,5.0,25.0,162.5,15.0,20.0,5.37
4039,1347,1,5.0,25.0,162.5,15.0,30.0,6.131
4040,1347,2,5.0,25.0,162.5,15.0,30.0,6.276
4041,1347,3,5.0,25.0,162.5,15.0,30.0,6.351
4042,1348,1,5.0,25.0,162.5,15.0,40.0,6.883
4043,1348,2,5.0,25.0,162.5,15.0,40.0,6.916
4044,1348,3,5.0,25.0,162.5,15.0,40.0,6.521
4045,1349,1,5.0,25.0,162.5,15.0,50.0,6.905
4046,1349,2,5.0,25.0,162.5,15.0,50.0,7.133
4047,1349,3,5.0,25.0,162.5,15.0,50.0,7.129
4048,1350,1,5.0,25.0,162.5,15.0,60.0,6.916
4049,1350,2,5.0,25.0,162.5,15.0,60.0,7.025
4050,1350,3,5.0,25.0,162.5,15.0,60.0,7.092
4051,1351,1,5.0,25.0,200.0,5.0,20.0,3.949
4052,1351,2,5.0,25.0,200.0,5.0,20.0,3.672
4053,1351,3,5.0,25.0,200.0,5.0,20.0,3.812
4054,1352,1,5.0,25.0,200.0,5.0,30.0,4.573
4055,1352,2,5.0,25.0,200.0,5.0,30.0,4.885
4056,1352,3,5.0,25.0,200.0,5.0,30.0,4.83
4057,1353,1,5.0,25.0,200.0,5.0,40.0,5.642
4058,1353,2,5.0,25.0,200.0,5.0,40.0,5.6
4059,1353,3,5.0,25.0,200.0,5.0,40.0,5.565
4060,1354,1,5.0,25.0,200.0,5.0,50.0,5.697
4061,1354,2,5.0,25.0,200.0,5.0,50.0,5.794
4062,1354,3,5.0,25.0,200.0,5.0,50.0,6.023
4063,1355,1,5.0,25.0,200.0,5.0,60.0,5.517
4064,1355,2,5.0,25.0,200.0,5.0,60.0,5.524
4065,1355,3,5.0,25.0,200.0,5.0,60.0,5.751
4066,1356,1,5.0,25.0,200.0,7.5,20.0,4.516
4067,1356,2,5.0,25.0,200.0,7.5,20.0,4.169
4068,1356,3,5.0,25.0,200.0,7.5,20.0,4.379
4069,1357,1,5.0,25.0,200.0,7.5,30.0,5.399
4070,1357,2,5.0,25.0,200.0,7.5,30.0,4.805
4071,1357,3,5.0,25.0,200.0,7.5,30.0,5.364
4072,1358,1,5.0,25.0,200.0,7.5,40.0,6.056
4073,1358,2,5.0,25.0,200.0,7.5,40.0,6.055
4074,1358,3,5.0,25.0,200.0,7.5,40.0,6.496
4075,1359,1,5.0,25.0,200.0,7.5,50.0,6.085
4076,1359,2,5.0,25.0,200.0,7.5,50.0,6.194
4077,1359,3,5.0,25.0,200.0,7.5,50.0,5.694
4078,1360,1,5.0,25.0,200.0,7.5,60.0,6.265
4079,1360,2,5.0,25.0,200.0,7.5,60.0,6.289
4080,1360,3,5.0,25.0,200.0,7.5,60.0,6.257
4081,1361,1,5.0,25.0,200.0,10.0,20.0,5.11
4082,1361,2,5.0,25.0,200.0,10.0,20.0,5.041
4083,1361,3,5.0,25.0,200.0,10.0,20.0,4.822
4084,1362,1,5.0,25.0,200.0,10.0,30.0,5.721
4085,1362,2,5.0,25.0,200.0,10.0,30.0,6.112
4086,1362,3,5.0,25.0,200.0,10.0,30.0,5.819
4087,1363,1,5.0,25.0,200.0,10.0,40.0,6.271
4088,1363,2,5.0,25.0,200.0,10.0,40.0,6.019
4089,1363,3,5.0,25.0,200.0,10.0,40.0,6.376
4090,1364,1,5.0,25.0,200.0,10.0,50.0,7.036
4091,1364,2,5.0,25.0,200.0,10.0,50.0,7.462
4092,1364,3,5.0,25.0,200.0,10.0,50.0,6.842
4093,1365,1,5.0,25.0,200.0,10.0,60.0,6.586
4094,1365,2,5.0,25.0,200.0,10.0,60.0,6.468
4095,1365,3,5.0,25.0,200.0,10.0,60.0,6.955
4096,1366,1,5.0,25.0,200.0,12.5,20.0,4.406
4097,1366,2,5.0,25.0,200.0,12.5,20.0,5.054
4098,1366,3,5.0,25.0,200.0,12.5,20.0,5.129
4099,1367,1,5.0,25.0,200.0,12.5,30.0,6.047
4100,1367,2,5.0,25.0,200.0,12.5,30.0,5.863
4101,1367,3,5.0,25.0,200.0,12.5,30.0,6.083
4102,1368,1,5.0,25.0,200.0,12.5,40.0,6.648
4103,1368,2,5.0,25.0,200.0,12.5,40.0,6.382
4104,1368,3,5.0,25.0,200.0,12.5,40.0,7.118
4105,1369,1,5.0,25.0,200.0,12.5,50.0,6.827
4106,1369,2,5.0,25.0,200.0,12.5,50.0,7.142
4107,1369,3,5.0,25.0,200.0,12.5,50.0,6.248
4108,1370,1,5.0,25.0,200.0,12.5,60.0,7.257
4109,1370,2,5.0,25.0,200.0,12.5,60.0,7.311
4110,1370,3,5.0,25.0,200.0,12.5,60.0,6.908
4111,1371,1,5.0,25.0,200.0,15.0,20.0,4.856
4112,1371,2,5.0,25.0,200.0,15.0,20.0,4.856
4113,1371,3,5.0,25.0,200.0,15.0,20.0,4.52
4114,1372,1,5.0,25.0,200.0,15.0,30.0,5.878
4115,1372,2,5.0,25.0,200.0,15.0,30.0,5.499
4116,1372,3,5.0,25.0,200.0,15.0,30.0,5.555
4117,1373,1,5.0,25.0,200.0,15.0,40.0,6.716
4118,1373,2,5.0,25.0,200.0,15.0,40.0,6.673
4119,1373,3,5.0,25.0,200.0,15.0,40.0,6.202
4120,1374,1,5.0,25.0,200.0,15.0,50.0,6.52
4121,1374,2,5.0,25.0,200.0,15.0,50.0,6.544
4122,1374,3,5.0,25.0,200.0,15.0,50.0,6.93
4123,1375,1,5.0,25.0,200.0,15.0,60.0,6.42
4124,1375,2,5.0,25.0,200.0,15.0,60.0,6.8
4125,1375,3,5.0,25.0,200.0,15.0,60.0,6.909
4126,1376,1,5.0,27.5,50.0,5.0,20.0,5.175
4127,1376,2,5.0,27.5,50.0,5.0,20.0,5.483
4128,1376,3,5.0,27.5,50.0,5.0,20.0,5.115
4129,1377,1,5.0,27.5,50.0,5.0,30.0,5.865
4130,1377,2,5.0,27.5,50.0,5.0,30.0,5.651
4131,1377,3,5.0,27.5,50.0,5.0,30.0,6.21
4132,1378,1,5.0,27.5,50.0,5.0,40.0,6.085
4133,1378,2,5.0,27.5,50.0,5.0,40.0,6.398
4134,1378,3,5.0,27.5,50.0,5.0,40.0,6.28
4135,1379,1,5.0,27.5,50.0,5.0,50.0,6.03
4136,1379,2,5.0,27.5,50.0,5.0,50.0,6.154
4137,1379,3,5.0,27.5,50.0,5.0,50.0,6.712
4138,1380,1,5.0,27.5,50.0,5.0,60.0,6.056
4139,1380,2,5.0,27.5,50.0,5.0,60.0,5.717
4140,1380,3,5.0,27.5,50.0,5.0,60.0,6.085
4141,1381,1,5.0,27.5,50.0,7.5,20.0,5.859
4142,1381,2,5.0,27.5,50.0,7.5,20.0,6.867
4143,1381,3,5.0,27.5,50.0,7.5,20.0,5.98
4144,1382,1,5.0,27.5,50.0,7.5,30.0,6.518
4145,1382,2,5.0,27.5,50.0,7.5,30.0,7.023
4146,1382,3,5.0,27.5,50.0,7.5,30.0,6.11
4147,1383,1,5.0,27.5,50.0,7.5,40.0,7.026
4148,1383,2,5.0,27.5,50.0,7.5,40.0,7.558
4149,1383,3,5.0,27.5,50.0,7.5,40.0,6.967
4150,1384,1,5.0,27.5,50.0,7.5,50.0,6.54
4151,1384,2,5.0,27.5,50.0,7.5,50.0,6.914
4152,1384,3,5.0,27.5,50.0,7.5,50.0,7.432
4153,1385,1,5.0,27.5,50.0,7.5,60.0,6.805
4154,1385,2,5.0,27.5,50.0,7.5,60.0,6.465
4155,1385,3,5.0,27.5,50.0,7.5,60.0,6.508
4156,1386,1,5.0,27.5,50.0,10.0,20.0,6.143
4157,1386,2,5.0,27.5,50.0,10.0,20.0,6.401
4158,1386,3,5.0,27.5,50.0,10.0,20.0,6.675
4159,1387,1,5.0,27.5,50.0,10.0,30.0,7.32
4160,1387,2,5.0,27.5,50.0,10.0,30.0,7.153
4161,1387,3,5.0,27.5,50.0,10.0,30.0,6.652
4162,1388,1,5.0,27.5,50.0,10.0,40.0,7.028
4163,1388,2,5.0,27.5,50.0,10.0,40.0,7.549
4164,1388,3,5.0,27.5,50.0,10.0,40.0,7.023
4165,1389,1,5.0,27.5,50.0,10.0,50.0,7.362
4166,1389,2,5.0,27.5,50.0,10.0,50.0,7.51
4167,1389,3,5.0,27.5,50.0,10.0,50.0,7.106
4168,1390,1,5.0,27.5,50.0,10.0,60.0,6.813
4169,1390,2,5.0,27.5,50.0,10.0,60.0,7.074
4170,1390,3,5.0,27.5,50.0,10.0,60.0,7.241
4171,1391,1,5.0,27.5,50.0,12.5,20.0,6.697
4172,1391,2,5.0,27.5,50.0,12.5,20.0,6.57
4173,1391,3,5.0,27.5,50.0,12.5,20.0,6.421
4174,1392,1,5.0,27.5,50.0,12.5,30.0,6.916
4175,1392,2,5.0,27.5,50.0,12.5,30.0,6.825
4176,1392,3,5.0,27.5,50.0,12.5,30.0,6.982
4177,1393,1,5.0,27.5,50.0,12.5,40.0,7.615
4178,1393,2,5.0,27.5,50.0,12.5,40.0,7.594
4179,1393,3,5.0,27.5,50.0,12.5,40.0,6.912
4180,1394,1,5.0,27.5,50.0,12.5,50.0,7.305
4181,1394,2,5.0,27.5,50.0,12.5,50.0,7.862
4182,1394,3,5.0,27.5,50.0,12.5,50.0,7.547
4183,1395,1,5.0,27.5,50.0,12.5,60.0,6.803
4184,1395,2,5.0,27.5,50.0,12.5,60.0,7.86
4185,1395,3,5.0,27.5,50.0,12.5,60.0,7.192
4186,1396,1,5.0,27.5,50.0,15.0,20.0,6.308
4187,1396,2,5.0,27.5,50.0,15.0,20.0,6.312
4188,1396,3,5.0,27.5,50.0,15.0,20.0,6.097
4189,1397,1,5.0,27.5,50.0,15.0,30.0,6.721
4190,1397,2,5.0,27.5,50.0,15.0,30.0,7.519
4191,1397,3,5.0,27.5,50.0,15.0,30.0,7.206
4192,1398,1,5.0,27.5,50.0,15.0,40.0,7.53
4193,1398,2,5.0,27.5,50.0,15.0,40.0,7.461
4194,1398,3,5.0,27.5,50.0,15.0,40.0,7.019
4195,1399,1,5.0,27.5,50.0,15.0,50.0,7.683
4196,1399,2,5.0,27.5,50.0,15.0,50.0,7.089
4197,1399,3,5.0,27.5,50.0,15.0,50.0,7.404
4198,1400,1,5.0,27.5,50.0,15.0,60.0,6.541
4199,1400,2,5.0,27.5,50.0,15.0,60.0,6.429
4200,1400,3,5.0,27.5,50.0,15.0,60.0,7.089
4201,1401,1,5.0,27.5,87.5,5.0,20.0,5.048
4202,1401,2,5.0,27.5,87.5,5.0,20.0,4.718
4203,1401,3,5.0,27.5,87.5,5.0,20.0,5.426
4204,1402,1,5.0,27.5,87.5,5.0,30.0,6.669
4205,1402,2,5.0,27.5,87.5,5.0,30.0,6.464
4206,1402,3,5.0,27.5,87.5,5.0,30.0,6.003
4207,1403,1,5.0,27.5,87.5,5.0,40.0,6.527
4208,1403,2,5.0,27.5,87.5,5.0,40.0,6.774
4209,1403,3,5.0,27.5,87.5,5.0,40.0,6.839
4210,1404,1,5.0,27.5,87.5,5.0,50.0,6.529
4211,1404,2,5.0,27.5,87.5,5.0,50.0,6.635
4212,1404,3,5.0,27.5,87.5,5.0,50.0,6.709
4213,1405,1,5.0,27.5,87.5,5.0,60.0,6.53
4214,1405,2,5.0,27.5,87.5,5.0,60.0,6.338
4215,1405,3,5.0,27.5,87.5,5.0,60.0,6.341
4216,1406,1,5.0,27.5,87.5,7.5,20.0,6.361
4217,1406,2,5.0,27.5,87.5,7.5,20.0,6.314
4218,1406,3,5.0,27.5,87.5,7.5,20.0,6.109
4219,1407,1,5.0,27.5,87.5,7.5,30.0,7.256
4220,1407,2,5.0,27.5,87.5,7.5,30.0,6.667
4221,1407,3,5.0,27.5,87.5,7.5,30.0,7.229
4222,1408,1,5.0,27.5,87.5,7.5,40.0,7.377
4223,1408,2,5.0,27.5,87.5,7.5,40.0,8.141
4224,1408,3,5.0,27.5,87.5,7.5,40.0,6.891
4225,1409,1,5.0,27.5,87.5,7.5,50.0,7.132
4226,1409,2,5.0,27.5,87.5,7.5,50.0,7.442
4227,1409,3,5.0,27.5,87.5,7.5,50.0,7.436
4228,1410,1,5.0,27.5,87.5,7.5,60.0,7.621
4229,1410,2,5.0,27.5,87.5,7.5,60.0,6.888
4230,1410,3,5.0,27.5,87.5,7.5,60.0,7.328
4231,1411,1,5.0,27.5,87.5,10.0,20.0,6.7
4232,1411,2,5.0,27.5,87.5,10.0,20.0,6.572
4233,1411,3,5.0,27.5,87.5,10.0,20.0,6.106
4234,1412,1,5.0,27.5,87.5,10.0,30.0,7.569
4235,1412,2,5.0,27.5,87.5,10.0,30.0,7.519
4236,1412,3,5.0,27.5,87.5,10.0,30.0,7.343
4237,1413,1,5.0,27.5,87.5,10.0,40.0,7.682
4238,1413,2,5.0,27.5,87.5,10.0,40.0,7.688
4239,1413,3,5.0,27.5,87.5,10.0,40.0,7.603
4240,1414,1,5.0,27.5,87.5,10.0,50.0,7.904
4241,1414,2,5.0,27.5,87.5,10.0,50.0,7.734
4242,1414,3,5.0,27.5,87.5,10.0,50.0,7.487
4243,1415,1,5.0,27.5,87.5,10.0,60.0,7.181
4244,1415,2,5.0,27.5,87.5,10.0,60.0,7.264
4245,1415,3,5.0,27.5,87.5,10.0,60.0,7.537
4246,1416,1,5.0,27.5,87.5,12.5,20.0,6.467
4247,1416,2,5.0,27.5,87.5,12.5,20.0,6.535
4248,1416,3,5.0,27.5,87.5,12.5,20.0,6.615
4249,1417,1,5.0,27.5,87.5,12.5,30.0,7.099
4250,1417,2,5.0,27.5,87.5,12.5,30.0,7.685
4251,1417,3,5.0,27.5,87.5,12.5,30.0,7.2
4252,1418,1,5.0,27.5,87.5,12.5,40.0,7.604
4253,1418,2,5.0,27.5,87.5,12.5,40.0,7.86
4254,1418,3,5.0,27.5,87.5,12.5,40.0,7.211
4255,1419,1,5.0,27.5,87.5,12.5,50.0,7.604
4256,1419,2,5.0,27.5,87.5,12.5,50.0,8.1
4257,1419,3,5.0,27.5,87.5,12.5,50.0,7.339
4258,1420,1,5.0,27.5,87.5,12.5,60.0,7.888
4259,1420,2,5.0,27.5,87.5,12.5,60.0,7.998
4260,1420,3,5.0,27.5,87.5,12.5,60.0,7.472
4261,1421,1,5.0,27.5,87.5,15.0,20.0,6.357
4262,1421,2,5.0,27.5,87.5,15.0,20.0,6.588
4263,1421,3,5.0,27.5,87.5,15.0,20.0,6.144
4264,1422,1,5.0,27.5,87.5,15.0,30.0,7.318
4265,1422,2,5.0,27.5,87.5,15.0,30.0,6.887
4266,1422,3,5.0,27.5,87.5,15.0,30.0,6.941
4267,1423,1,5.0,27.5,87.5,15.0,40.0,7.301
4268,1423,2,5.0,27.5,87.5,15.0,40.0,7.621
4269,1423,3,5.0,27.5,87.5,15.0,40.0,7.849
4270,1424,1,5.0,27.5,87.5,15.0,50.0,7.573
4271,1424,2,5.0,27.5,87.5,15.0,50.0,7.269
4272,1424,3,5.0,27.5,87.5,15.0,50.0,7.322
4273,1425,1,5.0,27.5,87.5,15.0,60.0,7.485
4274,1425,2,5.0,27.5,87.5,15.0,60.0,7.891
4275,1425,3,5.0,27.5,87.5,15.0,60.0,7.485
4276,1426,1,5.0,27.5,125.0,5.0,20.0,4.992
4277,1426,2,5.0,27.5,125.0,5.0,20.0,5.315
4278,1426,3,5.0,27.5,125.0,5.0,20.0,5.033
4279,1427,1,5.0,27.5,125.0,5.0,30.0,5.869
4280,1427,2,5.0,27.5,125.0,5.0,30.0,5.707
4281,1427,3,5.0,27.5,125.0,5.0,30.0,6.369
4282,1428,1,5.0,27.5,125.0,5.0,40.0,5.789
4283,1428,2,5.0,27.5,125.0,5.0,40.0,6.723
4284,1428,3,5.0,27.5,125.0,5.0,40.0,6.37
4285,1429,1,5.0,27.5,125.0,5.0,50.0,6.56
4286,1429,2,5.0,27.5,125.0,5.0,50.0,7.149
4287,1429,3,5.0,27.5,125.0,5.0,50.0,6.475
4288,1430,1,5.0,27.5,125.0,5.0,60.0,6.31
4289,1430,2,5.0,27.5,125.0,5.0,60.0,6.463
4290,1430,3,5.0,27.5,125.0,5.0,60.0,6.616
4291,1431,1,5.0,27.5,125.0,7.5,20.0,5.676
4292,1431,2,5.0,27.5,125.0,7.5,20.0,5.359
4293,1431,3,5.0,27.5,125.0,7.5,20.0,5.558
4294,1432,1,5.0,27.5,125.0,7.5,30.0,7.034
4295,1432,2,5.0,27.5,125.0,7.5,30.0,6.696
4296,1432,3,5.0,27.5,125.0,7.5,30.0,6.801
4297,1433,1,5.0,27.5,125.0,7.5,40.0,7.127
4298,1433,2,5.0,27.5,125.0,7.5,40.0,7.015
4299,1433,3,5.0,27.5,125.0,7.5,40.0,7.67
4300,1434,1,5.0,27.5,125.0,7.5,50.0,7.322
4301,1434,2,5.0,27.5,125.0,7.5,50.0,7.251
4302,1434,3,5.0,27.5,125.0,7.5,50.0,7.682
4303,1435,1,5.0,27.5,125.0,7.5,60.0,6.998
4304,1435,2,5.0,27.5,125.0,7.5,60.0,7.033
4305,1435,3,5.0,27.5,125.0,7.5,60.0,7.203
4306,1436,1,5.0,27.5,125.0,10.0,20.0,6.2
4307,1436,2,5.0,27.5,125.0,10.0,20.0,6.273
4308,1436,3,5.0,27.5,125.0,10.0,20.0,6.786
4309,1437,1,5.0,27.5,125.0,10.0,30.0,7.169
4310,1437,2,5.0,27.5,125.0,10.0,30.0,6.409
4311,1437,3,5.0,27.5,125.0,10.0,30.0,7.166
4312,1438,1,5.0,27.5,125.0,10.0,40.0,7.611
4313,1438,2,5.0,27.5,125.0,10.0,40.0,7.612
4314,1438,3,5.0,27.5,125.0,10.0,40.0,7.669
4315,1439,1,5.0,27.5,125.0,10.0,50.0,7.767
4316,1439,2,5.0,27.5,125.0,10.0,50.0,7.76
4317,1439,3,5.0,27.5,125.0,10.0,50.0,7.947
4318,1440,1,5.0,27.5,125.0,10.0,60.0,7.448
4319,1440,2,5.0,27.5,125.0,10.0,60.0,7.335
4320,1440,3,5.0,27.5,125.0,10.0,60.0,8.447
4321,1441,1,5.0,27.5,125.0,12.5,20.0,6.1
4322,1441,2,5.0,27.5,125.0,12.5,20.0,6.328
4323,1441,3,5.0,27.5,125.0,12.5,20.0,5.881
4324,1442,1,5.0,27.5,125.0,12.5,30.0,7.208
4325,1442,2,5.0,27.5,125.0,12.5,30.0,6.914
4326,1442,3,5.0,27.5,125.0,12.5,30.0,7.051
4327,1443,1,5.0,27.5,125.0,12.5,40.0,7.993
4328,1443,2,5.0,27.5,125.0,12.5,40.0,7.832
4329,1443,3,5.0,27.5,125.0,12.5,40.0,7.859
4330,1444,1,5.0,27.5,125.0,12.5,50.0,7.379
4331,1444,2,5.0,27.5,125.0,12.5,50.0,8.389
4332,1444,3,5.0,27.5,125.0,12.5,50.0,7.541
4333,1445,1,5.0,27.5,125.0,12.5,60.0,8.128
4334,1445,2,5.0,27.5,125.0,12.5,60.0,7.986
4335,1445,3,5.0,27.5,125.0,12.5,60.0,7.862
4336,1446,1,5.0,27.5,125.0,15.0,20.0,5.861
4337,1446,2,5.0,27.5,125.0,15.0,20.0,6.142
4338,1446,3,5.0,27.5,125.0,15.0,20.0,5.968
4339,1447,1,5.0,27.5,125.0,15.0,30.0,6.983
4340,1447,2,5.0,27.5,125.0,15.0,30.0,6.905
4341,1447,3,5.0,27.5,125.0,15.0,30.0,6.404
4342,1448,1,5.0,27.5,125.0,15.0,40.0,7.814
4343,1448,2,5.0,27.5,125.0,15.0,40.0,7.477
4344,1448,3,5.0,27.5,125.0,15.0,40.0,7.364
4345,1449,1,5.0,27.5,125.0,15.0,50.0,7.518
4346,1449,2,5.0,27.5,125.0,15.0,50.0,7.775
4347,1449,3,5.0,27.5,125.0,15.0,50.0,7.425
4348,1450,1,5.0,27.5,125.0,15.0,60.0,6.869
4349,1450,2,5.0,27.5,125.0,15.0,60.0,7.614
4350,1450,3,5.0,27.5,125.0,15.0,60.0,7.645
4351,1451,1,5.0,27.5,162.5,5.0,20.0,4.619
4352,1451,2,5.0,27.5,162.5,5.0,20.0,4.354
4353,1451,3,5.0,27.5,162.5,5.0,20.0,4.7
4354,1452,1,5.0,27.5,162.5,5.0,30.0,5.215
4355,1452,2,5.0,27.5,162.5,5.0,30.0,5.337
4356,1452,3,5.0,27.5,162.5,5.0,30.0,5.415
4357,1453,1,5.0,27.5,162.5,5.0,40.0,6.461
4358,1453,2,5.0,27.5,162.5,5.0,40.0,6.123
4359,1453,3,5.0,27.5,162.5,5.0,40.0,6.1
4360,1454,1,5.0,27.5,162.5,5.0,50.0,7.022
4361,1454,2,5.0,27.5,162.5,5.0,50.0,6.574
4362,1454,3,5.0,27.5,162.5,5.0,50.0,6.57
4363,1455,1,5.0,27.5,162.5,5.0,60.0,6.271
4364,1455,2,5.0,27.5,162.5,5.0,60.0,6.208
4365,1455,3,5.0,27.5,162.5,5.0,60.0,5.763
4366,1456,1,5.0,27.5,162.5,7.5,20.0,5.646
4367,1456,2,5.0,27.5,162.5,7.5,20.0,5.501
4368,1456,3,5.0,27.5,162.5,7.5,20.0,5.325
4369,1457,1,5.0,27.5,162.5,7.5,30.0,6.287
4370,1457,2,5.0,27.5,162.5,7.5,30.0,6.531
4371,1457,3,5.0,27.5,162.5,7.5,30.0,5.89
4372,1458,1,5.0,27.5,162.5,7.5,40.0,6.76
4373,1458,2,5.0,27.5,162.5,7.5,40.0,6.607
4374,1458,3,5.0,27.5,162.5,7.5,40.0,7.421
4375,1459,1,5.0,27.5,162.5,7.5,50.0,7.42
4376,1459,2,5.0,27.5,162.5,7.5,50.0,6.558
4377,1459,3,5.0,27.5,162.5,7.5,50.0,6.751
4378,1460,1,5.0,27.5,162.5,7.5,60.0,7.038
4379,1460,2,5.0,27.5,162.5,7.5,60.0,6.943
4380,1460,3,5.0,27.5,162.5,7.5,60.0,6.704
4381,1461,1,5.0,27.5,162.5,10.0,20.0,6.32
4382,1461,2,5.0,27.5,162.5,10.0,20.0,5.863
4383,1461,3,5.0,27.5,162.5,10.0,20.0,5.908
4384,1462,1,5.0,27.5,162.5,10.0,30.0,6.531
4385,1462,2,5.0,27.5,162.5,10.0,30.0,6.927
4386,1462,3,5.0,27.5,162.5,10.0,30.0,6.618
4387,1463,1,5.0,27.5,162.5,10.0,40.0,7.246
4388,1463,2,5.0,27.5,162.5,10.0,40.0,7.496
4389,1463,3,5.0,27.5,162.5,10.0,40.0,6.869
4390,1464,1,5.0,27.5,162.5,10.0,50.0,8.022
4391,1464,2,5.0,27.5,162.5,10.0,50.0,7.626
4392,1464,3,5.0,27.5,162.5,10.0,50.0,7.934
4393,1465,1,5.0,27.5,162.5,10.0,60.0,7.174
4394,1465,2,5.0,27.5,162.5,10.0,60.0,7.217
4395,1465,3,5.0,27.5,162.5,10.0,60.0,7.15
4396,1466,1,5.0,27.5,162.5,12.5,20.0,5.945
4397,1466,2,5.0,27.5,162.5,12.5,20.0,5.893
4398,1466,3,5.0,27.5,162.5,12.5,20.0,5.745
4399,1467,1,5.0,27.5,162.5,12.5,30.0,6.541
4400,1467,2,5.0,27.5,162.5,12.5,30.0,6.47
4401,1467,3,5.0,27.5,162.5,12.5,30.0,6.811
4402,1468,1,5.0,27.5,162.5,12.5,40.0,7.295
4403,1468,2,5.0,27.5,162.5,12.5,40.0,7.233
4404,1468,3,5.0,27.5,162.5,12.5,40.0,7.858
4405,1469,1,5.0,27.5,162.5,12.5,50.0,7.652
4406,1469,2,5.0,27.5,162.5,12.5,50.0,8.031
4407,1469,3,5.0,27.5,162.5,12.5,50.0,7.526
4408,1470,1,5.0,27.5,162.5,12.5,60.0,7.644
4409,1470,2,5.0,27.5,162.5,12.5,60.0,7.559
4410,1470,3,5.0,27.5,162.5,12.5,60.0,7.1
4411,1471,1,5.0,27.5,162.5,15.0,20.0,6.075
4412,1471,2,5.0,27.5,162.5,15.0,20.0,5.637
4413,1471,3,5.0,27.5,162.5,15.0,20.0,5.884
4414,1472,1,5.0,27.5,162.5,15.0,30.0,6.414
4415,1472,2,5.0,27.5,162.5,15.0,30.0,6.579
4416,1472,3,5.0,27.5,162.5,15.0,30.0,6.382
4417,1473,1,5.0,27.5,162.5,15.0,40.0,7.571
4418,1473,2,5.0,27.5,162.5,15.0,40.0,7.312
4419,1473,3,5.0,27.5,162.5,15.0,40.0,7.328
4420,1474,1,5.0,27.5,162.5,15.0,50.0,7.855
4421,1474,2,5.0,27.5,162.5,15.0,50.0,7.799
4422,1474,3,5.0,27.5,162.5,15.0,50.0,7.689
4423,1475,1,5.0,27.5,162.5,15.0,60.0,6.977
4424,1475,2,5.0,27.5,162.5,15.0,60.0,7.18
4425,1475,3,5.0,27.5,162.5,15.0,60.0,7.094
4426,1476,1,5.0,27.5,200.0,5.0,20.0,4.204
4427,1476,2,5.0,27.5,200.0,5.0,20.0,4.048
4428,1476,3,5.0,27.5,200.0,5.0,20.0,3.611
4429,1477,1,5.0,27.5,200.0,5.0,30.0,4.972
4430,1477,2,5.0,27.5,200.0,5.0,30.0,4.607
4431,1477,3,5.0,27.5,200.0,5.0,30.0,5.01
4432,1478,1,5.0,27.5,200.0,5.0,40.0,5.236
4433,1478,2,5.0,27.5,200.0,5.0,40.0,5.848
4434,1478,3,5.0,27.5,200.0,5.0,40.0,5.806
4435,1479,1,5.0,27.5,200.0,5.0,50.0,6.559
4436,1479,2,5.0,27.5,200.0,5.0,50.0,6.262
4437,1479,3,5.0,27.5,200.0,5.0,50.0,5.907
4438,1480,1,5.0,27.5,200.0,5.0,60.0,6.229
4439,1480,2,5.0,27.5,200.0,5.0,60.0,5.609
4440,1480,3,5.0,27.5,200.0,5.0,60.0,5.731
4441,1481,1,5.0,27.5,200.0,7.5,20.0,4.793
4442,1481,2,5.0,27.5,200.0,7.5,20.0,4.096
4443,1481,3,5.0,27.5,200.0,7.5,20.0,4.69
4444,1482,1,5.0,27.5,200.0,7.5,30.0,5.439
4445,1482,2,5.0,27.5,200.0,7.5,30.0,5.753
4446,1482,3,5.0,27.5,200.0,7.5,30.0,5.423
4447,1483,1,5.0,27.5,200.0,7.5,40.0,6.519
4448,1483,2,5.0,27.5,200.0,7.5,40.0,6.405
4449,1483,3,5.0,27.5,200.0,7.5,40.0,6.792
4450,1484,1,5.0,27.5,200.0,7.5,50.0,6.727
4451,1484,2,5.0,27.5,200.0,7.5,50.0,6.51
4452,1484,3,5.0,27.5,200.0,7.5,50.0,6.656
4453,1485,1,5.0,27.5,200.0,7.5,60.0,6.324
4454,1485,2,5.0,27.5,200.0,7.5,60.0,6.814
4455,1485,3,5.0,27.5,200.0,7.5,60.0,6.865
4456,1486,1,5.0,27.5,200.0,10.0,20.0,5.791
4457,1486,2,5.0,27.5,200.0,10.0,20.0,4.926
4458,1486,3,5.0,27.5,200.0,10.0,20.0,5.025
4459,1487,1,5.0,27.5,200.0,10.0,30.0,5.964
4460,1487,2,5.0,27.5,200.0,10.0,30.0,6.184
4461,1487,3,5.0,27.5,200.0,10.0,30.0,6.232
4462,1488,1,5.0,27.5,200.0,10.0,40.0,6.785
4463,1488,2,5.0,27.5,200.0,10.0,40.0,7.104
4464,1488,3,5.0,27.5,200.0,10.0,40.0,6.627
4465,1489,1,5.0,27.5,200.0,10.0,50.0,7.401
4466,1489,2,5.0,27.5,200.0,10.0,50.0,7.276
4467,1489,3,5.0,27.5,200.0,10.0,50.0,7.122
4468,1490,1,5.0,27.5,200.0,10.0,60.0,7.012
4469,1490,2,5.0,27.5,200.0,10.0,60.0,7.779
4470,1490,3,5.0,27.5,200.0,10.0,60.0,6.871
4471,1491,1,5.0,27.5,200.0,12.5,20.0,5.283
4472,1491,2,5.0,27.5,200.0,12.5,20.0,4.99
4473,1491,3,5.0,27.5,200.0,12.5,20.0,5.7
4474,1492,1,5.0,27.5,200.0,12.5,30.0,6.473
4475,1492,2,5.0,27.5,200.0,12.5,30.0,6.035
4476,1492,3,5.0,27.5,200.0,12.5,30.0,6.369
4477,1493,1,5.0,27.5,200.0,12.5,40.0,6.972
4478,1493,2,5.0,27.5,200.0,12.5,40.0,6.755
4479,1493,3,5.0,27.5,200.0,12.5,40.0,7.112
4480,1494,1,5.0,27.5,200.0,12.5,50.0,7.334
4481,1494,2,5.0,27.5,200.0,12.5,50.0,7.285
4482,1494,3,5.0,27.5,200.0,12.5,50.0,7.213
4483,1495,1,5.0,27.5,200.0,12.5,60.0,7.321
4484,1495,2,5.0,27.5,200.0,12.5,60.0,7.264
4485,1495,3,5.0,27.5,200.0,12.5,60.0,7.217
4486,1496,1,5.0,27.5,200.0,15.0,20.0,4.821
4487,1496,2,5.0,27.5,200.0,15.0,20.0,5.474
4488,1496,3,5.0,27.5,200.0,15.0,20.0,4.706
4489,1497,1,5.0,27.5,200.0,15.0,30.0,6.145
4490,1497,2,5.0,27.5,200.0,15.0,30.0,5.935
4491,1497,3,5.0,27.5,200.0,15.0,30.0,6.518
4492,1498,1,5.0,27.5,200.0,15.0,40.0,6.447
4493,1498,2,5.0,27.5,200.0,15.0,40.0,6.494
4494,1498,3,5.0,27.5,200.0,15.0,40.0,6.428
4495,1499,1,5.0,27.5,200.0,15.0,50.0,7.116
4496,1499,2,5.0,27.5,200.0,15.0,50.0,6.641
4497,1499,3,5.0,27.5,200.0,15.0,50.0,6.891
4498,1500,1,5.0,27.5,200.0,15.0,60.0,6.397
4499,1500,2,5.0,27.5,200.0,15.0,60.0,7.067
4500,1500,3,5.0,27.5,200.0,15.0,60.0,6.86
4501,1501,1,5.0,30.0,50.0,5.0,20.0,4.683
4502,1501,2,5.0,30.0,50.0,5.0,20.0,5.404
4503,1501,3,5.0,30.0,50.0,5.0,20.0,4.734
4504,1502,1,5.0,30.0,50.0,5.0,30.0,6.048
4505,1502,2,5.0,30.0,50.0,5.0,30.0,5.629
4506,1502,3,5.0,30.0,50.0,5.0,30.0,6.273
4507,1503,1,5.0,30.0,50.0,5.0,40.0,6.41
4508,1503,2,5.0,30.0,50.0,5.0,40.0,5.918
4509,1503,3,5.0,30.0,50.0,5.0,40.0,5.943
4510,1504,1,5.0,30.0,50.0,5.0,50.0,6.395
4511,1504,2,5.0,30.0,50.0,5.0,50.0,6.152
4512,1504,3,5.0,30.0,50.0,5.0,50.0,6.178
4513,1505,1,5.0,30.0,50.0,5.0,60.0,6.256
4514,1505,2,5.0,30.0,50.0,5.0,60.0,5.69
4515,1505,3,5.0,30.0,50.0,5.0,60.0,5.926
4516,1506,1,5.0,30.0,50.0,7.5,20.0,6.067
4517,1506,2,5.0,30.0,50.0,7.5,20.0,6.027
4518,1506,3,5.0,30.0,50.0,7.5,20.0,5.755
4519,1507,1,5.0,30.0,50.0,7.5,30.0,6.444
4520,1507,2,5.0,30.0,50.0,7.5,30.0,6.038
4521,1507,3,5.0,30.0,50.0,7.5,30.0,6.229
4522,1508,1,5.0,30.0,50.0,7.5,40.0,6.989
4523,1508,2,5.0,30.0,50.0,7.5,40.0,6.861
4524,1508,3,5.0,30.0,50.0,7.5,40.0,6.921
4525,1509,1,5.0,30.0,50.0,7.5,50.0,7.216
4526,1509,2,5.0,30.0,50.0,7.5,50.0,6.593
4527,1509,3,5.0,30.0,50.0,7.5,50.0,6.859
4528,1510,1,5.0,30.0,50.0,7.5,60.0,6.653
4529,1510,2,5.0,30.0,50.0,7.5,60.0,6.403
4530,1510,3,5.0,30.0,50.0,7.5,60.0,7.001
4531,1511,1,5.0,30.0,50.0,10.0,20.0,6.454
4532,1511,2,5.0,30.0,50.0,10.0,20.0,6.281
4533,1511,3,5.0,30.0,50.0,10.0,20.0,6.702
4534,1512,1,5.0,30.0,50.0,10.0,30.0,6.505
4535,1512,2,5.0,30.0,50.0,10.0,30.0,6.923
4536,1512,3,5.0,30.0,50.0,10.0,30.0,7.028
4537,1513,1,5.0,30.0,50.0,10.0,40.0,7.044
4538,1513,2,5.0,30.0,50.0,10.0,40.0,7.384
4539,1513,3,5.0,30.0,50.0,10.0,40.0,6.99
4540,1514,1,5.0,30.0,50.0,10.0,50.0,7.518
4541,1514,2,5.0,30.0,50.0,10.0,50.0,7.621
4542,1514,3,5.0,30.0,50.0,10.0,50.0,7.401
4543,1515,1,5.0,30.0,50.0,10.0,60.0,6.481
4544,1515,2,5.0,30.0,50.0,10.0,60.0,6.729
4545,1515,3,5.0,30.0,50.0,10.0,60.0,7.158
4546,1516,1,5.0,30.0,50.0,12.5,20.0,6.306
4547,1516,2,5.0,30.0,50.0,12.5,20.0,5.546
4548,1516,3,5.0,30.0,50.0,12.5,20.0,6.648
4549,1517,1,5.0,30.0,50.0,12.5,30.0,7.063
4550,1517,2,5.0,30.0,50.0,12.5,30.0,6.796
4551,1517,3,5.0,30.0,50.0,12.5,30.0,7.304
4552,1518,1,5.0,30.0,50.0,12.5,40.0,7.21
4553,1518,2,5.0,30.0,50.0,12.5,40.0,7.207
4554,1518,3,5.0,30.0,50.0,12.5,40.0,7.5
4555,1519,1,5.0,30.0,50.0,12.5,50.0,7.924
4556,1519,2,5.0,30.0,50.0,12.5,50.0,7.88
4557,1519,3,5.0,30.0,50.0,12.5,50.0,7.526
4558,1520,1,5.0,30.0,50.0,12.5,60.0,7.229
4559,1520,2,5.0,30.0,50.0,12.5,60.0,7.322
4560,1520,3,5.0,30.0,50.0,12.5,60.0,6.748
4561,1521,1,5.0,30.0,50.0,15.0,20.0,6.28
4562,1521,2,5.0,30.0,50.0,15.0,20.0,5.894
4563,1521,3,5.0,30.0,50.0,15.0,20.0,6.189
4564,1522,1,5.0,30.0,50.0,15.0,30.0,6.761
4565,1522,2,5.0,30.0,50.0,15.0,30.0,6.965
4566,1522,3,5.0,30.0,50.0,15.0,30.0,6.858
4567,1523,1,5.0,30.0,50.0,15.0,40.0,6.34
4568,1523,2,5.0,30.0,50.0,15.0,40.0,7.25
4569,1523,3,5.0,30.0,50.0,15.0,40.0,7.38
4570,1524,1,5.0,30.0,50.0,15.0,50.0,7.35
4571,1524,2,5.0,30.0,50.0,15.0,50.0,7.196
4572,1524,3,5.0,30.0,50.0,15.0,50.0,7.685
4573,1525,1,5.0,30.0,50.0,15.0,60.0,6.987
4574,1525,2,5.0,30.0,50.0,15.0,60.0,7.023
4575,1525,3,5.0,30.0,50.0,15.0,60.0,7.192
4576,1526,1,5.0,30.0,87.5,5.0,20.0,5.277
4577,1526,2,5.0,30.0,87.5,5.0,20.0,4.924
4578,1526,3,5.0,30.0,87.5,5.0,20.0,4.492
4579,1527,1,5.0,30.0,87.5,5.0,30.0,5.841
4580,1527,2,5.0,30.0,87.5,5.0,30.0,6.188
4581,1527,3,5.0,30.0,87.5,5.0,30.0,5.876
4582,1528,1,5.0,30.0,87.5,5.0,40.0,6.649
4583,1528,2,5.0,30.0,87.5,5.0,40.0,6.467
4584,1528,3,5.0,30.0,87.5,5.0,40.0,6.786
4585,1529,1,5.0,30.0,87.5,5.0,50.0,6.442
4586,1529,2,5.0,30.0,87.5,5.0,50.0,6.656
4587,1529,3,5.0,30.0,87.5,5.0,50.0,6.667
4588,1530,1,5.0,30.0,87.5,5.0,60.0,6.695
4589,1530,2,5.0,30.0,87.5,5.0,60.0,5.797
4590,1530,3,5.0,30.0,87.5,5.0,60.0,6.147
4591,1531,1,5.0,30.0,87.5,7.5,20.0,6.113
4592,1531,2,5.0,30.0,87.5,7.5,20.0,6.308
4593,1531,3,5.0,30.0,87.5,7.5,20.0,5.942
4594,1532,1,5.0,30.0,87.5,7.5,30.0,6.593
4595,1532,2,5.0,30.0,87.5,7.5,30.0,6.887
4596,1532,3,5.0,30.0,87.5,7.5,30.0,6.918
4597,1533,1,5.0,30.0,87.5,7.5,40.0,7.024
4598,1533,2,5.0,30.0,87.5,7.5,40.0,7.217
4599,1533,3,5.0,30.0,87.5,7.5,40.0,7.456
4600,1534,1,5.0,30.0,87.5,7.5,50.0,7.754
4601,1534,2,5.0,30.0,87.5,7.5,50.0,7.433
4602,1534,3,5.0,30.0,87.5,7.5,50.0,7.237
4603,1535,1,5.0,30.0,87.5,7.5,60.0,6.96
4604,1535,2,5.0,30.0,87.5,7.5,60.0,7.131
4605,1535,3,5.0,30.0,87.5,7.5,60.0,6.943
4606,1536,1,5.0,30.0,87.5,10.0,20.0,6.328
4607,1536,2,5.0,30.0,87.5,10.0,20.0,5.979
4608,1536,3,5.0,30.0,87.5,10.0,20.0,6.638
4609,1537,1,5.0,30.0,87.5,10.0,30.0,6.756
4610,1537,2,5.0,30.0,87.5,10.0,30.0,6.954
4611,1537,3,5.0,30.0,87.5,10.0,30.0,7.102
4612,1538,1,5.0,30.0,87.5,10.0,40.0,8.082
4613,1538,2,5.0,30.0,87.5,10.0,40.0,7.407
4614,1538,3,5.0,30.0,87.5,10.0,40.0,7.339
4615,1539,1,5.0,30.0,87.5,10.0,50.0,7.471
4616,1539,2,5.0,30.0,87.5,10.0,50.0,8.089
4617,1539,3,5.0,30.0,87.5,10.0,50.0,6.838
4618,1540,1,5.0,30.0,87.5,10.0,60.0,7.094
4619,1540,2,5.0,30.0,87.5,10.0,60.0,8.14
4620,1540,3,5.0,30.0,87.5,10.0,60.0,7.54
4621,1541,1,5.0,30.0,87.5,12.5,20.0,6.065
4622,1541,2,5.0,30.0,87.5,12.5,20.0,6.363
4623,1541,3,5.0,30.0,87.5,12.5,20.0,6.394
4624,1542,1,5.0,30.0,87.5,12.5,30.0,7.412
4625,1542,2,5.0,30.0,87.5,12.5,30.0,7.69
4626,1542,3,5.0,30.0,87.5,12.5,30.0,7.284
4627,1543,1,5.0,30.0,87.5,12.5,40.0,7.474
4628,1543,2,5.0,30.0,87.5,12.5,40.0,7.845
4629,1543,3,5.0,30.0,87.5,12.5,40.0,7.429
4630,1544,1,5.0,30.0,87.5,12.5,50.0,7.436
4631,1544,2,5.0,30.0,87.5,12.5,50.0,7.232
4632,1544,3,5.0,30.0,87.5,12.5,50.0,7.287
4633,1545,1,5.0,30.0,87.5,12.5,60.0,7.224
4634,1545,2,5.0,30.0,87.5,12.5,60.0,7.145
4635,1545,3,5.0,30.0,87.5,12.5,60.0,7.563
4636,1546,1,5.0,30.0,87.5,15.0,20.0,5.839
4637,1546,2,5.0,30.0,87.5,15.0,20.0,5.295
4638,1546,3,5.0,30.0,87.5,15.0,20.0,5.883
4639,1547,1,5.0,30.0,87.5,15.0,30.0,6.843
4640,1547,2,5.0,30.0,87.5,15.0,30.0,6.805
4641,1547,3,5.0,30.0,87.5,15.0,30.0,7.4
4642,1548,1,5.0,30.0,87.5,15.0,40.0,7.253
4643,1548,2,5.0,30.0,87.5,15.0,40.0,7.672
4644,1548,3,5.0,30.0,87.5,15.0,40.0,7.42
4645,1549,1,5.0,30.0,87.5,15.0,50.0,7.513
4646,1549,2,5.0,30.0,87.5,15.0,50.0,7.291
4647,1549,3,5.0,30.0,87.5,15.0,50.0,7.509
4648,1550,1,5.0,30.0,87.5,15.0,60.0,7.061
4649,1550,2,5.0,30.0,87.5,15.0,60.0,7.323
4650,1550,3,5.0,30.0,87.5,15.0,60.0,7.209
4651,1551,1,5.0,30.0,125.0,5.0,20.0,4.736
4652,1551,2,5.0,30.0,125.0,5.0,20.0,5.278
4653,1551,3,5.0,30.0,125.0,5.0,20.0,5.12
4654,1552,1,5.0,30.0,125.0,5.0,30.0,5.75
4655,1552,2,5.0,30.0,125.0,5.0,30.0,5.916
4656,1552,3,5.0,30.0,125.0,5.0,30.0,5.852
4657,1553,1,5.0,30.0,125.0,5.0,40.0,6.157
4658,1553,2,5.0,30.0,125.0,5.0,40.0,6.42
4659,1553,3,5.0,30.0,125.0,5.0,40.0,6.226
4660,1554,1,5.0,30.0,125.0,5.0,50.0,6.31
4661,1554,2,5.0,30.0,125.0,5.0,50.0,6.121
4662,1554,3,5.0,30.0,125.0,5.0,50.0,6.475
4663,1555,1,5.0,30.0,125.0,5.0,60.0,6.559
4664,1555,2,5.0,30.0,125.0,5.0,60.0,6.205
4665,1555,3,5.0,30.0,125.0,5.0,60.0,7.106
4666,1556,1,5.0,30.0,125.0,7.5,20.0,5.948
4667,1556,2,5.0,30.0,125.0,7.5,20.0,6.065
4668,1556,3,5.0,30.0,125.0,7.5,20.0,5.923
4669,1557,1,5.0,30.0,125.0,7.5,30.0,7.094
4670,1557,2,5.0,30.0,125.0,7.5,30.0,6.355
4671,1557,3,5.0,30.0,125.0,7.5,30.0,5.858
4672,1558,1,5.0,30.0,125.0,7.5,40.0,6.975
4673,1558,2,5.0,30.0,125.0,7.5,40.0,7.256
4674,1558,3,5.0,30.0,125.0,7.5,40.0,7.142
4675,1559,1,5.0,30.0,125.0,7.5,50.0,7.352
4676,1559,2,5.0,30.0,125.0,7.5,50.0,7.645
4677,1559,3,5.0,30.0,125.0,7.5,50.0,7.382
4678,1560,1,5.0,30.0,125.0,7.5,60.0,7.324
4679,1560,2,5.0,30.0,125.0,7.5,60.0,6.837
4680,1560,3,5.0,30.0,125.0,7.5,60.0,6.793
4681,1561,1,5.0,30.0,125.0,10.0,20.0,6.552
4682,1561,2,5.0,30.0,125.0,10.0,20.0,6.128
4683,1561,3,5.0,30.0,125.0,10.0,20.0,5.925
4684,1562,1,5.0,30.0,125.0,10.0,30.0,6.801
4685,1562,2,5.0,30.0,125.0,10.0,30.0,6.793
4686,1562,3,5.0,30.0,125.0,10.0,30.0,6.776
4687,1563,1,5.0,30.0,125.0,10.0,40.0,7.141
4688,1563,2,5.0,30.0,125.0,10.0,40.0,7.08
4689,1563,3,5.0,30.0,125.0,10.0,40.0,7.445
4690,1564,1,5.0,30.0,125.0,10.0,50.0,7.509
4691,1564,2,5.0,30.0,125.0,10.0,50.0,7.985
4692,1564,3,5.0,30.0,125.0,10.0,50.0,7.757
4693,1565,1,5.0,30.0,125.0,10.0,60.0,7.574
4694,1565,2,5.0,30.0,125.0,10.0,60.0,7.292
4695,1565,3,5.0,30.0,125.0,10.0,60.0,7.466
4696,1566,1,5.0,30.0,125.0,12.5,20.0,6.301
4697,1566,2,5.0,30.0,125.0,12.5,20.0,6.401
4698,1566,3,5.0,30.0,125.0,12.5,20.0,6.174
4699,1567,1,5.0,30.0,125.0,12.5,30.0,7.377
4700,1567,2,5.0,30.0,125.0,12.5,30.0,7.077
4701,1567,3,5.0,30.0,125.0,12.5,30.0,7.297
4702,1568,1,5.0,30.0,125.0,12.5,40.0,7.463
4703,1568,2,5.0,30.0,125.0,12.5,40.0,7.092
4704,1568,3,5.0,30.0,125.0,12.5,40.0,7.675
4705,1569,1,5.0,30.0,125.0,12.5,50.0,7.978
4706,1569,2,5.0,30.0,125.0,12.5,50.0,7.936
4707,1569,3,5.0,30.0,125.0,12.5,50.0,7.893
4708,1570,1,5.0,30.0,125.0,12.5,60.0,7.502
4709,1570,2,5.0,30.0,125.0,12.5,60.0,7.374
4710,1570,3,5.0,30.0,125.0,12.5,60.0,7.754
4711,1571,1,5.0,30.0,125.0,15.0,20.0,6.119
4712,1571,2,5.0,30.0,125.0,15.0,20.0,5.843
4713,1571,3,5.0,30.0,125.0,15.0,20.0,6.311
4714,1572,1,5.0,30.0,125.0,15.0,30.0,6.628
4715,1572,2,5.0,30.0,125.0,15.0,30.0,6.712
4716,1572,3,5.0,30.0,125.0,15.0,30.0,7.333
4717,1573,1,5.0,30.0,125.0,15.0,40.0,7.643
4718,1573,2,5.0,30.0,125.0,15.0,40.0,7.3
4719,1573,3,5.0,30.0,125.0,15.0,40.0,7.48
4720,1574,1,5.0,30.0,125.0,15.0,50.0,7.618
4721,1574,2,5.0,30.0,125.0,15.0,50.0,6.806
4722,1574,3,5.0,30.0,125.0,15.0,50.0,7.321
4723,1575,1,5.0,30.0,125.0,15.0,60.0,7.386
4724,1575,2,5.0,30.0,125.0,15.0,60.0,7.3
4725,1575,3,5.0,30.0,125.0,15.0,60.0,7.469
4726,1576,1,5.0,30.0,162.5,5.0,20.0,4.891
4727,1576,2,5.0,30.0,162.5,5.0,20.0,4.485
4728,1576,3,5.0,30.0,162.5,5.0,20.0,4.279
4729,1577,1,5.0,30.0,162.5,5.0,30.0,5.616
4730,1577,2,5.0,30.0,162.5,5.0,30.0,5.434
4731,1577,3,5.0,30.0,162.5,5.0,30.0,5.481
4732,1578,1,5.0,30.0,162.5,5.0,40.0,6.043
4733,1578,2,5.0,30.0,162.5,5.0,40.0,6.753
4734,1578,3,5.0,30.0,162.5,5.0,40.0,5.498
4735,1579,1,5.0,30.0,162.5,5.0,50.0,6.266
4736,1579,2,5.0,30.0,162.5,5.0,50.0,6.374
4737,1579,3,5.0,30.0,162.5,5.0,50.0,6.156
4738,1580,1,5.0,30.0,162.5,5.0,60.0,6.527
4739,1580,2,5.0,30.0,162.5,5.0,60.0,6.503
4740,1580,3,5.0,30.0,162.5,5.0,60.0,6.262
4741,1581,1,5.0,30.0,162.5,7.5,20.0,5.199
4742,1581,2,5.0,30.0,162.5,7.5,20.0,5.244
4743,1581,3,5.0,30.0,162.5,7.5,20.0,5.246
4744,1582,1,5.0,30.0,162.5,7.5,30.0,6.203
4745,1582,2,5.0,30.0,162.5,7.5,30.0,6.172
4746,1582,3,5.0,30.0,162.5,7.5,30.0,6.296
4747,1583,1,5.0,30.0,162.5,7.5,40.0,7.036
4748,1583,2,5.0,30.0,162.5,7.5,40.0,6.481
4749,1583,3,5.0,30.0,162.5,7.5,40.0,6.531
4750,1584,1,5.0,30.0,162.5,7.5,50.0,6.585
4751,1584,2,5.0,30.0,162.5,7.5,50.0,7.318
4752,1584,3,5.0,30.0,162.5,7.5,50.0,7.145
4753,1585,1,5.0,30.0,162.5,7.5,60.0,7.116
4754,1585,2,5.0,30.0,162.5,7.5,60.0,6.575
4755,1585,3,5.0,30.0,162.5,7.5,60.0,7.475
4756,1586,1,5.0,30.0,162.5,10.0,20.0,5.505
4757,1586,2,5.0,30.0,162.5,10.0,20.0,5.722
4758,1586,3,5.0,30.0,162.5,10.0,20.0,5.914
4759,1587,1,5.0,30.0,162.5,10.0,30.0,6.349
4760,1587,2,5.0,30.0,162.5,10.0,30.0,6.472
4761,1587,3,5.0,30.0,162.5,10.0,30.0,6.675
4762,1588,1,5.0,30.0,162.5,10.0,40.0,8.025
4763,1588,2,5.0,30.0,162.5,10.0,40.0,7.309
4764,1588,3,5.0,30.0,162.5,10.0,40.0,7.675
4765,1589,1,5.0,30.0,162.5,10.0,50.0,7.813
4766,1589,2,5.0,30.0,162.5,10.0,50.0,7.578
4767,1589,3,5.0,30.0,162.5,10.0,50.0,7.198
4768,1590,1,5.0,30.0,162.5,10.0,60.0,7.672
4769,1590,2,5.0,30.0,162.5,10.0,60.0,6.956
4770,1590,3,5.0,30.0,162.5,10.0,60.0,7.823
4771,1591,1,5.0,30.0,162.5,12.5,20.0,5.831
4772,1591,2,5.0,30.0,162.5,12.5,20.0,5.033
4773,1591,3,5.0,30.0,162.5,12.5,20.0,5.68
4774,1592,1,5.0,30.0,162.5,12.5,30.0,6.908
4775,1592,2,5.0,30.0,162.5,12.5,30.0,6.659
4776,1592,3,5.0,30.0,162.5,12.5,30.0,6.925
4777,1593,1,5.0,30.0,162.5,12.5,40.0,7.087
4778,1593,2,5.0,30.0,162.5,12.5,40.0,6.959
4779,1593,3,5.0,30.0,162.5,12.5,40.0,7.305
4780,1594,1,5.0,30.0,162.5,12.5,50.0,7.584
4781,1594,2,5.0,30.0,162.5,12.5,50.0,7.477
4782,1594,3,5.0,30.0,162.5,12.5,50.0,7.919
4783,1595,1,5.0,30.0,162.5,12.5,60.0,7.237
4784,1595,2,5.0,30.0,162.5,12.5,60.0,7.563
4785,1595,3,5.0,30.0,162.5,12.5,60.0,7.494
4786,1596,1,5.0,30.0,162.5,15.0,20.0,5.139
4787,1596,2,5.0,30.0,162.5,15.0,20.0,5.206
4788,1596,3,5.0,30.0,162.5,15.0,20.0,5.578
4789,1597,1,5.0,30.0,162.5,15.0,30.0,7.08
4790,1597,2,5.0,30.0,162.5,15.0,30.0,6.687
4791,1597,3,5.0,30.0,162.5,15.0,30.0,6.042
4792,1598,1,5.0,30.0,162.5,15.0,40.0,6.254
4793,1598,2,5.0,30.0,162.5,15.0,40.0,7.33
4794,1598,3,5.0,30.0,162.5,15.0,40.0,7.098
4795,1599,1,5.0,30.0,162.5,15.0,50.0,7.695
4796,1599,2,5.0,30.0,162.5,15.0,50.0,7.128
4797,1599,3,5.0,30.0,162.5,15.0,50.0,7.473
4798,1600,1,5.0,30.0,162.5,15.0,60.0,7.512
4799,1600,2,5.0,30.0,162.5,15.0,60.0,7.15
4800,1600,3,5.0,30.0,162.5,15.0,60.0,7.156
4801,1601,1,5.0,30.0,200.0,5.0,20.0,3.907
4802,1601,2,5.0,30.0,200.0,5.0,20.0,4.052
4803,1601,3,5.0,30.0,200.0,5.0,20.0,3.896
4804,1602,1,5.0,30.0,200.0,5.0,30.0,5.198
4805,1602,2,5.0,30.0,200.0,5.0,30.0,4.796
4806,1602,3,5.0,30.0,200.0,5.0,30.0,4.553
4807,1603,1,5.0,30.0,200.0,5.0,40.0,6.154
4808,1603,2,5.0,30.0,200.0,5.0,40.0,5.431
4809,1603,3,5.0,30.0,200.0,5.0,40.0,5.441
4810,1604,1,5.0,30.0,200.0,5.0,50.0,5.907
4811,1604,2,5.0,30.0,200.0,5.0,50.0,5.944
4812,1604,3,5.0,30.0,200.0,5.0,50.0,5.817
4813,1605,1,5.0,30.0,200.0,5.0,60.0,5.895
4814,1605,2,5.0,30.0,200.0,5.0,60.0,5.889
4815,1605,3,5.0,30.0,200.0,5.0,60.0,5.949
4816,1606,1,5.0,30.0,200.0,7.5,20.0,3.94
4817,1606,2,5.0,30.0,200.0,7.5,20.0,5.127
4818,1606,3,5.0,30.0,200.0,7.5,20.0,4.559
4819,1607,1,5.0,30.0,200.0,7.5,30.0,5.788
4820,1607,2,5.0,30.0,200.0,7.5,30.0,5.239
4821,1607,3,5.0,30.0,200.0,7.5,30.0,5.493
4822,1608,1,5.0,30.0,200.0,7.5,40.0,6.112
4823,1608,2,5.0,30.0,200.0,7.5,40.0,6.712
4824,1608,3,5.0,30.0,200.0,7.5,40.0,6.136
4825,1609,1,5.0,30.0,200.0,7.5,50.0,6.837
4826,1609,2,5.0,30.0,200.0,7.5,50.0,6.443
4827,1609,3,5.0,30.0,200.0,7.5,50.0,6.498
4828,1610,1,5.0,30.0,200.0,7.5,60.0,6.531
4829,1610,2,5.0,30.0,200.0,7.5,60.0,6.959
4830,1610,3,5.0,30.0,200.0,7.5,60.0,6.071
4831,1611,1,5.0,30.0,200.0,10.0,20.0,4.632
4832,1611,2,5.0,30.0,200.0,10.0,20.0,4.455
4833,1611,3,5.0,30.0,200.0,10.0,20.0,4.695
4834,1612,1,5.0,30.0,200.0,10.0,30.0,5.798
4835,1612,2,5.0,30.0,200.0,10.0,30.0,5.573
4836,1612,3,5.0,30.0,200.0,10.0,30.0,5.819
4837,1613,1,5.0,30.0,200.0,10.0,40.0,6.136
4838,1613,2,5.0,30.0,200.0,10.0,40.0,6.415
4839,1613,3,5.0,30.0,200.0,10.0,40.0,7.036
4840,1614,1,5.0,30.0,200.0,10.0,50.0,7.138
4841,1614,2,5.0,30.0,200.0,10.0,50.0,7.077
4842,1614,3,5.0,30.0,200.0,10.0,50.0,6.744
4843,1615,1,5.0,30.0,200.0,10.0,60.0,6.57
4844,1615,2,5.0,30.0,200.0,10.0,60.0,6.681
4845,1615,3,5.0,30.0,200.0,10.0,60.0,6.988
4846,1616,1,5.0,30.0,200.0,12.5,20.0,5.343
4847,1616,2,5.0,30.0,200.0,12.5,20.0,5.353
4848,1616,3,5.0,30.0,200.0,12.5,20.0,5.277
4849,1617,1,5.0,30.0,200.0,12.5,30.0,5.918
4850,1617,2,5.0,30.0,200.0,12.5,30.0,6.132
4851,1617,3,5.0,30.0,200.0,12.5,30.0,6.035
4852,1618,1,5.0,30.0,200.0,12.5,40.0,6.744
4853,1618,2,5.0,30.0,200.0,12.5,40.0,7.37
4854,1618,3,5.0,30.0,200.0,12.5,40.0,6.307
4855,1619,1,5.0,30.0,200.0,12.5,50.0,7.059
4856,1619,2,5.0,30.0,200.0,12.5,50.0,7.464
4857,1619,3,5.0,30.0,200.0,12.5,50.0,6.715
4858,1620,1,5.0,30.0,200.0,12.5,60.0,6.92
4859,1620,2,5.0,30.0,200.0,12.5,60.0,6.952
4860,1620,3,5.0,30.0,200.0,12.5,60.0,7.037
4861,1621,1,5.0,30.0,200.0,15.0,20.0,4.453
4862,1621,2,5.0,30.0,200.0,15.0,20.0,5.067
4863,1621,3,5.0,30.0,200.0,15.0,20.0,5.087
4864,1622,1,5.0,30.0,200.0,15.0,30.0,6.067
4865,1622,2,5.0,30.0,200.0,15.0,30.0,5.681
4866,1622,3,5.0,30.0,200.0,15.0,30.0,5.949
4867,1623,1,5.0,30.0,200.0,15.0,40.0,6.348
4868,1623,2,5.0,30.0,200.0,15.0,40.0,6.507
4869,1623,3,5.0,30.0,200.0,15.0,40.0,7.203
4870,1624,1,5.0,30.0,200.0,15.0,50.0,6.952
4871,1624,2,5.0,30.0,200.0,15.0,50.0,6.592
4872,1624,3,5.0,30.0,200.0,15.0,50.0,6.975
4873,1625,1,5.0,30.0,200.0,15.0,60.0,6.521
4874,1625,2,5.0,30.0,200.0,15.0,60.0,6.564
4875,1625,3,5.0,30.0,200.0,15.0,60.0,6.608
4876,1626,1,5.0,32.5,50.0,5.0,20.0,4.476
4877,1626,2,5.0,32.5,50.0,5.0,20.0,4.862
4878,1626,3,5.0,32.5,50.0,5.0,20.0,4.762
4879,1627,1,5.0,32.5,50.0,5.0,30.0,5.471
4880,1627,2,5.0,32.5,50.0,5.0,30.0,5.017
4881,1627,3,5.0,32.5,50.0,5.0,30.0,5.173
4882,1628,1,5.0,32.5,50.0,5.0,40.0,5.776
4883,1628,2,5.0,32.5,50.0,5.0,40.0,5.524
4884,1628,3,5.0,32.5,50.0,5.0,40.0,5.622
4885,1629,1,5.0,32.5,50.0,5.0,50.0,5.849
4886,1629,2,5.0,32.5,50.0,5.0,50.0,5.627
4887,1629,3,5.0,32.5,50.0,5.0,50.0,5.788
4888,1630,1,5.0,32.5,50.0,5.0,60.0,5.846
4889,1630,2,5.0,32.5,50.0,5.0,60.0,5.352
4890,1630,3,5.0,32.5,50.0,5.0,60.0,5.73
4891,1631,1,5.0,32.5,50.0,7.5,20.0,5.457
4892,1631,2,5.0,32.5,50.0,7.5,20.0,4.889
4893,1631,3,5.0,32.5,50.0,7.5,20.0,4.991
4894,1632,1,5.0,32.5,50.0,7.5,30.0,5.792
4895,1632,2,5.0,32.5,50.0,7.5,30.0,5.786
4896,1632,3,5.0,32.5,50.0,7.5,30.0,6.0
4897,1633,1,5.0,32.5,50.0,7.5,40.0,6.572
4898,1633,2,5.0,32.5,50.0,7.5,40.0,6.751
4899,1633,3,5.0,32.5,50.0,7.5,40.0,6.486
4900,1634,1,5.0,32.5,50.0,7.5,50.0,6.3
4901,1634,2,5.0,32.5,50.0,7.5,50.0,5.842
4902,1634,3,5.0,32.5,50.0,7.5,50.0,6.445
4903,1635,1,5.0,32.5,50.0,7.5,60.0,6.107
4904,1635,2,5.0,32.5,50.0,7.5,60.0,6.151
4905,1635,3,5.0,32.5,50.0,7.5,60.0,6.69
4906,1636,1,5.0,32.5,50.0,10.0,20.0,6.047
4907,1636,2,5.0,32.5,50.0,10.0,20.0,5.92
4908,1636,3,5.0,32.5,50.0,10.0,20.0,5.431
4909,1637,1,5.0,32.5,50.0,10.0,30.0,6.281
4910,1637,2,5.0,32.5,50.0,10.0,30.0,6.398
4911,1637,3,5.0,32.5,50.0,10.0,30.0,6.208
4912,1638,1,5.0,32.5,50.0,10.0,40.0,6.94
4913,1638,2,5.0,32.5,50.0,10.0,40.0,6.9
4914,1638,3,5.0,32.5,50.0,10.0,40.0,6.495
4915,1639,1,5.0,32.5,50.0,10.0,50.0,7.16
4916,1639,2,5.0,32.5,50.0,10.0,50.0,6.854
4917,1639,3,5.0,32.5,50.0,10.0,50.0,6.341
4918,1640,1,5.0,32.5,50.0,10.0,60.0,6.486
4919,1640,2,5.0,32.5,50.0,10.0,60.0,6.579
4920,1640,3,5.0,32.5,50.0,10.0,60.0,6.772
4921,1641,1,5.0,32.5,50.0,12.5,20.0,5.706
4922,1641,2,5.0,32.5,50.0,12.5,20.0,6.032
4923,1641,3,5.0,32.5,50.0,12.5,20.0,5.852
4924,1642,1,5.0,32.5,50.0,12.5,30.0,6.157
4925,1642,2,5.0,32.5,50.0,12.5,30.0,6.129
4926,1642,3,5.0,32.5,50.0,12.5,30.0,6.839
4927,1643,1,5.0,32.5,50.0,12.5,40.0,7.235
4928,1643,2,5.0,32.5,50.0,12.5,40.0,6.99
4929,1643,3,5.0,32.5,50.0,12.5,40.0,7.319
4930,1644,1,5.0,32.5,50.0,12.5,50.0,7.221
4931,1644,2,5.0,32.5,50.0,12.5,50.0,7.116
4932,1644,3,5.0,32.5,50.0,12.5,50.0,6.67
4933,1645,1,5.0,32.5,50.0,12.5,60.0,7.085
4934,1645,2,5.0,32.5,50.0,12.5,60.0,6.75
4935,1645,3,5.0,32.5,50.0,12.5,60.0,6.492
4936,1646,1,5.0,32.5,50.0,15.0,20.0,5.413
4937,1646,2,5.0,32.5,50.0,15.0,20.0,5.672
4938,1646,3,5.0,32.5,50.0,15.0,20.0,5.132
4939,1647,1,5.0,32.5,50.0,15.0,30.0,6.521
4940,1647,2,5.0,32.5,50.0,15.0,30.0,6.058
4941,1647,3,5.0,32.5,50.0,15.0,30.0,6.429
4942,1648,1,5.0,32.5,50.0,15.0,40.0,6.554
4943,1648,2,5.0,32.5,50.0,15.0,40.0,6.626
4944,1648,3,5.0,32.5,50.0,15.0,40.0,6.488
4945,1649,1,5.0,32.5,50.0,15.0,50.0,6.68
4946,1649,2,5.0,32.5,50.0,15.0,50.0,7.254
4947,1649,3,5.0,32.5,50.0,15.0,50.0,7.113
4948,1650,1,5.0,32.5,50.0,15.0,60.0,6.499
4949,1650,2,5.0,32.5,50.0,15.0,60.0,6.393
4950,1650,3,5.0,32.5,50.0,15.0,60.0,6.636
4951,1651,1,5.0,32.5,87.5,5.0,20.0,4.991
4952,1651,2,5.0,32.5,87.5,5.0,20.0,4.443
4953,1651,3,5.0,32.5,87.5,5.0,20.0,4.653
4954,1652,1,5.0,32.5,87.5,5.0,30.0,4.965
4955,1652,2,5.0,32.5,87.5,5.0,30.0,5.789
4956,1652,3,5.0,32.5,87.5,5.0,30.0,6.053
4957,1653,1,5.0,32.5,87.5,5.0,40.0,5.947
4958,1653,2,5.0,32.5,87.5,5.0,40.0,5.33
4959,1653,3,5.0,32.5,87.5,5.0,40.0,6.095
4960,1654,1,5.0,32.5,87.5,5.0,50.0,5.772
4961,1654,2,5.0,32.5,87.5,5.0,50.0,5.839
4962,1654,3,5.0,32.5,87.5,5.0,50.0,6.2
4963,1655,1,5.0,32.5,87.5,5.0,60.0,5.846
4964,1655,2,5.0,32.5,87.5,5.0,60.0,5.638
4965,1655,3,5.0,32.5,87.5,5.0,60.0,5.593
4966,1656,1,5.0,32.5,87.5,7.5,20.0,5.41
4967,1656,2,5.0,32.5,87.5,7.5,20.0,5.26
4968,1656,3,5.0,32.5,87.5,7.5,20.0,5.064
4969,1657,1,5.0,32.5,87.5,7.5,30.0,6.082
4970,1657,2,5.0,32.5,87.5,7.5,30.0,6.27
4971,1657,3,5.0,32.5,87.5,7.5,30.0,6.125
4972,1658,1,5.0,32.5,87.5,7.5,40.0,6.229
4973,1658,2,5.0,32.5,87.5,7.5,40.0,6.902
4974,1658,3,5.0,32.5,87.5,7.5,40.0,5.858
4975,1659,1,5.0,32.5,87.5,7.5,50.0,6.6
4976,1659,2,5.0,32.5,87.5,7.5,50.0,6.551
4977,1659,3,5.0,32.5,87.5,7.5,50.0,6.766
4978,1660,1,5.0,32.5,87.5,7.5,60.0,6.632
4979,1660,2,5.0,32.5,87.5,7.5,60.0,6.79
4980,1660,3,5.0,32.5,87.5,7.5,60.0,6.276
4981,1661,1,5.0,32.5,87.5,10.0,20.0,5.939
4982,1661,2,5.0,32.5,87.5,10.0,20.0,5.83
4983,1661,3,5.0,32.5,87.5,10.0,20.0,5.296
4984,1662,1,5.0,32.5,87.5,10.0,30.0,7.107
4985,1662,2,5.0,32.5,87.5,10.0,30.0,6.172
4986,1662,3,5.0,32.5,87.5,10.0,30.0,6.692
4987,1663,1,5.0,32.5,87.5,10.0,40.0,7.134
4988,1663,2,5.0,32.5,87.5,10.0,40.0,7.102
4989,1663,3,5.0,32.5,87.5,10.0,40.0,6.887
4990,1664,1,5.0,32.5,87.5,10.0,50.0,7.357
4991,1664,2,5.0,32.5,87.5,10.0,50.0,6.688
4992,1664,3,5.0,32.5,87.5,10.0,50.0,7.107
4993,1665,1,5.0,32.5,87.5,10.0,60.0,6.717
4994,1665,2,5.0,32.5,87.5,10.0,60.0,6.685
4995,1665,3,5.0,32.5,87.5,10.0,60.0,6.995
4996,1666,1,5.0,32.5,87.5,12.5,20.0,6.177
4997,1666,2,5.0,32.5,87.5,12.5,20.0,5.779
4998,1666,3,5.0,32.5,87.5,12.5,20.0,6.094
4999,1667,1,5.0,32.5,87.5,12.5,30.0,6.689
5000,1667,2,5.0,32.5,87.5,12.5,30.0,6.425
5001,1667,3,5.0,32.5,87.5,12.5,30.0,6.603
5002,1668,1,5.0,32.5,87.5,12.5,40.0,7.041
5003,1668,2,5.0,32.5,87.5,12.5,40.0,6.93
5004,1668,3,5.0,32.5,87.5,12.5,40.0,7.245
5005,1669,1,5.0,32.5,87.5,12.5,50.0,7.291
5006,1669,2,5.0,32.5,87.5,12.5,50.0,6.78
5007,1669,3,5.0,32.5,87.5,12.5,50.0,6.763
5008,1670,1,5.0,32.5,87.5,12.5,60.0,7.094
5009,1670,2,5.0,32.5,87.5,12.5,60.0,6.747
5010,1670,3,5.0,32.5,87.5,12.5,60.0,7.06
5011,1671,1,5.0,32.5,87.5,15.0,20.0,5.894
5012,1671,2,5.0,32.5,87.5,15.0,20.0,5.319
5013,1671,3,5.0,32.5,87.5,15.0,20.0,5.28
5014,1672,1,5.0,32.5,87.5,15.0,30.0,6.944
5015,1672,2,5.0,32.5,87.5,15.0,30.0,6.573
5016,1672,3,5.0,32.5,87.5,15.0,30.0,6.358
5017,1673,1,5.0,32.5,87.5,15.0,40.0,6.663
5018,1673,2,5.0,32.5,87.5,15.0,40.0,6.782
5019,1673,3,5.0,32.5,87.5,15.0,40.0,6.592
5020,1674,1,5.0,32.5,87.5,15.0,50.0,7.272
5021,1674,2,5.0,32.5,87.5,15.0,50.0,6.808
5022,1674,3,5.0,32.5,87.5,15.0,50.0,7.331
5023,1675,1,5.0,32.5,87.5,15.0,60.0,6.663
5024,1675,2,5.0,32.5,87.5,15.0,60.0,6.483
5025,1675,3,5.0,32.5,87.5,15.0,60.0,6.656
5026,1676,1,5.0,32.5,125.0,5.0,20.0,3.765
5027,1676,2,5.0,32.5,125.0,5.0,20.0,4.466
5028,1676,3,5.0,32.5,125.0,5.0,20.0,4.452
5029,1677,1,5.0,32.5,125.0,5.0,30.0,5.606
5030,1677,2,5.0,32.5,125.0,5.0,30.0,4.847
5031,1677,3,5.0,32.5,125.0,5.0,30.0,5.7
5032,1678,1,5.0,32.5,125.0,5.0,40.0,6.13
5033,1678,2,5.0,32.5,125.0,5.0,40.0,6.251
5034,1678,3,5.0,32.5,125.0,5.0,40.0,5.885
5035,1679,1,5.0,32.5,125.0,5.0,50.0,6.359
5036,1679,2,5.0,32.5,125.0,5.0,50.0,5.663
5037,1679,3,5.0,32.5,125.0,5.0,50.0,6.275
5038,1680,1,5.0,32.5,125.0,5.0,60.0,5.684
5039,1680,2,5.0,32.5,125.0,5.0,60.0,5.438
5040,1680,3,5.0,32.5,125.0,5.0,60.0,5.585
5041,1681,1,5.0,32.5,125.0,7.5,20.0,5.202
5042,1681,2,5.0,32.5,125.0,7.5,20.0,4.969
5043,1681,3,5.0,32.5,125.0,7.5,20.0,5.305
5044,1682,1,5.0,32.5,125.0,7.5,30.0,5.569
5045,1682,2,5.0,32.5,125.0,7.5,30.0,5.479
5046,1682,3,5.0,32.5,125.0,7.5,30.0,6.459
5047,1683,1,5.0,32.5,125.0,7.5,40.0,6.853
5048,1683,2,5.0,32.5,125.0,7.5,40.0,6.306
5049,1683,3,5.0,32.5,125.0,7.5,40.0,6.599
5050,1684,1,5.0,32.5,125.0,7.5,50.0,7.06
5051,1684,2,5.0,32.5,125.0,7.5,50.0,6.892
5052,1684,3,5.0,32.5,125.0,7.5,50.0,6.817
5053,1685,1,5.0,32.5,125.0,7.5,60.0,6.907
5054,1685,2,5.0,32.5,125.0,7.5,60.0,6.395
5055,1685,3,5.0,32.5,125.0,7.5,60.0,6.609
5056,1686,1,5.0,32.5,125.0,10.0,20.0,5.595
5057,1686,2,5.0,32.5,125.0,10.0,20.0,5.524
5058,1686,3,5.0,32.5,125.0,10.0,20.0,5.491
5059,1687,1,5.0,32.5,125.0,10.0,30.0,6.495
5060,1687,2,5.0,32.5,125.0,10.0,30.0,6.485
5061,1687,3,5.0,32.5,125.0,10.0,30.0,6.181
5062,1688,1,5.0,32.5,125.0,10.0,40.0,7.225
5063,1688,2,5.0,32.5,125.0,10.0,40.0,6.727
5064,1688,3,5.0,32.5,125.0,10.0,40.0,6.939
5065,1689,1,5.0,32.5,125.0,10.0,50.0,7.092
5066,1689,2,5.0,32.5,125.0,10.0,50.0,7.275
5067,1689,3,5.0,32.5,125.0,10.0,50.0,6.582
5068,1690,1,5.0,32.5,125.0,10.0,60.0,7.249
5069,1690,2,5.0,32.5,125.0,10.0,60.0,6.81
5070,1690,3,5.0,32.5,125.0,10.0,60.0,7.342
5071,1691,1,5.0,32.5,125.0,12.5,20.0,5.566
5072,1691,2,5.0,32.5,125.0,12.5,20.0,5.686
5073,1691,3,5.0,32.5,125.0,12.5,20.0,6.236
5074,1692,1,5.0,32.5,125.0,12.5,30.0,6.497
5075,1692,2,5.0,32.5,125.0,12.5,30.0,6.922
5076,1692,3,5.0,32.5,125.0,12.5,30.0,6.586
5077,1693,1,5.0,32.5,125.0,12.5,40.0,7.216
5078,1693,2,5.0,32.5,125.0,12.5,40.0,7.12
5079,1693,3,5.0,32.5,125.0,12.5,40.0,7.337
5080,1694,1,5.0,32.5,125.0,12.5,50.0,7.083
5081,1694,2,5.0,32.5,125.0,12.5,50.0,6.999
5082,1694,3,5.0,32.5,125.0,12.5,50.0,7.096
5083,1695,1,5.0,32.5,125.0,12.5,60.0,7.128
5084,1695,2,5.0,32.5,125.0,12.5,60.0,7.038
5085,1695,3,5.0,32.5,125.0,12.5,60.0,7.299
5086,1696,1,5.0,32.5,125.0,15.0,20.0,5.865
5087,1696,2,5.0,32.5,125.0,15.0,20.0,5.227
5088,1696,3,5.0,32.5,125.0,15.0,20.0,5.294
5089,1697,1,5.0,32.5,125.0,15.0,30.0,5.973
5090,1697,2,5.0,32.5,125.0,15.0,30.0,6.944
5091,1697,3,5.0,32.5,125.0,15.0,30.0,6.46
5092,1698,1,5.0,32.5,125.0,15.0,40.0,7.034
5093,1698,2,5.0,32.5,125.0,15.0,40.0,6.525
5094,1698,3,5.0,32.5,125.0,15.0,40.0,6.9
5095,1699,1,5.0,32.5,125.0,15.0,50.0,7.218
5096,1699,2,5.0,32.5,125.0,15.0,50.0,7.004
5097,1699,3,5.0,32.5,125.0,15.0,50.0,7.376
5098,1700,1,5.0,32.5,125.0,15.0,60.0,7.547
5099,1700,2,5.0,32.5,125.0,15.0,60.0,6.635
5100,1700,3,5.0,32.5,125.0,15.0,60.0,6.614
5101,1701,1,5.0,32.5,162.5,5.0,20.0,3.829
5102,1701,2,5.0,32.5,162.5,5.0,20.0,4.525
5103,1701,3,5.0,32.5,162.5,5.0,20.0,4.367
5104,1702,1,5.0,32.5,162.5,5.0,30.0,4.987
5105,1702,2,5.0,32.5,162.5,5.0,30.0,5.035
5106,1702,3,5.0,32.5,162.5,5.0,30.0,4.796
5107,1703,1,5.0,32.5,162.5,5.0,40.0,5.874
5108,1703,2,5.0,32.5,162.5,5.0,40.0,5.519
5109,1703,3,5.0,32.5,162.5,5.0,40.0,5.552
5110,1704,1,5.0,32.5,162.5,5.0,50.0,6.045
5111,1704,2,5.0,32.5,162.5,5.0,50.0,5.822
5112,1704,3,5.0,32.5,162.5,5.0,50.0,5.809
5113,1705,1,5.0,32.5,162.5,5.0,60.0,5.778
5114,1705,2,5.0,32.5,162.5,5.0,60.0,5.998
5115,1705,3,5.0,32.5,162.5,5.0,60.0,6.236
5116,1706,1,5.0,32.5,162.5,7.5,20.0,4.939
5117,1706,2,5.0,32.5,162.5,7.5,20.0,5.0
5118,1706,3,5.0,32.5,162.5,7.5,20.0,4.719
5119,1707,1,5.0,32.5,162.5,7.5,30.0,5.527
5120,1707,2,5.0,32.5,162.5,7.5,30.0,5.908
5121,1707,3,5.0,32.5,162.5,7.5,30.0,5.773
5122,1708,1,5.0,32.5,162.5,7.5,40.0,5.927
5123,1708,2,5.0,32.5,162.5,7.5,40.0,6.233
5124,1708,3,5.0,32.5,162.5,7.5,40.0,6.302
5125,1709,1,5.0,32.5,162.5,7.5,50.0,6.432
5126,1709,2,5.0,32.5,162.5,7.5,50.0,6.99
5127,1709,3,5.0,32.5,162.5,7.5,50.0,6.709
5128,1710,1,5.0,32.5,162.5,7.5,60.0,6.859
5129,1710,2,5.0,32.5,162.5,7.5,60.0,6.549
5130,1710,3,5.0,32.5,162.5,7.5,60.0,6.498
5131,1711,1,5.0,32.5,162.5,10.0,20.0,4.913
5132,1711,2,5.0,32.5,162.5,10.0,20.0,5.178
5133,1711,3,5.0,32.5,162.5,10.0,20.0,5.179
5134,1712,1,5.0,32.5,162.5,10.0,30.0,5.742
5135,1712,2,5.0,32.5,162.5,10.0,30.0,5.974
5136,1712,3,5.0,32.5,162.5,10.0,30.0,6.034
5137,1713,1,5.0,32.5,162.5,10.0,40.0,6.841
5138,1713,2,5.0,32.5,162.5,10.0,40.0,6.854
5139,1713,3,5.0,32.5,162.5,10.0,40.0,6.562
5140,1714,1,5.0,32.5,162.5,10.0,50.0,7.106
5141,1714,2,5.0,32.5,162.5,10.0,50.0,6.924
5142,1714,3,5.0,32.5,162.5,10.0,50.0,6.172
5143,1715,1,5.0,32.5,162.5,10.0,60.0,6.739
5144,1715,2,5.0,32.5,162.5,10.0,60.0,7.177
5145,1715,3,5.0,32.5,162.5,10.0,60.0,6.404
5146,1716,1,5.0,32.5,162.5,12.5,20.0,5.307
5147,1716,2,5.0,32.5,162.5,12.5,20.0,5.719
5148,1716,3,5.0,32.5,162.5,12.5,20.0,5.062
5149,1717,1,5.0,32.5,162.5,12.5,30.0,6.226
5150,1717,2,5.0,32.5,162.5,12.5,30.0,5.86
5151,1717,3,5.0,32.5,162.5,12.5,30.0,6.681
5152,1718,1,5.0,32.5,162.5,12.5,40.0,6.802
5153,1718,2,5.0,32.5,162.5,12.5,40.0,6.838
5154,1718,3,5.0,32.5,162.5,12.5,40.0,7.204
5155,1719,1,5.0,32.5,162.5,12.5,50.0,7.26
5156,1719,2,5.0,32.5,162.5,12.5,50.0,6.83
5157,1719,3,5.0,32.5,162.5,12.5,50.0,6.894
5158,1720,1,5.0,32.5,162.5,12.5,60.0,7.114
5159,1720,2,5.0,32.5,162.5,12.5,60.0,6.8
5160,1720,3,5.0,32.5,162.5,12.5,60.0,6.382
5161,1721,1,5.0,32.5,162.5,15.0,20.0,5.06
5162,1721,2,5.0,32.5,162.5,15.0,20.0,4.661
5163,1721,3,5.0,32.5,162.5,15.0,20.0,5.528
5164,1722,1,5.0,32.5,162.5,15.0,30.0,6.075
5165,1722,2,5.0,32.5,162.5,15.0,30.0,5.772
5166,1722,3,5.0,32.5,162.5,15.0,30.0,5.829
5167,1723,1,5.0,32.5,162.5,15.0,40.0,6.096
5168,1723,2,5.0,32.5,162.5,15.0,40.0,6.317
5169,1723,3,5.0,32.5,162.5,15.0,40.0,6.91
5170,1724,1,5.0,32.5,162.5,15.0,50.0,7.5
5171,1724,2,5.0,32.5,162.5,15.0,50.0,7.078
5172,1724,3,5.0,32.5,162.5,15.0,50.0,6.849
5173,1725,1,5.0,32.5,162.5,15.0,60.0,6.654
5174,1725,2,5.0,32.5,162.5,15.0,60.0,6.507
5175,1725,3,5.0,32.5,162.5,15.0,60.0,7.352
5176,1726,1,5.0,32.5,200.0,5.0,20.0,3.347
5177,1726,2,5.0,32.5,200.0,5.0,20.0,3.992
5178,1726,3,5.0,32.5,200.0,5.0,20.0,3.79
5179,1727,1,5.0,32.5,200.0,5.0,30.0,3.938
5180,1727,2,5.0,32.5,200.0,5.0,30.0,4.239
5181,1727,3,5.0,32.5,200.0,5.0,30.0,4.238
5182,1728,1,5.0,32.5,200.0,5.0,40.0,5.078
5183,1728,2,5.0,32.5,200.0,5.0,40.0,5.083
5184,1728,3,5.0,32.5,200.0,5.0,40.0,5.939
5185,1729,1,5.0,32.5,200.0,5.0,50.0,5.123
5186,1729,2,5.0,32.5,200.0,5.0,50.0,5.489
5187,1729,3,5.0,32.5,200.0,5.0,50.0,5.598
5188,1730,1,5.0,32.5,200.0,5.0,60.0,5.4
5189,1730,2,5.0,32.5,200.0,5.0,60.0,5.431
5190,1730,3,5.0,32.5,200.0,5.0,60.0,5.107
5191,1731,1,5.0,32.5,200.0,7.5,20.0,4.13
5192,1731,2,5.0,32.5,200.0,7.5,20.0,4.243
5193,1731,3,5.0,32.5,200.0,7.5,20.0,4.192
5194,1732,1,5.0,32.5,200.0,7.5,30.0,5.285
5195,1732,2,5.0,32.5,200.0,7.5,30.0,5.521
5196,1732,3,5.0,32.5,200.0,7.5,30.0,5.387
5197,1733,1,5.0,32.5,200.0,7.5,40.0,5.82
5198,1733,2,5.0,32.5,200.0,7.5,40.0,5.472
5199,1733,3,5.0,32.5,200.0,7.5,40.0,5.632
5200,1734,1,5.0,32.5,200.0,7.5,50.0,6.064
5201,1734,2,5.0,32.5,200.0,7.5,50.0,6.196
5202,1734,3,5.0,32.5,200.0,7.5,50.0,5.991
5203,1735,1,5.0,32.5,200.0,7.5,60.0,5.838
5204,1735,2,5.0,32.5,200.0,7.5,60.0,5.767
5205,1735,3,5.0,32.5,200.0,7.5,60.0,5.638
5206,1736,1,5.0,32.5,200.0,10.0,20.0,4.434
5207,1736,2,5.0,32.5,200.0,10.0,20.0,4.088
5208,1736,3,5.0,32.5,200.0,10.0,20.0,4.22
5209,1737,1,5.0,32.5,200.0,10.0,30.0,5.415
5210,1737,2,5.0,32.5,200.0,10.0,30.0,5.151
5211,1737,3,5.0,32.5,200.0,10.0,30.0,5.631
5212,1738,1,5.0,32.5,200.0,10.0,40.0,6.407
5213,1738,2,5.0,32.5,200.0,10.0,40.0,6.046
5214,1738,3,5.0,32.5,200.0,10.0,40.0,6.078
5215,1739,1,5.0,32.5,200.0,10.0,50.0,6.675
5216,1739,2,5.0,32.5,200.0,10.0,50.0,6.325
5217,1739,3,5.0,32.5,200.0,10.0,50.0,6.306
5218,1740,1,5.0,32.5,200.0,10.0,60.0,6.835
5219,1740,2,5.0,32.5,200.0,10.0,60.0,6.748
5220,1740,3,5.0,32.5,200.0,10.0,60.0,6.668
5221,1741,1,5.0,32.5,200.0,12.5,20.0,4.859
5222,1741,2,5.0,32.5,200.0,12.5,20.0,4.046
5223,1741,3,5.0,32.5,200.0,12.5,20.0,4.979
5224,1742,1,5.0,32.5,200.0,12.5,30.0,5.735
5225,1742,2,5.0,32.5,200.0,12.5,30.0,5.908
5226,1742,3,5.0,32.5,200.0,12.5,30.0,5.733
5227,1743,1,5.0,32.5,200.0,12.5,40.0,6.314
5228,1743,2,5.0,32.5,200.0,12.5,40.0,6.223
5229,1743,3,5.0,32.5,200.0,12.5,40.0,6.403
5230,1744,1,5.0,32.5,200.0,12.5,50.0,6.538
5231,1744,2,5.0,32.5,200.0,12.5,50.0,6.868
5232,1744,3,5.0,32.5,200.0,12.5,50.0,6.181
5233,1745,1,5.0,32.5,200.0,12.5,60.0,6.448
5234,1745,2,5.0,32.5,200.0,12.5,60.0,7.173
5235,1745,3,5.0,32.5,200.0,12.5,60.0,6.425
5236,1746,1,5.0,32.5,200.0,15.0,20.0,4.333
5237,1746,2,5.0,32.5,200.0,15.0,20.0,4.153
5238,1746,3,5.0,32.5,200.0,15.0,20.0,4.494
5239,1747,1,5.0,32.5,200.0,15.0,30.0,5.219
5240,1747,2,5.0,32.5,200.0,15.0,30.0,5.373
5241,1747,3,5.0,32.5,200.0,15.0,30.0,5.663
5242,1748,1,5.0,32.5,200.0,15.0,40.0,5.904
5243,1748,2,5.0,32.5,200.0,15.0,40.0,6.321
5244,1748,3,5.0,32.5,200.0,15.0,40.0,6.33
5245,1749,1,5.0,32.5,200.0,15.0,50.0,6.72
5246,1749,2,5.0,32.5,200.0,15.0,50.0,6.464
5247,1749,3,5.0,32.5,200.0,15.0,50.0,7.333
5248,1750,1,5.0,32.5,200.0,15.0,60.0,6.695
5249,1750,2,5.0,32.5,200.0,15.0,60.0,6.491
5250,1750,3,5.0,32.5,200.0,15.0,60.0,6.155
5251,1751,1,5.0,35.0,50.0,5.0,20.0,3.673
5252,1751,2,5.0,35.0,50.0,5.0,20.0,4.099
5253,1751,3,5.0,35.0,50.0,5.0,20.0,4.179
5254,1752,1,5.0,35.0,50.0,5.0,30.0,4.839
5255,1752,2,5.0,35.0,50.0,5.0,30.0,4.645
5256,1752,3,5.0,35.0,50.0,5.0,30.0,4.073
5257,1753,1,5.0,35.0,50.0,5.0,40.0,4.936
5258,1753,2,5.0,35.0,50.0,5.0,40.0,4.452
5259,1753,3,5.0,35.0,50.0,5.0,40.0,4.384
5260,1754,1,5.0,35.0,50.0,5.0,50.0,4.892
5261,1754,2,5.0,35.0,50.0,5.0,50.0,4.971
5262,1754,3,5.0,35.0,50.0,5.0,50.0,5.078
5263,1755,1,5.0,35.0,50.0,5.0,60.0,4.639
5264,1755,2,5.0,35.0,50.0,5.0,60.0,4.649
5265,1755,3,5.0,35.0,50.0,5.0,60.0,4.224
5266,1756,1,5.0,35.0,50.0,7.5,20.0,4.371
5267,1756,2,5.0,35.0,50.0,7.5,20.0,3.978
5268,1756,3,5.0,35.0,50.0,7.5,20.0,3.839
5269,1757,1,5.0,35.0,50.0,7.5,30.0,5.332
5270,1757,2,5.0,35.0,50.0,7.5,30.0,4.914
5271,1757,3,5.0,35.0,50.0,7.5,30.0,5.369
5272,1758,1,5.0,35.0,50.0,7.5,40.0,5.81
5273,1758,2,5.0,35.0,50.0,7.5,40.0,5.327
5274,1758,3,5.0,35.0,50.0,7.5,40.0,5.665
5275,1759,1,5.0,35.0,50.0,7.5,50.0,5.34
5276,1759,2,5.0,35.0,50.0,7.5,50.0,5.008
5277,1759,3,5.0,35.0,50.0,7.5,50.0,5.56
5278,1760,1,5.0,35.0,50.0,7.5,60.0,5.068
5279,1760,2,5.0,35.0,50.0,7.5,60.0,5.077
5280,1760,3,5.0,35.0,50.0,7.5,60.0,5.753
5281,1761,1,5.0,35.0,50.0,10.0,20.0,4.373
5282,1761,2,5.0,35.0,50.0,10.0,20.0,4.907
5283,1761,3,5.0,35.0,50.0,10.0,20.0,4.521
5284,1762,1,5.0,35.0,50.0,10.0,30.0,5.779
5285,1762,2,5.0,35.0,50.0,10.0,30.0,5.609
5286,1762,3,5.0,35.0,50.0,10.0,30.0,5.631
5287,1763,1,5.0,35.0,50.0,10.0,40.0,5.635
5288,1763,2,5.0,35.0,50.0,10.0,40.0,5.686
5289,1763,3,5.0,35.0,50.0,10.0,40.0,6.16
5290,1764,1,5.0,35.0,50.0,10.0,50.0,6.421
5291,1764,2,5.0,35.0,50.0,10.0,50.0,6.059
5292,1764,3,5.0,35.0,50.0,10.0,50.0,5.674
5293,1765,1,5.0,35.0,50.0,10.0,60.0,5.695
5294,1765,2,5.0,35.0,50.0,10.0,60.0,6.28
5295,1765,3,5.0,35.0,50.0,10.0,60.0,5.629
5296,1766,1,5.0,35.0,50.0,12.5,20.0,5.309
5297,1766,2,5.0,35.0,50.0,12.5,20.0,4.693
5298,1766,3,5.0,35.0,50.0,12.5,20.0,4.888
5299,1767,1,5.0,35.0,50.0,12.5,30.0,5.798
5300,1767,2,5.0,35.0,50.0,12.5,30.0,5.736
5301,1767,3,5.0,35.0,50.0,12.5,30.0,5.41
5302,1768,1,5.0,35.0,50.0,12.5,40.0,5.773
5303,1768,2,5.0,35.0,50.0,12.5,40.0,6.277
5304,1768,3,5.0,35.0,50.0,12.5,40.0,6.334
5305,1769,1,5.0,35.0,50.0,12.5,50.0,6.448
5306,1769,2,5.0,35.0,50.0,12.5,50.0,6.53
5307,1769,3,5.0,35.0,50.0,12.5,50.0,6.063
5308,1770,1,5.0,35.0,50.0,12.5,60.0,5.613
5309,1770,2,5.0,35.0,50.0,12.5,60.0,6.078
5310,1770,3,5.0,35.0,50.0,12.5,60.0,5.9
5311,1771,1,5.0,35.0,50.0,15.0,20.0,4.425
5312,1771,2,5.0,35.0,50.0,15.0,20.0,4.411
5313,1771,3,5.0,35.0,50.0,15.0,20.0,4.838
5314,1772,1,5.0,35.0,50.0,15.0,30.0,5.375
5315,1772,2,5.0,35.0,50.0,15.0,30.0,5.418
5316,1772,3,5.0,35.0,50.0,15.0,30.0,5.725
5317,1773,1,5.0,35.0,50.0,15.0,40.0,6.013
5318,1773,2,5.0,35.0,50.0,15.0,40.0,6.172
5319,1773,3,5.0,35.0,50.0,15.0,40.0,5.259
5320,1774,1,5.0,35.0,50.0,15.0,50.0,5.896
5321,1774,2,5.0,35.0,50.0,15.0,50.0,6.02
5322,1774,3,5.0,35.0,50.0,15.0,50.0,5.398
5323,1775,1,5.0,35.0,50.0,15.0,60.0,5.317
5324,1775,2,5.0,35.0,50.0,15.0,60.0,5.265
5325,1775,3,5.0,35.0,50.0,15.0,60.0,5.506
5326,1776,1,5.0,35.0,87.5,5.0,20.0,4.231
5327,1776,2,5.0,35.0,87.5,5.0,20.0,4.341
5328,1776,3,5.0,35.0,87.5,5.0,20.0,3.547
5329,1777,1,5.0,35.0,87.5,5.0,30.0,4.722
5330,1777,2,5.0,35.0,87.5,5.0,30.0,4.731
5331,1777,3,5.0,35.0,87.5,5.0,30.0,4.684
5332,1778,1,5.0,35.0,87.5,5.0,40.0,5.137
5333,1778,2,5.0,35.0,87.5,5.0,40.0,5.11
5334,1778,3,5.0,35.0,87.5,5.0,40.0,5.498
5335,1779,1,5.0,35.0,87.5,5.0,50.0,5.434
5336,1779,2,5.0,35.0,87.5,5.0,50.0,4.828
5337,1779,3,5.0,35.0,87.5,5.0,50.0,5.348
5338,1780,1,5.0,35.0,87.5,5.0,60.0,5.125
5339,1780,2,5.0,35.0,87.5,5.0,60.0,4.963
5340,1780,3,5.0,35.0,87.5,5.0,60.0,5.192
5341,1781,1,5.0,35.0,87.5,7.5,20.0,4.528
5342,1781,2,5.0,35.0,87.5,7.5,20.0,4.531
5343,1781,3,5.0,35.0,87.5,7.5,20.0,4.509
5344,1782,1,5.0,35.0,87.5,7.5,30.0,4.71
5345,1782,2,5.0,35.0,87.5,7.5,30.0,5.252
5346,1782,3,5.0,35.0,87.5,7.5,30.0,5.088
5347,1783,1,5.0,35.0,87.5,7.5,40.0,5.393
5348,1783,2,5.0,35.0,87.5,7.5,40.0,6.127
5349,1783,3,5.0,35.0,87.5,7.5,40.0,5.866
5350,1784,1,5.0,35.0,87.5,7.5,50.0,5.817
5351,1784,2,5.0,35.0,87.5,7.5,50.0,5.667
5352,1784,3,5.0,35.0,87.5,7.5,50.0,5.908
5353,1785,1,5.0,35.0,87.5,7.5,60.0,5.853
5354,1785,2,5.0,35.0,87.5,7.5,60.0,5.343
5355,1785,3,5.0,35.0,87.5,7.5,60.0,5.574
5356,1786,1,5.0,35.0,87.5,10.0,20.0,5.118
5357,1786,2,5.0,35.0,87.5,10.0,20.0,4.333
5358,1786,3,5.0,35.0,87.5,10.0,20.0,4.859
5359,1787,1,5.0,35.0,87.5,10.0,30.0,5.555
5360,1787,2,5.0,35.0,87.5,10.0,30.0,5.638
5361,1787,3,5.0,35.0,87.5,10.0,30.0,5.535
5362,1788,1,5.0,35.0,87.5,10.0,40.0,6.164
5363,1788,2,5.0,35.0,87.5,10.0,40.0,6.664
5364,1788,3,5.0,35.0,87.5,10.0,40.0,6.034
5365,1789,1,5.0,35.0,87.5,10.0,50.0,6.307
5366,1789,2,5.0,35.0,87.5,10.0,50.0,6.784
5367,1789,3,5.0,35.0,87.5,10.0,50.0,6.071
5368,1790,1,5.0,35.0,87.5,10.0,60.0,6.483
5369,1790,2,5.0,35.0,87.5,10.0,60.0,5.976
5370,1790,3,5.0,35.0,87.5,10.0,60.0,6.474
5371,1791,1,5.0,35.0,87.5,12.5,20.0,5.185
5372,1791,2,5.0,35.0,87.5,12.5,20.0,5.061
5373,1791,3,5.0,35.0,87.5,12.5,20.0,4.957
5374,1792,1,5.0,35.0,87.5,12.5,30.0,5.6
5375,1792,2,5.0,35.0,87.5,12.5,30.0,5.796
5376,1792,3,5.0,35.0,87.5,12.5,30.0,6.026
5377,1793,1,5.0,35.0,87.5,12.5,40.0,6.221
5378,1793,2,5.0,35.0,87.5,12.5,40.0,6.136
5379,1793,3,5.0,35.0,87.5,12.5,40.0,6.155
5380,1794,1,5.0,35.0,87.5,12.5,50.0,6.603
5381,1794,2,5.0,35.0,87.5,12.5,50.0,6.668
5382,1794,3,5.0,35.0,87.5,12.5,50.0,6.138
5383,1795,1,5.0,35.0,87.5,12.5,60.0,5.888
5384,1795,2,5.0,35.0,87.5,12.5,60.0,6.181
5385,1795,3,5.0,35.0,87.5,12.5,60.0,6.503
5386,1796,1,5.0,35.0,87.5,15.0,20.0,5.096
5387,1796,2,5.0,35.0,87.5,15.0,20.0,4.424
5388,1796,3,5.0,35.0,87.5,15.0,20.0,4.701
5389,1797,1,5.0,35.0,87.5,15.0,30.0,5.314
5390,1797,2,5.0,35.0,87.5,15.0,30.0,5.5
5391,1797,3,5.0,35.0,87.5,15.0,30.0,6.024
5392,1798,1,5.0,35.0,87.5,15.0,40.0,5.627
5393,1798,2,5.0,35.0,87.5,15.0,40.0,5.572
5394,1798,3,5.0,35.0,87.5,15.0,40.0,5.793
5395,1799,1,5.0,35.0,87.5,15.0,50.0,6.205
5396,1799,2,5.0,35.0,87.5,15.0,50.0,6.299
5397,1799,3,5.0,35.0,87.5,15.0,50.0,6.247
5398,1800,1,5.0,35.0,87.5,15.0,60.0,6.204
5399,1800,2,5.0,35.0,87.5,15.0,60.0,5.381
5400,1800,3,5.0,35.0,87.5,15.0,60.0,6.208
5401,1801,1,5.0,35.0,125.0,5.0,20.0,3.513
5402,1801,2,5.0,35.0,125.0,5.0,20.0,3.805
5403,1801,3,5.0,35.0,125.0,5.0,20.0,3.229
5404,1802,1,5.0,35.0,125.0,5.0,30.0,4.476
5405,1802,2,5.0,35.0,125.0,5.0,30.0,4.541
5406,1802,3,5.0,35.0,125.0,5.0,30.0,4.799
5407,1803,1,5.0,35.0,125.0,5.0,40.0,4.556
5408,1803,2,5.0,35.0,125.0,5.0,40.0,5.009
5409,1803,3,5.0,35.0,125.0,5.0,40.0,4.696
5410,1804,1,5.0,35.0,125.0,5.0,50.0,5.317
5411,1804,2,5.0,35.0,125.0,5.0,50.0,5.393
5412,1804,3,5.0,35.0,125.0,5.0,50.0,5.535
5413,1805,1,5.0,35.0,125.0,5.0,60.0,4.85
5414,1805,2,5.0,35.0,125.0,5.0,60.0,5.26
5415,1805,3,5.0,35.0,125.0,5.0,60.0,5.381
5416,1806,1,5.0,35.0,125.0,7.5,20.0,3.84
5417,1806,2,5.0,35.0,125.0,7.5,20.0,4.471
5418,1806,3,5.0,35.0,125.0,7.5,20.0,4.568
5419,1807,1,5.0,35.0,125.0,7.5,30.0,5.103
5420,1807,2,5.0,35.0,125.0,7.5,30.0,4.836
5421,1807,3,5.0,35.0,125.0,7.5,30.0,5.439
5422,1808,1,5.0,35.0,125.0,7.5,40.0,5.364
5423,1808,2,5.0,35.0,125.0,7.5,40.0,5.65
5424,1808,3,5.0,35.0,125.0,7.5,40.0,5.689
5425,1809,1,5.0,35.0,125.0,7.5,50.0,6.075
5426,1809,2,5.0,35.0,125.0,7.5,50.0,5.7
5427,1809,3,5.0,35.0,125.0,7.5,50.0,5.683
5428,1810,1,5.0,35.0,125.0,7.5,60.0,5.728
5429,1810,2,5.0,35.0,125.0,7.5,60.0,5.982
5430,1810,3,5.0,35.0,125.0,7.5,60.0,6.34
5431,1811,1,5.0,35.0,125.0,10.0,20.0,4.278
5432,1811,2,5.0,35.0,125.0,10.0,20.0,4.788
5433,1811,3,5.0,35.0,125.0,10.0,20.0,4.396
5434,1812,1,5.0,35.0,125.0,10.0,30.0,5.86
5435,1812,2,5.0,35.0,125.0,10.0,30.0,5.312
5436,1812,3,5.0,35.0,125.0,10.0,30.0,5.386
5437,1813,1,5.0,35.0,125.0,10.0,40.0,5.935
5438,1813,2,5.0,35.0,125.0,10.0,40.0,6.079
5439,1813,3,5.0,35.0,125.0,10.0,40.0,6.19
5440,1814,1,5.0,35.0,125.0,10.0,50.0,6.41
5441,1814,2,5.0,35.0,125.0,10.0,50.0,6.273
5442,1814,3,5.0,35.0,125.0,10.0,50.0,5.903
5443,1815,1,5.0,35.0,125.0,10.0,60.0,6.304
5444,1815,2,5.0,35.0,125.0,10.0,60.0,6.085
5445,1815,3,5.0,35.0,125.0,10.0,60.0,6.425
5446,1816,1,5.0,35.0,125.0,12.5,20.0,4.602
5447,1816,2,5.0,35.0,125.0,12.5,20.0,4.351
5448,1816,3,5.0,35.0,125.0,12.5,20.0,4.79
5449,1817,1,5.0,35.0,125.0,12.5,30.0,6.038
5450,1817,2,5.0,35.0,125.0,12.5,30.0,5.72
5451,1817,3,5.0,35.0,125.0,12.5,30.0,5.619
5452,1818,1,5.0,35.0,125.0,12.5,40.0,5.956
5453,1818,2,5.0,35.0,125.0,12.5,40.0,6.692
5454,1818,3,5.0,35.0,125.0,12.5,40.0,5.912
5455,1819,1,5.0,35.0,125.0,12.5,50.0,6.172
5456,1819,2,5.0,35.0,125.0,12.5,50.0,6.535
5457,1819,3,5.0,35.0,125.0,12.5,50.0,5.855
5458,1820,1,5.0,35.0,125.0,12.5,60.0,6.557
5459,1820,2,5.0,35.0,125.0,12.5,60.0,6.375
5460,1820,3,5.0,35.0,125.0,12.5,60.0,6.452
5461,1821,1,5.0,35.0,125.0,15.0,20.0,4.756
5462,1821,2,5.0,35.0,125.0,15.0,20.0,4.555
5463,1821,3,5.0,35.0,125.0,15.0,20.0,4.302
5464,1822,1,5.0,35.0,125.0,15.0,30.0,5.436
5465,1822,2,5.0,35.0,125.0,15.0,30.0,5.202
5466,1822,3,5.0,35.0,125.0,15.0,30.0,5.611
5467,1823,1,5.0,35.0,125.0,15.0,40.0,6.226
5468,1823,2,5.0,35.0,125.0,15.0,40.0,6.414
5469,1823,3,5.0,35.0,125.0,15.0,40.0,6.104
5470,1824,1,5.0,35.0,125.0,15.0,50.0,6.434
5471,1824,2,5.0,35.0,125.0,15.0,50.0,6.092
5472,1824,3,5.0,35.0,125.0,15.0,50.0,6.041
5473,1825,1,5.0,35.0,125.0,15.0,60.0,6.133
5474,1825,2,5.0,35.0,125.0,15.0,60.0,5.892
5475,1825,3,5.0,35.0,125.0,15.0,60.0,6.075
5476,1826,1,5.0,35.0,162.5,5.0,20.0,2.878
5477,1826,2,5.0,35.0,162.5,5.0,20.0,2.928
5478,1826,3,5.0,35.0,162.5,5.0,20.0,3.353
5479,1827,1,5.0,35.0,162.5,5.0,30.0,4.373
5480,1827,2,5.0,35.0,162.5,5.0,30.0,3.849
5481,1827,3,5.0,35.0,162.5,5.0,30.0,4.313
5482,1828,1,5.0,35.0,162.5,5.0,40.0,4.576
5483,1828,2,5.0,35.0,162.5,5.0,40.0,4.73
5484,1828,3,5.0,35.0,162.5,5.0,40.0,5.122
5485,1829,1,5.0,35.0,162.5,5.0,50.0,5.201
5486,1829,2,5.0,35.0,162.5,5.0,50.0,5.198
5487,1829,3,5.0,35.0,162.5,5.0,50.0,5.509
5488,1830,1,5.0,35.0,162.5,5.0,60.0,4.678
5489,1830,2,5.0,35.0,162.5,5.0,60.0,4.599
5490,1830,3,5.0,35.0,162.5,5.0,60.0,4.673
5491,1831,1,5.0,35.0,162.5,7.5,20.0,3.804
5492,1831,2,5.0,35.0,162.5,7.5,20.0,3.216
5493,1831,3,5.0,35.0,162.5,7.5,20.0,3.817
5494,1832,1,5.0,35.0,162.5,7.5,30.0,4.673
5495,1832,2,5.0,35.0,162.5,7.5,30.0,5.044
5496,1832,3,5.0,35.0,162.5,7.5,30.0,4.924
5497,1833,1,5.0,35.0,162.5,7.5,40.0,5.257
5498,1833,2,5.0,35.0,162.5,7.5,40.0,5.59
5499,1833,3,5.0,35.0,162.5,7.5,40.0,5.628
5500,1834,1,5.0,35.0,162.5,7.5,50.0,5.46
5501,1834,2,5.0,35.0,162.5,7.5,50.0,5.537
5502,1834,3,5.0,35.0,162.5,7.5,50.0,5.052
5503,1835,1,5.0,35.0,162.5,7.5,60.0,5.27
5504,1835,2,5.0,35.0,162.5,7.5,60.0,5.367
5505,1835,3,5.0,35.0,162.5,7.5,60.0,5.596
5506,1836,1,5.0,35.0,162.5,10.0,20.0,4.01
5507,1836,2,5.0,35.0,162.5,10.0,20.0,4.131
5508,1836,3,5.0,35.0,162.5,10.0,20.0,3.932
5509,1837,1,5.0,35.0,162.5,10.0,30.0,5.273
5510,1837,2,5.0,35.0,162.5,10.0,30.0,5.344
5511,1837,3,5.0,35.0,162.5,10.0,30.0,5.338
5512,1838,1,5.0,35.0,162.5,10.0,40.0,5.828
5513,1838,2,5.0,35.0,162.5,10.0,40.0,5.393
5514,1838,3,5.0,35.0,162.5,10.0,40.0,5.651
5515,1839,1,5.0,35.0,162.5,10.0,50.0,5.961
5516,1839,2,5.0,35.0,162.5,10.0,50.0,5.962
5517,1839,3,5.0,35.0,162.5,10.0,50.0,6.096
5518,1840,1,5.0,35.0,162.5,10.0,60.0,6.374
5519,1840,2,5.0,35.0,162.5,10.0,60.0,6.202
5520,1840,3,5.0,35.0,162.5,10.0,60.0,5.698
5521,1841,1,5.0,35.0,162.5,12.5,20.0,4.565
5522,1841,2,5.0,35.0,162.5,12.5,20.0,4.554
5523,1841,3,5.0,35.0,162.5,12.5,20.0,4.149
5524,1842,1,5.0,35.0,162.5,12.5,30.0,5.563
5525,1842,2,5.0,35.0,162.5,12.5,30.0,5.28
5526,1842,3,5.0,35.0,162.5,12.5,30.0,4.93
5527,1843,1,5.0,35.0,162.5,12.5,40.0,6.052
5528,1843,2,5.0,35.0,162.5,12.5,40.0,5.986
5529,1843,3,5.0,35.0,162.5,12.5,40.0,5.861
5530,1844,1,5.0,35.0,162.5,12.5,50.0,6.165
5531,1844,2,5.0,35.0,162.5,12.5,50.0,5.974
5532,1844,3,5.0,35.0,162.5,12.5,50.0,6.346
5533,1845,1,5.0,35.0,162.5,12.5,60.0,6.063
5534,1845,2,5.0,35.0,162.5,12.5,60.0,6.122
5535,1845,3,5.0,35.0,162.5,12.5,60.0,6.175
5536,1846,1,5.0,35.0,162.5,15.0,20.0,3.852
5537,1846,2,5.0,35.0,162.5,15.0,20.0,3.925
5538,1846,3,5.0,35.0,162.5,15.0,20.0,3.556
5539,1847,1,5.0,35.0,162.5,15.0,30.0,5.283
5540,1847,2,5.0,35.0,162.5,15.0,30.0,4.786
5541,1847,3,5.0,35.0,162.5,15.0,30.0,5.162
5542,1848,1,5.0,35.0,162.5,15.0,40.0,5.829
5543,1848,2,5.0,35.0,162.5,15.0,40.0,5.894
5544,1848,3,5.0,35.0,162.5,15.0,40.0,5.388
5545,1849,1,5.0,35.0,162.5,15.0,50.0,5.957
5546,1849,2,5.0,35.0,162.5,15.0,50.0,6.443
5547,1849,3,5.0,35.0,162.5,15.0,50.0,6.455
5548,1850,1,5.0,35.0,162.5,15.0,60.0,6.151
5549,1850,2,5.0,35.0,162.5,15.0,60.0,5.969
5550,1850,3,5.0,35.0,162.5,15.0,60.0,5.594
5551,1851,1,5.0,35.0,200.0,5.0,20.0,2.701
5552,1851,2,5.0,35.0,200.0,5.0,20.0,2.456
5553,1851,3,5.0,35.0,200.0,5.0,20.0,2.657
5554,1852,1,5.0,35.0,200.0,5.0,30.0,3.348
5555,1852,2,5.0,35.0,200.0,5.0,30.0,3.477
5556,1852,3,5.0,35.0,200.0,5.0,30.0,3.571
5557,1853,1,5.0,35.0,200.0,5.0,40.0,4.269
5558,1853,2,5.0,35.0,200.0,5.0,40.0,4.338
5559,1853,3,5.0,35.0,200.0,5.0,40.0,4.038
5560,1854,1,5.0,35.0,200.0,5.0,50.0,4.149
5561,1854,2,5.0,35.0,200.0,5.0,50.0,4.98
5562,1854,3,5.0,35.0,200.0,5.0,50.0,5.222
5563,1855,1,5.0,35.0,200.0,5.0,60.0,4.625
5564,1855,2,5.0,35.0,200.0,5.0,60.0,4.129
5565,1855,3,5.0,35.0,200.0,5.0,60.0,4.284
5566,1856,1,5.0,35.0,200.0,7.5,20.0,3.343
5567,1856,2,5.0,35.0,200.0,7.5,20.0,3.576
5568,1856,3,5.0,35.0,200.0,7.5,20.0,2.86
5569,1857,1,5.0,35.0,200.0,7.5,30.0,4.19
5570,1857,2,5.0,35.0,200.0,7.5,30.0,4.28
5571,1857,3,5.0,35.0,200.0,7.5,30.0,4.467
5572,1858,1,5.0,35.0,200.0,7.5,40.0,4.804
5573,1858,2,5.0,35.0,200.0,7.5,40.0,4.462
5574,1858,3,5.0,35.0,200.0,7.5,40.0,5.074
5575,1859,1,5.0,35.0,200.0,7.5,50.0,5.54
5576,1859,2,5.0,35.0,200.0,7.5,50.0,5.202
5577,1859,3,5.0,35.0,200.0,7.5,50.0,5.338
5578,1860,1,5.0,35.0,200.0,7.5,60.0,5.067
5579,1860,2,5.0,35.0,200.0,7.5,60.0,4.963
5580,1860,3,5.0,35.0,200.0,7.5,60.0,5.487
5581,1861,1,5.0,35.0,200.0,10.0,20.0,3.708
5582,1861,2,5.0,35.0,200.0,10.0,20.0,3.737
5583,1861,3,5.0,35.0,200.0,10.0,20.0,4.021
5584,1862,1,5.0,35.0,200.0,10.0,30.0,4.33
5585,1862,2,5.0,35.0,200.0,10.0,30.0,4.47
5586,1862,3,5.0,35.0,200.0,10.0,30.0,4.669
5587,1863,1,5.0,35.0,200.0,10.0,40.0,5.142
5588,1863,2,5.0,35.0,200.0,10.0,40.0,5.519
5589,1863,3,5.0,35.0,200.0,10.0,40.0,5.248
5590,1864,1,5.0,35.0,200.0,10.0,50.0,5.347
5591,1864,2,5.0,35.0,200.0,10.0,50.0,5.643
5592,1864,3,5.0,35.0,200.0,10.0,50.0,5.673
5593,1865,1,5.0,35.0,200.0,10.0,60.0,5.862
5594,1865,2,5.0,35.0,200.0,10.0,60.0,5.71
5595,1865,3,5.0,35.0,200.0,10.0,60.0,5.729
5596,1866,1,5.0,35.0,200.0,12.5,20.0,3.79
5597,1866,2,5.0,35.0,200.0,12.5,20.0,3.647
5598,1866,3,5.0,35.0,200.0,12.5,20.0,3.499
5599,1867,1,5.0,35.0,200.0,12.5,30.0,4.806
5600,1867,2,5.0,35.0,200.0,12.5,30.0,4.632
5601,1867,3,5.0,35.0,200.0,12.5,30.0,5.198
5602,1868,1,5.0,35.0,200.0,12.5,40.0,5.776
5603,1868,2,5.0,35.0,200.0,12.5,40.0,5.577
5604,1868,3,5.0,35.0,200.0,12.5,40.0,5.506
5605,1869,1,5.0,35.0,200.0,12.5,50.0,5.7
5606,1869,2,5.0,35.0,200.0,12.5,50.0,5.372
5607,1869,3,5.0,35.0,200.0,12.5,50.0,5.664
5608,1870,1,5.0,35.0,200.0,12.5,60.0,5.728
5609,1870,2,5.0,35.0,200.0,12.5,60.0,5.764
5610,1870,3,5.0,35.0,200.0,12.5,60.0,5.831
5611,1871,1,5.0,35.0,200.0,15.0,20.0,3.758
5612,1871,2,5.0,35.0,200.0,15.0,20.0,3.306
5613,1871,3,5.0,35.0,200.0,15.0,20.0,3.309
5614,1872,1,5.0,35.0,200.0,15.0,30.0,4.931
5615,1872,2,5.0,35.0,200.0,15.0,30.0,4.741
5616,1872,3,5.0,35.0,200.0,15.0,30.0,4.416
5617,1873,1,5.0,35.0,200.0,15.0,40.0,5.17
5618,1873,2,5.0,35.0,200.0,15.0,40.0,5.171
5619,1873,3,5.0,35.0,200.0,15.0,40.0,5.209
5620,1874,1,5.0,35.0,200.0,15.0,50.0,5.657
5621,1874,2,5.0,35.0,200.0,15.0,50.0,6.235
5622,1874,3,5.0,35.0,200.0,15.0,50.0,5.578
5623,1875,1,5.0,35.0,200.0,15.0,60.0,5.686
5624,1875,2,5.0,35.0,200.0,15.0,60.0,5.028
5625,1875,3,5.0,35.0,200.0,15.0,60.0,5.364
5626,1876,1,5.5,25.0,50.0,5.0,20.0,5.544
5627,1876,2,5.5,25.0,50.0,5.0,20.0,5.313
5628,1876,3,5.5,25.0,50.0,5.0,20.0,3.971
5629,1877,1,5.5,25.0,50.0,5.0,30.0,6.114
5630,1877,2,5.5,25.0,50.0,5.0,30.0,6.462
5631,1877,3,5.5,25.0,50.0,5.0,30.0,5.366
5632,1878,1,5.5,25.0,50.0,5.0,40.0,6.725
5633,1878,2,5.5,25.0,50.0,5.0,40.0,5.524
5634,1878,3,5.5,25.0,50.0,5.0,40.0,6.563
5635,1879,1,5.5,25.0,50.0,5.0,50.0,6.323
5636,1879,2,5.5,25.0,50.0,5.0,50.0,5.667
5637,1879,3,5.5,25.0,50.0,5.0,50.0,6.45
5638,1880,1,5.5,25.0,50.0,5.0,60.0,6.322
5639,1880,2,5.5,25.0,50.0,5.0,60.0,6.102
5640,1880,3,5.5,25.0,50.0,5.0,60.0,6.164
5641,1881,1,5.5,25.0,50.0,7.5,20.0,5.785
5642,1881,2,5.5,25.0,50.0,7.5,20.0,5.379
5643,1881,3,5.5,25.0,50.0,7.5,20.0,6.094
5644,1882,1,5.5,25.0,50.0,7.5,30.0,7.115
5645,1882,2,5.5,25.0,50.0,7.5,30.0,6.941
5646,1882,3,5.5,25.0,50.0,7.5,30.0,6.068
5647,1883,1,5.5,25.0,50.0,7.5,40.0,6.576
5648,1883,2,5.5,25.0,50.0,7.5,40.0,6.763
5649,1883,3,5.5,25.0,50.0,7.5,40.0,6.554
5650,1884,1,5.5,25.0,50.0,7.5,50.0,7.037
5651,1884,2,5.5,25.0,50.0,7.5,50.0,7.135
5652,1884,3,5.5,25.0,50.0,7.5,50.0,6.625
5653,1885,1,5.5,25.0,50.0,7.5,60.0,6.918
5654,1885,2,5.5,25.0,50.0,7.5,60.0,6.868
5655,1885,3,5.5,25.0,50.0,7.5,60.0,6.547
5656,1886,1,5.5,25.0,50.0,10.0,20.0,6.252
5657,1886,2,5.5,25.0,50.0,10.0,20.0,5.754
5658,1886,3,5.5,25.0,50.0,10.0,20.0,6.207
5659,1887,1,5.5,25.0,50.0,10.0,30.0,7.027
5660,1887,2,5.5,25.0,50.0,10.0,30.0,7.072
5661,1887,3,5.5,25.0,50.0,10.0,30.0,7.131
5662,1888,1,5.5,25.0,50.0,10.0,40.0,7.468
5663,1888,2,5.5,25.0,50.0,10.0,40.0,7.326
5664,1888,3,5.5,25.0,50.0,10.0,40.0,7.48
5665,1889,1,5.5,25.0,50.0,10.0,50.0,7.706
5666,1889,2,5.5,25.0,50.0,10.0,50.0,7.398
5667,1889,3,5.5,25.0,50.0,10.0,50.0,7.514
5668,1890,1,5.5,25.0,50.0,10.0,60.0,7.048
5669,1890,2,5.5,25.0,50.0,10.0,60.0,6.919
5670,1890,3,5.5,25.0,50.0,10.0,60.0,7.246
5671,1891,1,5.5,25.0,50.0,12.5,20.0,6.245
5672,1891,2,5.5,25.0,50.0,12.5,20.0,6.508
5673,1891,3,5.5,25.0,50.0,12.5,20.0,6.408
5674,1892,1,5.5,25.0,50.0,12.5,30.0,7.04
5675,1892,2,5.5,25.0,50.0,12.5,30.0,7.033
5676,1892,3,5.5,25.0,50.0,12.5,30.0,6.983
5677,1893,1,5.5,25.0,50.0,12.5,40.0,7.039
5678,1893,2,5.5,25.0,50.0,12.5,40.0,7.607
5679,1893,3,5.5,25.0,50.0,12.5,40.0,7.565
5680,1894,1,5.5,25.0,50.0,12.5,50.0,7.763
5681,1894,2,5.5,25.0,50.0,12.5,50.0,7.376
5682,1894,3,5.5,25.0,50.0,12.5,50.0,8.056
5683,1895,1,5.5,25.0,50.0,12.5,60.0,7.094
5684,1895,2,5.5,25.0,50.0,12.5,60.0,6.955
5685,1895,3,5.5,25.0,50.0,12.5,60.0,6.922
5686,1896,1,5.5,25.0,50.0,15.0,20.0,5.715
5687,1896,2,5.5,25.0,50.0,15.0,20.0,6.629
5688,1896,3,5.5,25.0,50.0,15.0,20.0,6.584
5689,1897,1,5.5,25.0,50.0,15.0,30.0,7.093
5690,1897,2,5.5,25.0,50.0,15.0,30.0,6.674
5691,1897,3,5.5,25.0,50.0,15.0,30.0,7.432
5692,1898,1,5.5,25.0,50.0,15.0,40.0,7.202
5693,1898,2,5.5,25.0,50.0,15.0,40.0,7.225
5694,1898,3,5.5,25.0,50.0,15.0,40.0,7.702
5695,1899,1,5.5,25.0,50.0,15.0,50.0,7.509
5696,1899,2,5.5,25.0,50.0,15.0,50.0,7.941
5697,1899,3,5.5,25.0,50.0,15.0,50.0,7.395
5698,1900,1,5.5,25.0,50.0,15.0,60.0,6.889
5699,1900,2,5.5,25.0,50.0,15.0,60.0,6.829
5700,1900,3,5.5,25.0,50.0,15.0,60.0,6.483
5701,1901,1,5.5,25.0,87.5,5.0,20.0,5.197
5702,1901,2,5.5,25.0,87.5,5.0,20.0,5.595
5703,1901,3,5.5,25.0,87.5,5.0,20.0,5.443
5704,1902,1,5.5,25.0,87.5,5.0,30.0,6.081
5705,1902,2,5.5,25.0,87.5,5.0,30.0,5.796
5706,1902,3,5.5,25.0,87.5,5.0,30.0,6.139
5707,1903,1,5.5,25.0,87.5,5.0,40.0,6.809
5708,1903,2,5.5,25.0,87.5,5.0,40.0,6.646
5709,1903,3,5.5,25.0,87.5,5.0,40.0,6.572
5710,1904,1,5.5,25.0,87.5,5.0,50.0,6.402
5711,1904,2,5.5,25.0,87.5,5.0,50.0,6.868
5712,1904,3,5.5,25.0,87.5,5.0,50.0,5.748
5713,1905,1,5.5,25.0,87.5,5.0,60.0,6.482
5714,1905,2,5.5,25.0,87.5,5.0,60.0,7.095
5715,1905,3,5.5,25.0,87.5,5.0,60.0,5.953
5716,1906,1,5.5,25.0,87.5,7.5,20.0,5.907
5717,1906,2,5.5,25.0,87.5,7.5,20.0,5.973
5718,1906,3,5.5,25.0,87.5,7.5,20.0,5.845
5719,1907,1,5.5,25.0,87.5,7.5,30.0,7.065
5720,1907,2,5.5,25.0,87.5,7.5,30.0,6.907
5721,1907,3,5.5,25.0,87.5,7.5,30.0,6.818
5722,1908,1,5.5,25.0,87.5,7.5,40.0,7.448
5723,1908,2,5.5,25.0,87.5,7.5,40.0,7.23
5724,1908,3,5.5,25.0,87.5,7.5,40.0,8.115
5725,1909,1,5.5,25.0,87.5,7.5,50.0,7.367
5726,1909,2,5.5,25.0,87.5,7.5,50.0,7.38
5727,1909,3,5.5,25.0,87.5,7.5,50.0,6.846
5728,1910,1,5.5,25.0,87.5,7.5,60.0,6.923
5729,1910,2,5.5,25.0,87.5,7.5,60.0,7.396
5730,1910,3,5.5,25.0,87.5,7.5,60.0,6.701
5731,1911,1,5.5,25.0,87.5,10.0,20.0,5.771
5732,1911,2,5.5,25.0,87.5,10.0,20.0,6.384
5733,1911,3,5.5,25.0,87.5,10.0,20.0,6.759
5734,1912,1,5.5,25.0,87.5,10.0,30.0,7.187
5735,1912,2,5.5,25.0,87.5,10.0,30.0,7.081
5736,1912,3,5.5,25.0,87.5,10.0,30.0,6.655
5737,1913,1,5.5,25.0,87.5,10.0,40.0,7.752
5738,1913,2,5.5,25.0,87.5,10.0,40.0,7.81
5739,1913,3,5.5,25.0,87.5,10.0,40.0,7.126
5740,1914,1,5.5,25.0,87.5,10.0,50.0,8.043
5741,1914,2,5.5,25.0,87.5,10.0,50.0,7.939
5742,1914,3,5.5,25.0,87.5,10.0,50.0,8.042
5743,1915,1,5.5,25.0,87.5,10.0,60.0,7.638
5744,1915,2,5.5,25.0,87.5,10.0,60.0,7.658
5745,1915,3,5.5,25.0,87.5,10.0,60.0,7.621
5746,1916,1,5.5,25.0,87.5,12.5,20.0,6.718
5747,1916,2,5.5,25.0,87.5,12.5,20.0,5.966
5748,1916,3,5.5,25.0,87.5,12.5,20.0,6.055
5749,1917,1,5.5,25.0,87.5,12.5,30.0,7.069
5750,1917,2,5.5,25.0,87.5,12.5,30.0,7.239
5751,1917,3,5.5,25.0,87.5,12.5,30.0,7.384
5752,1918,1,5.5,25.0,87.5,12.5,40.0,7.816
5753,1918,2,5.5,25.0,87.5,12.5,40.0,8.038
5754,1918,3,5.5,25.0,87.5,12.5,40.0,8.047
5755,1919,1,5.5,25.0,87.5,12.5,50.0,7.581
5756,1919,2,5.5,25.0,87.5,12.5,50.0,7.892
5757,1919,3,5.5,25.0,87.5,12.5,50.0,7.588
5758,1920,1,5.5,25.0,87.5,12.5,60.0,7.522
5759,1920,2,5.5,25.0,87.5,12.5,60.0,7.665
5760,1920,3,5.5,25.0,87.5,12.5,60.0,6.621
5761,1921,1,5.5,25.0,87.5,15.0,20.0,6.95
5762,1921,2,5.5,25.0,87.5,15.0,20.0,6.434
5763,1921,3,5.5,25.0,87.5,15.0,20.0,6.108
5764,1922,1,5.5,25.0,87.5,15.0,30.0,7.615
5765,1922,2,5.5,25.0,87.5,15.0,30.0,6.978
5766,1922,3,5.5,25.0,87.5,15.0,30.0,7.112
5767,1923,1,5.5,25.0,87.5,15.0,40.0,7.389
5768,1923,2,5.5,25.0,87.5,15.0,40.0,7.988
5769,1923,3,5.5,25.0,87.5,15.0,40.0,7.496
5770,1924,1,5.5,25.0,87.5,15.0,50.0,7.667
5771,1924,2,5.5,25.0,87.5,15.0,50.0,7.962
5772,1924,3,5.5,25.0,87.5,15.0,50.0,7.789
5773,1925,1,5.5,25.0,87.5,15.0,60.0,7.36
5774,1925,2,5.5,25.0,87.5,15.0,60.0,7.686
5775,1925,3,5.5,25.0,87.5,15.0,60.0,8.086
5776,1926,1,5.5,25.0,125.0,5.0,20.0,5.189
5777,1926,2,5.5,25.0,125.0,5.0,20.0,5.133
5778,1926,3,5.5,25.0,125.0,5.0,20.0,5.148
5779,1927,1,5.5,25.0,125.0,5.0,30.0,6.342
5780,1927,2,5.5,25.0,125.0,5.0,30.0,5.807
5781,1927,3,5.5,25.0,125.0,5.0,30.0,5.897
5782,1928,1,5.5,25.0,125.0,5.0,40.0,6.07
5783,1928,2,5.5,25.0,125.0,5.0,40.0,6.169
5784,1928,3,5.5,25.0,125.0,5.0,40.0,6.355
5785,1929,1,5.5,25.0,125.0,5.0,50.0,6.659
5786,1929,2,5.5,25.0,125.0,5.0,50.0,7.17
5787,1929,3,5.5,25.0,125.0,5.0,50.0,6.825
5788,1930,1,5.5,25.0,125.0,5.0,60.0,6.245
5789,1930,2,5.5,25.0,125.0,5.0,60.0,6.296
5790,1930,3,5.5,25.0,125.0,5.0,60.0,6.885
5791,1931,1,5.5,25.0,125.0,7.5,20.0,6.115
5792,1931,2,5.5,25.0,125.0,7.5,20.0,5.808
5793,1931,3,5.5,25.0,125.0,7.5,20.0,5.676
5794,1932,1,5.5,25.0,125.0,7.5,30.0,6.99
5795,1932,2,5.5,25.0,125.0,7.5,30.0,6.397
5796,1932,3,5.5,25.0,125.0,7.5,30.0,6.785
5797,1933,1,5.5,25.0,125.0,7.5,40.0,7.836
5798,1933,2,5.5,25.0,125.0,7.5,40.0,7.257
5799,1933,3,5.5,25.0,125.0,7.5,40.0,6.983
5800,1934,1,5.5,25.0,125.0,7.5,50.0,7.49
5801,1934,2,5.5,25.0,125.0,7.5,50.0,7.243
5802,1934,3,5.5,25.0,125.0,7.5,50.0,6.985
5803,1935,1,5.5,25.0,125.0,7.5,60.0,7.396
5804,1935,2,5.5,25.0,125.0,7.5,60.0,7.513
5805,1935,3,5.5,25.0,125.0,7.5,60.0,7.113
5806,1936,1,5.5,25.0,125.0,10.0,20.0,6.094
5807,1936,2,5.5,25.0,125.0,10.0,20.0,5.931
5808,1936,3,5.5,25.0,125.0,10.0,20.0,6.158
5809,1937,1,5.5,25.0,125.0,10.0,30.0,6.918
5810,1937,2,5.5,25.0,125.0,10.0,30.0,6.792
5811,1937,3,5.5,25.0,125.0,10.0,30.0,7.605
5812,1938,1,5.5,25.0,125.0,10.0,40.0,7.731
5813,1938,2,5.5,25.0,125.0,10.0,40.0,7.76
5814,1938,3,5.5,25.0,125.0,10.0,40.0,7.847
5815,1939,1,5.5,25.0,125.0,10.0,50.0,7.991
5816,1939,2,5.5,25.0,125.0,10.0,50.0,7.659
5817,1939,3,5.5,25.0,125.0,10.0,50.0,7.851
5818,1940,1,5.5,25.0,125.0,10.0,60.0,7.525
5819,1940,2,5.5,25.0,125.0,10.0,60.0,7.723
5820,1940,3,5.5,25.0,125.0,10.0,60.0,7.696
5821,1941,1,5.5,25.0,125.0,12.5,20.0,6.193
5822,1941,2,5.5,25.0,125.0,12.5,20.0,5.928
5823,1941,3,5.5,25.0,125.0,12.5,20.0,6.341
5824,1942,1,5.5,25.0,125.0,12.5,30.0,7.118
5825,1942,2,5.5,25.0,125.0,12.5,30.0,6.646
5826,1942,3,5.5,25.0,125.0,12.5,30.0,7.317
5827,1943,1,5.5,25.0,125.0,12.5,40.0,7.97
5828,1943,2,5.5,25.0,125.0,12.5,40.0,8.408
5829,1943,3,5.5,25.0,125.0,12.5,40.0,7.59
5830,1944,1,5.5,25.0,125.0,12.5,50.0,7.724
5831,1944,2,5.5,25.0,125.0,12.5,50.0,7.564
5832,1944,3,5.5,25.0,125.0,12.5,50.0,7.933
5833,1945,1,5.5,25.0,125.0,12.5,60.0,7.757
5834,1945,2,5.5,25.0,125.0,12.5,60.0,7.473
5835,1945,3,5.5,25.0,125.0,12.5,60.0,7.651
5836,1946,1,5.5,25.0,125.0,15.0,20.0,5.546
5837,1946,2,5.5,25.0,125.0,15.0,20.0,6.359
5838,1946,3,5.5,25.0,125.0,15.0,20.0,5.884
5839,1947,1,5.5,25.0,125.0,15.0,30.0,6.965
5840,1947,2,5.5,25.0,125.0,15.0,30.0,6.576
5841,1947,3,5.5,25.0,125.0,15.0,30.0,6.812
5842,1948,1,5.5,25.0,125.0,15.0,40.0,7.422
5843,1948,2,5.5,25.0,125.0,15.0,40.0,7.497
5844,1948,3,5.5,25.0,125.0,15.0,40.0,7.634
5845,1949,1,5.5,25.0,125.0,15.0,50.0,8.078
5846,1949,2,5.5,25.0,125.0,15.0,50.0,7.88
5847,1949,3,5.5,25.0,125.0,15.0,50.0,7.944
5848,1950,1,5.5,25.0,125.0,15.0,60.0,7.905
5849,1950,2,5.5,25.0,125.0,15.0,60.0,7.66
5850,1950,3,5.5,25.0,125.0,15.0,60.0,7.49
5851,1951,1,5.5,25.0,162.5,5.0,20.0,4.958
5852,1951,2,5.5,25.0,162.5,5.0,20.0,4.975
5853,1951,3,5.5,25.0,162.5,5.0,20.0,4.857
5854,1952,1,5.5,25.0,162.5,5.0,30.0,5.218
5855,1952,2,5.5,25.0,162.5,5.0,30.0,5.389
5856,1952,3,5.5,25.0,162.5,5.0,30.0,5.548
5857,1953,1,5.5,25.0,162.5,5.0,40.0,6.443
5858,1953,2,5.5,25.0,162.5,5.0,40.0,6.219
5859,1953,3,5.5,25.0,162.5,5.0,40.0,6.543
5860,1954,1,5.5,25.0,162.5,5.0,50.0,6.843
5861,1954,2,5.5,25.0,162.5,5.0,50.0,6.811
5862,1954,3,5.5,25.0,162.5,5.0,50.0,6.813
5863,1955,1,5.5,25.0,162.5,5.0,60.0,6.085
5864,1955,2,5.5,25.0,162.5,5.0,60.0,6.51
5865,1955,3,5.5,25.0,162.5,5.0,60.0,6.205
5866,1956,1,5.5,25.0,162.5,7.5,20.0,4.913
5867,1956,2,5.5,25.0,162.5,7.5,20.0,5.295
5868,1956,3,5.5,25.0,162.5,7.5,20.0,5.746
5869,1957,1,5.5,25.0,162.5,7.5,30.0,6.454
5870,1957,2,5.5,25.0,162.5,7.5,30.0,6.89
5871,1957,3,5.5,25.0,162.5,7.5,30.0,6.375
5872,1958,1,5.5,25.0,162.5,7.5,40.0,7.61
5873,1958,2,5.5,25.0,162.5,7.5,40.0,6.975
5874,1958,3,5.5,25.0,162.5,7.5,40.0,6.931
5875,1959,1,5.5,25.0,162.5,7.5,50.0,6.817
5876,1959,2,5.5,25.0,162.5,7.5,50.0,7.486
5877,1959,3,5.5,25.0,162.5,7.5,50.0,7.034
5878,1960,1,5.5,25.0,162.5,7.5,60.0,6.894
5879,1960,2,5.5,25.0,162.5,7.5,60.0,7.434
5880,1960,3,5.5,25.0,162.5,7.5,60.0,7.399
5881,1961,1,5.5,25.0,162.5,10.0,20.0,6.092
5882,1961,2,5.5,25.0,162.5,10.0,20.0,5.674
5883,1961,3,5.5,25.0,162.5,10.0,20.0,5.761
5884,1962,1,5.5,25.0,162.5,10.0,30.0,6.708
5885,1962,2,5.5,25.0,162.5,10.0,30.0,6.944
5886,1962,3,5.5,25.0,162.5,10.0,30.0,7.16
5887,1963,1,5.5,25.0,162.5,10.0,40.0,7.428
5888,1963,2,5.5,25.0,162.5,10.0,40.0,7.878
5889,1963,3,5.5,25.0,162.5,10.0,40.0,7.576
5890,1964,1,5.5,25.0,162.5,10.0,50.0,7.509
5891,1964,2,5.5,25.0,162.5,10.0,50.0,7.807
5892,1964,3,5.5,25.0,162.5,10.0,50.0,8.053
5893,1965,1,5.5,25.0,162.5,10.0,60.0,8.035
5894,1965,2,5.5,25.0,162.5,10.0,60.0,7.807
5895,1965,3,5.5,25.0,162.5,10.0,60.0,7.482
5896,1966,1,5.5,25.0,162.5,12.5,20.0,5.814
5897,1966,2,5.5,25.0,162.5,12.5,20.0,6.036
5898,1966,3,5.5,25.0,162.5,12.5,20.0,6.344
5899,1967,1,5.5,25.0,162.5,12.5,30.0,6.946
5900,1967,2,5.5,25.0,162.5,12.5,30.0,6.952
5901,1967,3,5.5,25.0,162.5,12.5,30.0,6.839
5902,1968,1,5.5,25.0,162.5,12.5,40.0,7.333
5903,1968,2,5.5,25.0,162.5,12.5,40.0,7.38
5904,1968,3,5.5,25.0,162.5,12.5,40.0,7.463
5905,1969,1,5.5,25.0,162.5,12.5,50.0,8.156
5906,1969,2,5.5,25.0,162.5,12.5,50.0,7.608
5907,1969,3,5.5,25.0,162.5,12.5,50.0,7.69
5908,1970,1,5.5,25.0,162.5,12.5,60.0,7.333
5909,1970,2,5.5,25.0,162.5,12.5,60.0,7.776
5910,1970,3,5.5,25.0,162.5,12.5,60.0,7.958
5911,1971,1,5.5,25.0,162.5,15.0,20.0,6.13
5912,1971,2,5.5,25.0,162.5,15.0,20.0,5.732
5913,1971,3,5.5,25.0,162.5,15.0,20.0,5.836
5914,1972,1,5.5,25.0,162.5,15.0,30.0,6.582
5915,1972,2,5.5,25.0,162.5,15.0,30.0,6.773
5916,1972,3,5.5,25.0,162.5,15.0,30.0,6.713
5917,1973,1,5.5,25.0,162.5,15.0,40.0,7.241
5918,1973,2,5.5,25.0,162.5,15.0,40.0,7.264
5919,1973,3,5.5,25.0,162.5,15.0,40.0,7.352
5920,1974,1,5.5,25.0,162.5,15.0,50.0,7.393
5921,1974,2,5.5,25.0,162.5,15.0,50.0,7.407
5922,1974,3,5.5,25.0,162.5,15.0,50.0,7.953
5923,1975,1,5.5,25.0,162.5,15.0,60.0,8.134
5924,1975,2,5.5,25.0,162.5,15.0,60.0,7.038
5925,1975,3,5.5,25.0,162.5,15.0,60.0,7.022
5926,1976,1,5.5,25.0,200.0,5.0,20.0,3.732
5927,1976,2,5.5,25.0,200.0,5.0,20.0,3.971
5928,1976,3,5.5,25.0,200.0,5.0,20.0,4.251
5929,1977,1,5.5,25.0,200.0,5.0,30.0,5.191
5930,1977,2,5.5,25.0,200.0,5.0,30.0,5.073
5931,1977,3,5.5,25.0,200.0,5.0,30.0,5.173
5932,1978,1,5.5,25.0,200.0,5.0,40.0,5.506
5933,1978,2,5.5,25.0,200.0,5.0,40.0,5.632
5934,1978,3,5.5,25.0,200.0,5.0,40.0,5.694
5935,1979,1,5.5,25.0,200.0,5.0,50.0,5.581
5936,1979,2,5.5,25.0,200.0,5.0,50.0,5.7
5937,1979,3,5.5,25.0,200.0,5.0,50.0,5.711
5938,1980,1,5.5,25.0,200.0,5.0,60.0,6.214
5939,1980,2,5.5,25.0,200.0,5.0,60.0,6.069
5940,1980,3,5.5,25.0,200.0,5.0,60.0,6.171
5941,1981,1,5.5,25.0,200.0,7.5,20.0,4.185
5942,1981,2,5.5,25.0,200.0,7.5,20.0,4.285
5943,1981,3,5.5,25.0,200.0,7.5,20.0,4.886
5944,1982,1,5.5,25.0,200.0,7.5,30.0,4.947
5945,1982,2,5.5,25.0,200.0,7.5,30.0,6.068
5946,1982,3,5.5,25.0,200.0,7.5,30.0,5.214
5947,1983,1,5.5,25.0,200.0,7.5,40.0,6.636
5948,1983,2,5.5,25.0,200.0,7.5,40.0,6.151
5949,1983,3,5.5,25.0,200.0,7.5,40.0,6.694
5950,1984,1,5.5,25.0,200.0,7.5,50.0,7.623
5951,1984,2,5.5,25.0,200.0,7.5,50.0,6.089
5952,1984,3,5.5,25.0,200.0,7.5,50.0,6.92
5953,1985,1,5.5,25.0,200.0,7.5,60.0,6.194
5954,1985,2,5.5,25.0,200.0,7.5,60.0,6.819
5955,1985,3,5.5,25.0,200.0,7.5,60.0,6.642
5956,1986,1,5.5,25.0,200.0,10.0,20.0,5.136
5957,1986,2,5.5,25.0,200.0,10.0,20.0,4.845
5958,1986,3,5.5,25.0,200.0,10.0,20.0,5.319
5959,1987,1,5.5,25.0,200.0,10.0,30.0,5.719
5960,1987,2,5.5,25.0,200.0,10.0,30.0,6.473
5961,1987,3,5.5,25.0,200.0,10.0,30.0,6.01
5962,1988,1,5.5,25.0,200.0,10.0,40.0,6.407
5963,1988,2,5.5,25.0,200.0,10.0,40.0,7.247
5964,1988,3,5.5,25.0,200.0,10.0,40.0,6.781
5965,1989,1,5.5,25.0,200.0,10.0,50.0,7.659
5966,1989,2,5.5,25.0,200.0,10.0,50.0,7.467
5967,1989,3,5.5,25.0,200.0,10.0,50.0,6.902
5968,1990,1,5.5,25.0,200.0,10.0,60.0,7.076
5969,1990,2,5.5,25.0,200.0,10.0,60.0,7.134
5970,1990,3,5.5,25.0,200.0,10.0,60.0,7.527
5971,1991,1,5.5,25.0,200.0,12.5,20.0,5.323
5972,1991,2,5.5,25.0,200.0,12.5,20.0,5.249
5973,1991,3,5.5,25.0,200.0,12.5,20.0,5.144
5974,1992,1,5.5,25.0,200.0,12.5,30.0,6.211
5975,1992,2,5.5,25.0,200.0,12.5,30.0,6.59
5976,1992,3,5.5,25.0,200.0,12.5,30.0,6.226
5977,1993,1,5.5,25.0,200.0,12.5,40.0,6.789
5978,1993,2,5.5,25.0,200.0,12.5,40.0,6.742
5979,1993,3,5.5,25.0,200.0,12.5,40.0,6.745
5980,1994,1,5.5,25.0,200.0,12.5,50.0,6.832
5981,1994,2,5.5,25.0,200.0,12.5,50.0,7.015
5982,1994,3,5.5,25.0,200.0,12.5,50.0,7.645
5983,1995,1,5.5,25.0,200.0,12.5,60.0,7.142
5984,1995,2,5.5,25.0,200.0,12.5,60.0,7.397
5985,1995,3,5.5,25.0,200.0,12.5,60.0,6.506
5986,1996,1,5.5,25.0,200.0,15.0,20.0,5.159
5987,1996,2,5.5,25.0,200.0,15.0,20.0,4.955
5988,1996,3,5.5,25.0,200.0,15.0,20.0,4.865
5989,1997,1,5.5,25.0,200.0,15.0,30.0,6.076
5990,1997,2,5.5,25.0,200.0,15.0,30.0,5.886
5991,1997,3,5.5,25.0,200.0,15.0,30.0,5.43
5992,1998,1,5.5,25.0,200.0,15.0,40.0,6.958
5993,1998,2,5.5,25.0,200.0,15.0,40.0,6.768
5994,1998,3,5.5,25.0,200.0,15.0,40.0,6.612
5995,1999,1,5.5,25.0,200.0,15.0,50.0,6.754
5996,1999,2,5.5,25.0,200.0,15.0,50.0,6.613
5997,1999,3,5.5,25.0,200.0,15.0,50.0,7.088
5998,2000,1,5.5,25.0,200.0,15.0,60.0,7.452
5999,2000,2,5.5,25.0,200.0,15.0,60.0,7.057
6000,2000,3,5.5,25.0,200.0,15.0,60.0,6.613
6001,2001,1,5.5,27.5,50.0,5.0,20.0,5.451
6002,2001,2,5.5,27.5,50.0,5.0,20.0,5.373
6003,2001,3,5.5,27.5,50.0,5.0,20.0,5.629
6004,2002,1,5.5,27.5,50.0,5.0,30.0,6.282
6005,2002,2,5.5,27.5,50.0,5.0,30.0,5.276
6006,2002,3,5.5,27.5,50.0,5.0,30.0,6.265
6007,2003,1,5.5,27.5,50.0,5.0,40.0,6.207
6008,2003,2,5.5,27.5,50.0,5.0,40.0,6.089
6009,2003,3,5.5,27.5,50.0,5.0,40.0,6.435
6010,2004,1,5.5,27.5,50.0,5.0,50.0,6.628
6011,2004,2,5.5,27.5,50.0,5.0,50.0,6.053
6012,2004,3,5.5,27.5,50.0,5.0,50.0,6.71
6013,2005,1,5.5,27.5,50.0,5.0,60.0,6.401
6014,2005,2,5.5,27.5,50.0,5.0,60.0,6.201
6015,2005,3,5.5,27.5,50.0,5.0,60.0,5.945
6016,2006,1,5.5,27.5,50.0,7.5,20.0,5.813
6017,2006,2,5.5,27.5,50.0,7.5,20.0,6.375
6018,2006,3,5.5,27.5,50.0,7.5,20.0,5.664
6019,2007,1,5.5,27.5,50.0,7.5,30.0,7.111
6020,2007,2,5.5,27.5,50.0,7.5,30.0,6.766
6021,2007,3,5.5,27.5,50.0,7.5,30.0,6.786
6022,2008,1,5.5,27.5,50.0,7.5,40.0,6.709
6023,2008,2,5.5,27.5,50.0,7.5,40.0,7.146
6024,2008,3,5.5,27.5,50.0,7.5,40.0,7.359
6025,2009,1,5.5,27.5,50.0,7.5,50.0,6.838
6026,2009,2,5.5,27.5,50.0,7.5,50.0,7.352
6027,2009,3,5.5,27.5,50.0,7.5,50.0,7.237
6028,2010,1,5.5,27.5,50.0,7.5,60.0,6.707
6029,2010,2,5.5,27.5,50.0,7.5,60.0,7.127
6030,2010,3,5.5,27.5,50.0,7.5,60.0,6.271
6031,2011,1,5.5,27.5,50.0,10.0,20.0,6.585
6032,2011,2,5.5,27.5,50.0,10.0,20.0,6.941
6033,2011,3,5.5,27.5,50.0,10.0,20.0,6.891
6034,2012,1,5.5,27.5,50.0,10.0,30.0,7.322
6035,2012,2,5.5,27.5,50.0,10.0,30.0,7.128
6036,2012,3,5.5,27.5,50.0,10.0,30.0,7.034
6037,2013,1,5.5,27.5,50.0,10.0,40.0,7.503
6038,2013,2,5.5,27.5,50.0,10.0,40.0,7.74
6039,2013,3,5.5,27.5,50.0,10.0,40.0,7.361
6040,2014,1,5.5,27.5,50.0,10.0,50.0,7.825
6041,2014,2,5.5,27.5,50.0,10.0,50.0,8.21
6042,2014,3,5.5,27.5,50.0,10.0,50.0,7.595
6043,2015,1,5.5,27.5,50.0,10.0,60.0,6.911
6044,2015,2,5.5,27.5,50.0,10.0,60.0,6.911
6045,2015,3,5.5,27.5,50.0,10.0,60.0,7.505
6046,2016,1,5.5,27.5,50.0,12.5,20.0,6.571
6047,2016,2,5.5,27.5,50.0,12.5,20.0,6.833
6048,2016,3,5.5,27.5,50.0,12.5,20.0,6.438
6049,2017,1,5.5,27.5,50.0,12.5,30.0,7.545
6050,2017,2,5.5,27.5,50.0,12.5,30.0,7.268
6051,2017,3,5.5,27.5,50.0,12.5,30.0,7.107
6052,2018,1,5.5,27.5,50.0,12.5,40.0,7.575
6053,2018,2,5.5,27.5,50.0,12.5,40.0,7.352
6054,2018,3,5.5,27.5,50.0,12.5,40.0,8.245
6055,2019,1,5.5,27.5,50.0,12.5,50.0,7.686
6056,2019,2,5.5,27.5,50.0,12.5,50.0,7.893
6057,2019,3,5.5,27.5,50.0,12.5,50.0,7.562
6058,2020,1,5.5,27.5,50.0,12.5,60.0,7.093
6059,2020,2,5.5,27.5,50.0,12.5,60.0,7.322
6060,2020,3,5.5,27.5,50.0,12.5,60.0,7.696
6061,2021,1,5.5,27.5,50.0,15.0,20.0,6.242
6062,2021,2,5.5,27.5,50.0,15.0,20.0,6.144
6063,2021,3,5.5,27.5,50.0,15.0,20.0,6.431
6064,2022,1,5.5,27.5,50.0,15.0,30.0,7.252
6065,2022,2,5.5,27.5,50.0,15.0,30.0,7.572
6066,2022,3,5.5,27.5,50.0,15.0,30.0,7.212
6067,2023,1,5.5,27.5,50.0,15.0,40.0,7.668
6068,2023,2,5.5,27.5,50.0,15.0,40.0,7.689
6069,2023,3,5.5,27.5,50.0,15.0,40.0,7.165
6070,2024,1,5.5,27.5,50.0,15.0,50.0,7.243
6071,2024,2,5.5,27.5,50.0,15.0,50.0,7.209
6072,2024,3,5.5,27.5,50.0,15.0,50.0,7.139
6073,2025,1,5.5,27.5,50.0,15.0,60.0,7.41
6074,2025,2,5.5,27.5,50.0,15.0,60.0,7.269
6075,2025,3,5.5,27.5,50.0,15.0,60.0,7.21
6076,2026,1,5.5,27.5,87.5,5.0,20.0,4.737
6077,2026,2,5.5,27.5,87.5,5.0,20.0,6.038
6078,2026,3,5.5,27.5,87.5,5.0,20.0,5.212
6079,2027,1,5.5,27.5,87.5,5.0,30.0,6.837
6080,2027,2,5.5,27.5,87.5,5.0,30.0,5.857
6081,2027,3,5.5,27.5,87.5,5.0,30.0,6.035
6082,2028,1,5.5,27.5,87.5,5.0,40.0,6.096
6083,2028,2,5.5,27.5,87.5,5.0,40.0,6.814
6084,2028,3,5.5,27.5,87.5,5.0,40.0,6.404
6085,2029,1,5.5,27.5,87.5,5.0,50.0,6.512
6086,2029,2,5.5,27.5,87.5,5.0,50.0,6.428
6087,2029,3,5.5,27.5,87.5,5.0,50.0,7.03
6088,2030,1,5.5,27.5,87.5,5.0,60.0,6.762
6089,2030,2,5.5,27.5,87.5,5.0,60.0,7.07
6090,2030,3,5.5,27.5,87.5,5.0,60.0,6.371
6091,2031,1,5.5,27.5,87.5,7.5,20.0,6.224
6092,2031,2,5.5,27.5,87.5,7.5,20.0,5.801
6093,2031,3,5.5,27.5,87.5,7.5,20.0,6.069
6094,2032,1,5.5,27.5,87.5,7.5,30.0,6.817
6095,2032,2,5.5,27.5,87.5,7.5,30.0,7.093
6096,2032,3,5.5,27.5,87.5,7.5,30.0,7.247
6097,2033,1,5.5,27.5,87.5,7.5,40.0,7.69
6098,2033,2,5.5,27.5,87.5,7.5,40.0,7.177
6099,2033,3,5.5,27.5,87.5,7.5,40.0,7.692
6100,2034,1,5.5,27.5,87.5,7.5,50.0,7.5
6101,2034,2,5.5,27.5,87.5,7.5,50.0,7.422
6102,2034,3,5.5,27.5,87.5,7.5,50.0,7.314
6103,2035,1,5.5,27.5,87.5,7.5,60.0,7.106
6104,2035,2,5.5,27.5,87.5,7.5,60.0,7.75
6105,2035,3,5.5,27.5,87.5,7.5,60.0,7.349
6106,2036,1,5.5,27.5,87.5,10.0,20.0,6.611
6107,2036,2,5.5,27.5,87.5,10.0,20.0,6.489
6108,2036,3,5.5,27.5,87.5,10.0,20.0,7.247
6109,2037,1,5.5,27.5,87.5,10.0,30.0,7.728
6110,2037,2,5.5,27.5,87.5,10.0,30.0,7.161
6111,2037,3,5.5,27.5,87.5,10.0,30.0,7.286
6112,2038,1,5.5,27.5,87.5,10.0,40.0,7.753
6113,2038,2,5.5,27.5,87.5,10.0,40.0,7.853
6114,2038,3,5.5,27.5,87.5,10.0,40.0,7.616
6115,2039,1,5.5,27.5,87.5,10.0,50.0,8.035
6116,2039,2,5.5,27.5,87.5,10.0,50.0,8.319
6117,2039,3,5.5,27.5,87.5,10.0,50.0,7.545
6118,2040,1,5.5,27.5,87.5,10.0,60.0,7.347
6119,2040,2,5.5,27.5,87.5,10.0,60.0,7.527
6120,2040,3,5.5,27.5,87.5,10.0,60.0,7.54
6121,2041,1,5.5,27.5,87.5,12.5,20.0,7.222
6122,2041,2,5.5,27.5,87.5,12.5,20.0,6.943
6123,2041,3,5.5,27.5,87.5,12.5,20.0,6.927
6124,2042,1,5.5,27.5,87.5,12.5,30.0,7.388
6125,2042,2,5.5,27.5,87.5,12.5,30.0,7.382
6126,2042,3,5.5,27.5,87.5,12.5,30.0,7.056
6127,2043,1,5.5,27.5,87.5,12.5,40.0,8.131
6128,2043,2,5.5,27.5,87.5,12.5,40.0,8.05
6129,2043,3,5.5,27.5,87.5,12.5,40.0,8.273
6130,2044,1,5.5,27.5,87.5,12.5,50.0,7.953
6131,2044,2,5.5,27.5,87.5,12.5,50.0,7.973
6132,2044,3,5.5,27.5,87.5,12.5,50.0,8.06
6133,2045,1,5.5,27.5,87.5,12.5,60.0,8.012
6134,2045,2,5.5,27.5,87.5,12.5,60.0,7.351
6135,2045,3,5.5,27.5,87.5,12.5,60.0,7.969
6136,2046,1,5.5,27.5,87.5,15.0,20.0,6.457
6137,2046,2,5.5,27.5,87.5,15.0,20.0,6.166
6138,2046,3,5.5,27.5,87.5,15.0,20.0,5.879
6139,2047,1,5.5,27.5,87.5,15.0,30.0,7.224
6140,2047,2,5.5,27.5,87.5,15.0,30.0,7.668
6141,2047,3,5.5,27.5,87.5,15.0,30.0,7.731
6142,2048,1,5.5,27.5,87.5,15.0,40.0,7.812
6143,2048,2,5.5,27.5,87.5,15.0,40.0,8.262
6144,2048,3,5.5,27.5,87.5,15.0,40.0,7.7
6145,2049,1,5.5,27.5,87.5,15.0,50.0,8.079
6146,2049,2,5.5,27.5,87.5,15.0,50.0,7.686
6147,2049,3,5.5,27.5,87.5,15.0,50.0,7.668
6148,2050,1,5.5,27.5,87.5,15.0,60.0,7.373
6149,2050,2,5.5,27.5,87.5,15.0,60.0,6.986
6150,2050,3,5.5,27.5,87.5,15.0,60.0,7.923
6151,2051,1,5.5,27.5,125.0,5.0,20.0,5.108
6152,2051,2,5.5,27.5,125.0,5.0,20.0,5.063
6153,2051,3,5.5,27.5,125.0,5.0,20.0,4.957
6154,2052,1,5.5,27.5,125.0,5.0,30.0,6.105
6155,2052,2,5.5,27.5,125.0,5.0,30.0,6.656
6156,2052,3,5.5,27.5,125.0,5.0,30.0,6.749
6157,2053,1,5.5,27.5,125.0,5.0,40.0,6.222
6158,2053,2,5.5,27.5,125.0,5.0,40.0,6.588
6159,2053,3,5.5,27.5,125.0,5.0,40.0,6.398
6160,2054,1,5.5,27.5,125.0,5.0,50.0,7.139
6161,2054,2,5.5,27.5,125.0,5.0,50.0,6.943
6162,2054,3,5.5,27.5,125.0,5.0,50.0,6.684
6163,2055,1,5.5,27.5,125.0,5.0,60.0,6.708
6164,2055,2,5.5,27.5,125.0,5.0,60.0,6.554
6165,2055,3,5.5,27.5,125.0,5.0,60.0,7.139
6166,2056,1,5.5,27.5,125.0,7.5,20.0,6.141
6167,2056,2,5.5,27.5,125.0,7.5,20.0,6.175
6168,2056,3,5.5,27.5,125.0,7.5,20.0,5.241
6169,2057,1,5.5,27.5,125.0,7.5,30.0,6.844
6170,2057,2,5.5,27.5,125.0,7.5,30.0,7.446
6171,2057,3,5.5,27.5,125.0,7.5,30.0,7.234
6172,2058,1,5.5,27.5,125.0,7.5,40.0,6.87
6173,2058,2,5.5,27.5,125.0,7.5,40.0,7.3
6174,2058,3,5.5,27.5,125.0,7.5,40.0,7.051
6175,2059,1,5.5,27.5,125.0,7.5,50.0,8.042
6176,2059,2,5.5,27.5,125.0,7.5,50.0,7.631
6177,2059,3,5.5,27.5,125.0,7.5,50.0,7.348
6178,2060,1,5.5,27.5,125.0,7.5,60.0,7.397
6179,2060,2,5.5,27.5,125.0,7.5,60.0,6.657
6180,2060,3,5.5,27.5,125.0,7.5,60.0,7.084
6181,2061,1,5.5,27.5,125.0,10.0,20.0,6.398
6182,2061,2,5.5,27.5,125.0,10.0,20.0,6.624
6183,2061,3,5.5,27.5,125.0,10.0,20.0,5.844
6184,2062,1,5.5,27.5,125.0,10.0,30.0,7.156
6185,2062,2,5.5,27.5,125.0,10.0,30.0,7.545
6186,2062,3,5.5,27.5,125.0,10.0,30.0,6.856
6187,2063,1,5.5,27.5,125.0,10.0,40.0,7.852
6188,2063,2,5.5,27.5,125.0,10.0,40.0,7.806
6189,2063,3,5.5,27.5,125.0,10.0,40.0,8.268
6190,2064,1,5.5,27.5,125.0,10.0,50.0,7.898
6191,2064,2,5.5,27.5,125.0,10.0,50.0,7.914
6192,2064,3,5.5,27.5,125.0,10.0,50.0,8.202
6193,2065,1,5.5,27.5,125.0,10.0,60.0,7.416
6194,2065,2,5.5,27.5,125.0,10.0,60.0,7.726
6195,2065,3,5.5,27.5,125.0,10.0,60.0,7.66
6196,2066,1,5.5,27.5,125.0,12.5,20.0,6.449
6197,2066,2,5.5,27.5,125.0,12.5,20.0,6.725
6198,2066,3,5.5,27.5,125.0,12.5,20.0,6.643
6199,2067,1,5.5,27.5,125.0,12.5,30.0,7.153
6200,2067,2,5.5,27.5,125.0,12.5,30.0,7.401
6201,2067,3,5.5,27.5,125.0,12.5,30.0,7.78
6202,2068,1,5.5,27.5,125.0,12.5,40.0,7.655
6203,2068,2,5.5,27.5,125.0,12.5,40.0,7.928
6204,2068,3,5.5,27.5,125.0,12.5,40.0,7.833
6205,2069,1,5.5,27.5,125.0,12.5,50.0,8.045
6206,2069,2,5.5,27.5,125.0,12.5,50.0,7.606
6207,2069,3,5.5,27.5,125.0,12.5,50.0,8.458
6208,2070,1,5.5,27.5,125.0,12.5,60.0,7.671
6209,2070,2,5.5,27.5,125.0,12.5,60.0,8.175
6210,2070,3,5.5,27.5,125.0,12.5,60.0,7.714
6211,2071,1,5.5,27.5,125.0,15.0,20.0,6.112
6212,2071,2,5.5,27.5,125.0,15.0,20.0,6.627
6213,2071,3,5.5,27.5,125.0,15.0,20.0,6.566
6214,2072,1,5.5,27.5,125.0,15.0,30.0,7.221
6215,2072,2,5.5,27.5,125.0,15.0,30.0,7.376
6216,2072,3,5.5,27.5,125.0,15.0,30.0,7.082
6217,2073,1,5.5,27.5,125.0,15.0,40.0,7.685
6218,2073,2,5.5,27.5,125.0,15.0,40.0,7.502
6219,2073,3,5.5,27.5,125.0,15.0,40.0,7.941
6220,2074,1,5.5,27.5,125.0,15.0,50.0,7.668
6221,2074,2,5.5,27.5,125.0,15.0,50.0,8.278
6222,2074,3,5.5,27.5,125.0,15.0,50.0,7.774
6223,2075,1,5.5,27.5,125.0,15.0,60.0,7.693
6224,2075,2,5.5,27.5,125.0,15.0,60.0,7.9
6225,2075,3,5.5,27.5,125.0,15.0,60.0,7.694
6226,2076,1,5.5,27.5,162.5,5.0,20.0,4.779
6227,2076,2,5.5,27.5,162.5,5.0,20.0,4.854
6228,2076,3,5.5,27.5,162.5,5.0,20.0,5.113
6229,2077,1,5.5,27.5,162.5,5.0,30.0,5.627
6230,2077,2,5.5,27.5,162.5,5.0,30.0,5.777
6231,2077,3,5.5,27.5,162.5,5.0,30.0,5.815
6232,2078,1,5.5,27.5,162.5,5.0,40.0,6.655
6233,2078,2,5.5,27.5,162.5,5.0,40.0,6.385
6234,2078,3,5.5,27.5,162.5,5.0,40.0,6.919
6235,2079,1,5.5,27.5,162.5,5.0,50.0,6.619
6236,2079,2,5.5,27.5,162.5,5.0,50.0,6.596
6237,2079,3,5.5,27.5,162.5,5.0,50.0,6.615
6238,2080,1,5.5,27.5,162.5,5.0,60.0,6.194
6239,2080,2,5.5,27.5,162.5,5.0,60.0,6.272
6240,2080,3,5.5,27.5,162.5,5.0,60.0,6.414
6241,2081,1,5.5,27.5,162.5,7.5,20.0,5.881
6242,2081,2,5.5,27.5,162.5,7.5,20.0,5.553
6243,2081,3,5.5,27.5,162.5,7.5,20.0,5.427
6244,2082,1,5.5,27.5,162.5,7.5,30.0,6.856
6245,2082,2,5.5,27.5,162.5,7.5,30.0,6.947
6246,2082,3,5.5,27.5,162.5,7.5,30.0,6.864
6247,2083,1,5.5,27.5,162.5,7.5,40.0,6.874
6248,2083,2,5.5,27.5,162.5,7.5,40.0,6.974
6249,2083,3,5.5,27.5,162.5,7.5,40.0,7.62
6250,2084,1,5.5,27.5,162.5,7.5,50.0,7.43
6251,2084,2,5.5,27.5,162.5,7.5,50.0,7.288
6252,2084,3,5.5,27.5,162.5,7.5,50.0,7.564
6253,2085,1,5.5,27.5,162.5,7.5,60.0,7.545
6254,2085,2,5.5,27.5,162.5,7.5,60.0,7.102
6255,2085,3,5.5,27.5,162.5,7.5,60.0,7.324
6256,2086,1,5.5,27.5,162.5,10.0,20.0,6.222
6257,2086,2,5.5,27.5,162.5,10.0,20.0,5.638
6258,2086,3,5.5,27.5,162.5,10.0,20.0,5.966
6259,2087,1,5.5,27.5,162.5,10.0,30.0,6.6
6260,2087,2,5.5,27.5,162.5,10.0,30.0,6.637
6261,2087,3,5.5,27.5,162.5,10.0,30.0,6.755
6262,2088,1,5.5,27.5,162.5,10.0,40.0,7.646
6263,2088,2,5.5,27.5,162.5,10.0,40.0,7.422
6264,2088,3,5.5,27.5,162.5,10.0,40.0,7.331
6265,2089,1,5.5,27.5,162.5,10.0,50.0,7.777
6266,2089,2,5.5,27.5,162.5,10.0,50.0,7.441
6267,2089,3,5.5,27.5,162.5,10.0,50.0,7.883
6268,2090,1,5.5,27.5,162.5,10.0,60.0,7.979
6269,2090,2,5.5,27.5,162.5,10.0,60.0,7.64
6270,2090,3,5.5,27.5,162.5,10.0,60.0,7.606
6271,2091,1,5.5,27.5,162.5,12.5,20.0,6.167
6272,2091,2,5.5,27.5,162.5,12.5,20.0,5.495
6273,2091,3,5.5,27.5,162.5,12.5,20.0,6.213
6274,2092,1,5.5,27.5,162.5,12.5,30.0,7.881
6275,2092,2,5.5,27.5,162.5,12.5,30.0,6.978
6276,2092,3,5.5,27.5,162.5,12.5,30.0,6.979
6277,2093,1,5.5,27.5,162.5,12.5,40.0,7.821
6278,2093,2,5.5,27.5,162.5,12.5,40.0,8.073
6279,2093,3,5.5,27.5,162.5,12.5,40.0,7.885
6280,2094,1,5.5,27.5,162.5,12.5,50.0,7.259
6281,2094,2,5.5,27.5,162.5,12.5,50.0,8.02
6282,2094,3,5.5,27.5,162.5,12.5,50.0,8.583
6283,2095,1,5.5,27.5,162.5,12.5,60.0,7.937
6284,2095,2,5.5,27.5,162.5,12.5,60.0,7.439
6285,2095,3,5.5,27.5,162.5,12.5,60.0,7.841
6286,2096,1,5.5,27.5,162.5,15.0,20.0,5.504
6287,2096,2,5.5,27.5,162.5,15.0,20.0,6.208
6288,2096,3,5.5,27.5,162.5,15.0,20.0,5.595
6289,2097,1,5.5,27.5,162.5,15.0,30.0,6.833
6290,2097,2,5.5,27.5,162.5,15.0,30.0,6.572
6291,2097,3,5.5,27.5,162.5,15.0,30.0,6.659
6292,2098,1,5.5,27.5,162.5,15.0,40.0,7.829
6293,2098,2,5.5,27.5,162.5,15.0,40.0,7.441
6294,2098,3,5.5,27.5,162.5,15.0,40.0,7.256
6295,2099,1,5.5,27.5,162.5,15.0,50.0,7.342
6296,2099,2,5.5,27.5,162.5,15.0,50.0,7.138
6297,2099,3,5.5,27.5,162.5,15.0,50.0,7.312
6298,2100,1,5.5,27.5,162.5,15.0,60.0,7.594
6299,2100,2,5.5,27.5,162.5,15.0,60.0,7.837
6300,2100,3,5.5,27.5,162.5,15.0,60.0,7.406
6301,2101,1,5.5,27.5,200.0,5.0,20.0,4.627
6302,2101,2,5.5,27.5,200.0,5.0,20.0,3.987
6303,2101,3,5.5,27.5,200.0,5.0,20.0,4.121
6304,2102,1,5.5,27.5,200.0,5.0,30.0,4.91
6305,2102,2,5.5,27.5,200.0,5.0,30.0,5.49
6306,2102,3,5.5,27.5,200.0,5.0,30.0,5.8
6307,2103,1,5.5,27.5,200.0,5.0,40.0,5.394
6308,2103,2,5.5,27.5,200.0,5.0,40.0,5.791
6309,2103,3,5.5,27.5,200.0,5.0,40.0,6.242
6310,2104,1,5.5,27.5,200.0,5.0,50.0,5.807
6311,2104,2,5.5,27.5,200.0,5.0,50.0,6.371
6312,2104,3,5.5,27.5,200.0,5.0,50.0,6.555
6313,2105,1,5.5,27.5,200.0,5.0,60.0,6.209
6314,2105,2,5.5,27.5,200.0,5.0,60.0,6.342
6315,2105,3,5.5,27.5,200.0,5.0,60.0,6.681
6316,2106,1,5.5,27.5,200.0,7.5,20.0,5.433
6317,2106,2,5.5,27.5,200.0,7.5,20.0,4.87
6318,2106,3,5.5,27.5,200.0,7.5,20.0,4.738
6319,2107,1,5.5,27.5,200.0,7.5,30.0,5.655
6320,2107,2,5.5,27.5,200.0,7.5,30.0,6.186
6321,2107,3,5.5,27.5,200.0,7.5,30.0,5.528
6322,2108,1,5.5,27.5,200.0,7.5,40.0,6.517
6323,2108,2,5.5,27.5,200.0,7.5,40.0,6.616
6324,2108,3,5.5,27.5,200.0,7.5,40.0,6.447
6325,2109,1,5.5,27.5,200.0,7.5,50.0,6.991
6326,2109,2,5.5,27.5,200.0,7.5,50.0,7.631
6327,2109,3,5.5,27.5,200.0,7.5,50.0,6.878
6328,2110,1,5.5,27.5,200.0,7.5,60.0,6.766
6329,2110,2,5.5,27.5,200.0,7.5,60.0,7.172
6330,2110,3,5.5,27.5,200.0,7.5,60.0,6.955
6331,2111,1,5.5,27.5,200.0,10.0,20.0,5.691
6332,2111,2,5.5,27.5,200.0,10.0,20.0,5.334
6333,2111,3,5.5,27.5,200.0,10.0,20.0,5.218
6334,2112,1,5.5,27.5,200.0,10.0,30.0,5.813
6335,2112,2,5.5,27.5,200.0,10.0,30.0,5.859
6336,2112,3,5.5,27.5,200.0,10.0,30.0,5.799
6337,2113,1,5.5,27.5,200.0,10.0,40.0,7.094
6338,2113,2,5.5,27.5,200.0,10.0,40.0,6.606
6339,2113,3,5.5,27.5,200.0,10.0,40.0,7.339
6340,2114,1,5.5,27.5,200.0,10.0,50.0,7.321
6341,2114,2,5.5,27.5,200.0,10.0,50.0,7.244
6342,2114,3,5.5,27.5,200.0,10.0,50.0,7.076
6343,2115,1,5.5,27.5,200.0,10.0,60.0,7.462
6344,2115,2,5.5,27.5,200.0,10.0,60.0,7.062
6345,2115,3,5.5,27.5,200.0,10.0,60.0,7.012
6346,2116,1,5.5,27.5,200.0,12.5,20.0,5.72
6347,2116,2,5.5,27.5,200.0,12.5,20.0,5.487
6348,2116,3,5.5,27.5,200.0,12.5,20.0,5.322
6349,2117,1,5.5,27.5,200.0,12.5,30.0,6.592
6350,2117,2,5.5,27.5,200.0,12.5,30.0,6.415
6351,2117,3,5.5,27.5,200.0,12.5,30.0,6.52
6352,2118,1,5.5,27.5,200.0,12.5,40.0,6.859
6353,2118,2,5.5,27.5,200.0,12.5,40.0,7.667
6354,2118,3,5.5,27.5,200.0,12.5,40.0,6.925
6355,2119,1,5.5,27.5,200.0,12.5,50.0,7.848
6356,2119,2,5.5,27.5,200.0,12.5,50.0,7.36
6357,2119,3,5.5,27.5,200.0,12.5,50.0,7.638
6358,2120,1,5.5,27.5,200.0,12.5,60.0,7.593
6359,2120,2,5.5,27.5,200.0,12.5,60.0,7.709
6360,2120,3,5.5,27.5,200.0,12.5,60.0,7.152
6361,2121,1,5.5,27.5,200.0,15.0,20.0,5.489
6362,2121,2,5.5,27.5,200.0,15.0,20.0,5.705
6363,2121,3,5.5,27.5,200.0,15.0,20.0,5.115
6364,2122,1,5.5,27.5,200.0,15.0,30.0,6.222
6365,2122,2,5.5,27.5,200.0,15.0,30.0,6.066
6366,2122,3,5.5,27.5,200.0,15.0,30.0,6.115
6367,2123,1,5.5,27.5,200.0,15.0,40.0,7.367
6368,2123,2,5.5,27.5,200.0,15.0,40.0,6.606
6369,2123,3,5.5,27.5,200.0,15.0,40.0,6.624
6370,2124,1,5.5,27.5,200.0,15.0,50.0,7.664
6371,2124,2,5.5,27.5,200.0,15.0,50.0,7.387
6372,2124,3,5.5,27.5,200.0,15.0,50.0,7.806
6373,2125,1,5.5,27.5,200.0,15.0,60.0,7.061
6374,2125,2,5.5,27.5,200.0,15.0,60.0,7.223
6375,2125,3,5.5,27.5,200.0,15.0,60.0,7.003
6376,2126,1,5.5,30.0,50.0,5.0,20.0,5.215
6377,2126,2,5.5,30.0,50.0,5.0,20.0,4.678
6378,2126,3,5.5,30.0,50.0,5.0,20.0,5.367
6379,2127,1,5.5,30.0,50.0,5.0,30.0,5.991
6380,2127,2,5.5,30.0,50.0,5.0,30.0,5.884
6381,2127,3,5.5,30.0,50.0,5.0,30.0,5.791
6382,2128,1,5.5,30.0,50.0,5.0,40.0,6.024
6383,2128,2,5.5,30.0,50.0,5.0,40.0,6.479
6384,2128,3,5.5,30.0,50.0,5.0,40.0,5.947
6385,2129,1,5.5,30.0,50.0,5.0,50.0,6.443
6386,2129,2,5.5,30.0,50.0,5.0,50.0,6.881
6387,2129,3,5.5,30.0,50.0,5.0,50.0,6.716
6388,2130,1,5.5,30.0,50.0,5.0,60.0,5.554
6389,2130,2,5.5,30.0,50.0,5.0,60.0,5.825
6390,2130,3,5.5,30.0,50.0,5.0,60.0,6.093
6391,2131,1,5.5,30.0,50.0,7.5,20.0,5.855
6392,2131,2,5.5,30.0,50.0,7.5,20.0,5.483
6393,2131,3,5.5,30.0,50.0,7.5,20.0,5.983
6394,2132,1,5.5,30.0,50.0,7.5,30.0,6.597
6395,2132,2,5.5,30.0,50.0,7.5,30.0,7.136
6396,2132,3,5.5,30.0,50.0,7.5,30.0,6.529
6397,2133,1,5.5,30.0,50.0,7.5,40.0,7.302
6398,2133,2,5.5,30.0,50.0,7.5,40.0,6.62
6399,2133,3,5.5,30.0,50.0,7.5,40.0,6.687
6400,2134,1,5.5,30.0,50.0,7.5,50.0,7.202
6401,2134,2,5.5,30.0,50.0,7.5,50.0,7.303
6402,2134,3,5.5,30.0,50.0,7.5,50.0,6.732
6403,2135,1,5.5,30.0,50.0,7.5,60.0,6.682
6404,2135,2,5.5,30.0,50.0,7.5,60.0,6.288
6405,2135,3,5.5,30.0,50.0,7.5,60.0,6.624
6406,2136,1,5.5,30.0,50.0,10.0,20.0,6.509
6407,2136,2,5.5,30.0,50.0,10.0,20.0,6.153
6408,2136,3,5.5,30.0,50.0,10.0,20.0,6.205
6409,2137,1,5.5,30.0,50.0,10.0,30.0,6.684
6410,2137,2,5.5,30.0,50.0,10.0,30.0,6.818
6411,2137,3,5.5,30.0,50.0,10.0,30.0,7.492
6412,2138,1,5.5,30.0,50.0,10.0,40.0,7.395
6413,2138,2,5.5,30.0,50.0,10.0,40.0,7.094
6414,2138,3,5.5,30.0,50.0,10.0,40.0,7.287
6415,2139,1,5.5,30.0,50.0,10.0,50.0,6.953
6416,2139,2,5.5,30.0,50.0,10.0,50.0,7.116
6417,2139,3,5.5,30.0,50.0,10.0,50.0,7.781
6418,2140,1,5.5,30.0,50.0,10.0,60.0,7.035
6419,2140,2,5.5,30.0,50.0,10.0,60.0,7.604
6420,2140,3,5.5,30.0,50.0,10.0,60.0,7.048
6421,2141,1,5.5,30.0,50.0,12.5,20.0,6.365
6422,2141,2,5.5,30.0,50.0,12.5,20.0,6.554
6423,2141,3,5.5,30.0,50.0,12.5,20.0,5.627
6424,2142,1,5.5,30.0,50.0,12.5,30.0,7.157
6425,2142,2,5.5,30.0,50.0,12.5,30.0,7.086
6426,2142,3,5.5,30.0,50.0,12.5,30.0,7.516
6427,2143,1,5.5,30.0,50.0,12.5,40.0,7.745
6428,2143,2,5.5,30.0,50.0,12.5,40.0,7.158
6429,2143,3,5.5,30.0,50.0,12.5,40.0,7.823
6430,2144,1,5.5,30.0,50.0,12.5,50.0,7.427
6431,2144,2,5.5,30.0,50.0,12.5,50.0,7.247
6432,2144,3,5.5,30.0,50.0,12.5,50.0,7.555
6433,2145,1,5.5,30.0,50.0,12.5,60.0,7.118
6434,2145,2,5.5,30.0,50.0,12.5,60.0,7.606
6435,2145,3,5.5,30.0,50.0,12.5,60.0,7.27
6436,2146,1,5.5,30.0,50.0,15.0,20.0,6.233
6437,2146,2,5.5,30.0,50.0,15.0,20.0,6.427
6438,2146,3,5.5,30.0,50.0,15.0,20.0,6.481
6439,2147,1,5.5,30.0,50.0,15.0,30.0,7.119
6440,2147,2,5.5,30.0,50.0,15.0,30.0,7.297
6441,2147,3,5.5,30.0,50.0,15.0,30.0,7.07
6442,2148,1,5.5,30.0,50.0,15.0,40.0,7.322
6443,2148,2,5.5,30.0,50.0,15.0,40.0,7.622
6444,2148,3,5.5,30.0,50.0,15.0,40.0,7.25
6445,2149,1,5.5,30.0,50.0,15.0,50.0,7.309
6446,2149,2,5.5,30.0,50.0,15.0,50.0,7.782
6447,2149,3,5.5,30.0,50.0,15.0,50.0,7.754
6448,2150,1,5.5,30.0,50.0,15.0,60.0,6.973
6449,2150,2,5.5,30.0,50.0,15.0,60.0,6.848
6450,2150,3,5.5,30.0,50.0,15.0,60.0,7.385
6451,2151,1,5.5,30.0,87.5,5.0,20.0,5.474
6452,2151,2,5.5,30.0,87.5,5.0,20.0,5.338
6453,2151,3,5.5,30.0,87.5,5.0,20.0,5.16
6454,2152,1,5.5,30.0,87.5,5.0,30.0,6.143
6455,2152,2,5.5,30.0,87.5,5.0,30.0,6.044
6456,2152,3,5.5,30.0,87.5,5.0,30.0,5.864
6457,2153,1,5.5,30.0,87.5,5.0,40.0,6.536
6458,2153,2,5.5,30.0,87.5,5.0,40.0,6.574
6459,2153,3,5.5,30.0,87.5,5.0,40.0,6.395
6460,2154,1,5.5,30.0,87.5,5.0,50.0,6.853
6461,2154,2,5.5,30.0,87.5,5.0,50.0,6.961
6462,2154,3,5.5,30.0,87.5,5.0,50.0,6.872
6463,2155,1,5.5,30.0,87.5,5.0,60.0,6.273
6464,2155,2,5.5,30.0,87.5,5.0,60.0,6.562
6465,2155,3,5.5,30.0,87.5,5.0,60.0,6.372
6466,2156,1,5.5,30.0,87.5,7.5,20.0,5.604
6467,2156,2,5.5,30.0,87.5,7.5,20.0,6.138
6468,2156,3,5.5,30.0,87.5,7.5,20.0,5.991
6469,2157,1,5.5,30.0,87.5,7.5,30.0,7.476
6470,2157,2,5.5,30.0,87.5,7.5,30.0,7.158
6471,2157,3,5.5,30.0,87.5,7.5,30.0,6.949
6472,2158,1,5.5,30.0,87.5,7.5,40.0,7.27
6473,2158,2,5.5,30.0,87.5,7.5,40.0,7.246
6474,2158,3,5.5,30.0,87.5,7.5,40.0,6.919
6475,2159,1,5.5,30.0,87.5,7.5,50.0,6.813
6476,2159,2,5.5,30.0,87.5,7.5,50.0,7.056
6477,2159,3,5.5,30.0,87.5,7.5,50.0,7.287
6478,2160,1,5.5,30.0,87.5,7.5,60.0,6.46
6479,2160,2,5.5,30.0,87.5,7.5,60.0,6.898
6480,2160,3,5.5,30.0,87.5,7.5,60.0,6.981
6481,2161,1,5.5,30.0,87.5,10.0,20.0,6.29
6482,2161,2,5.5,30.0,87.5,10.0,20.0,6.165
6483,2161,3,5.5,30.0,87.5,10.0,20.0,6.254
6484,2162,1,5.5,30.0,87.5,10.0,30.0,7.633
6485,2162,2,5.5,30.0,87.5,10.0,30.0,7.335
6486,2162,3,5.5,30.0,87.5,10.0,30.0,6.993
6487,2163,1,5.5,30.0,87.5,10.0,40.0,7.581
6488,2163,2,5.5,30.0,87.5,10.0,40.0,7.592
6489,2163,3,5.5,30.0,87.5,10.0,40.0,7.385
6490,2164,1,5.5,30.0,87.5,10.0,50.0,7.485
6491,2164,2,5.5,30.0,87.5,10.0,50.0,7.983
6492,2164,3,5.5,30.0,87.5,10.0,50.0,7.582
6493,2165,1,5.5,30.0,87.5,10.0,60.0,7.143
6494,2165,2,5.5,30.0,87.5,10.0,60.0,7.438
6495,2165,3,5.5,30.0,87.5,10.0,60.0,7.483
6496,2166,1,5.5,30.0,87.5,12.5,20.0,5.898
6497,2166,2,5.5,30.0,87.5,12.5,20.0,6.439
6498,2166,3,5.5,30.0,87.5,12.5,20.0,6.693
6499,2167,1,5.5,30.0,87.5,12.5,30.0,7.376
6500,2167,2,5.5,30.0,87.5,12.5,30.0,7.874
6501,2167,3,5.5,30.0,87.5,12.5,30.0,7.6
6502,2168,1,5.5,30.0,87.5,12.5,40.0,8.106
6503,2168,2,5.5,30.0,87.5,12.5,40.0,8.484
6504,2168,3,5.5,30.0,87.5,12.5,40.0,7.912
6505,2169,1,5.5,30.0,87.5,12.5,50.0,7.846
6506,2169,2,5.5,30.0,87.5,12.5,50.0,8.073
6507,2169,3,5.5,30.0,87.5,12.5,50.0,7.643
6508,2170,1,5.5,30.0,87.5,12.5,60.0,7.58
6509,2170,2,5.5,30.0,87.5,12.5,60.0,7.369
6510,2170,3,5.5,30.0,87.5,12.5,60.0,7.661
6511,2171,1,5.5,30.0,87.5,15.0,20.0,6.067
6512,2171,2,5.5,30.0,87.5,15.0,20.0,6.058
6513,2171,3,5.5,30.0,87.5,15.0,20.0,6.366
6514,2172,1,5.5,30.0,87.5,15.0,30.0,7.011
6515,2172,2,5.5,30.0,87.5,15.0,30.0,6.51
6516,2172,3,5.5,30.0,87.5,15.0,30.0,6.642
6517,2173,1,5.5,30.0,87.5,15.0,40.0,7.179
6518,2173,2,5.5,30.0,87.5,15.0,40.0,7.253
6519,2173,3,5.5,30.0,87.5,15.0,40.0,7.616
6520,2174,1,5.5,30.0,87.5,15.0,50.0,7.661
6521,2174,2,5.5,30.0,87.5,15.0,50.0,7.898
6522,2174,3,5.5,30.0,87.5,15.0,50.0,7.811
6523,2175,1,5.5,30.0,87.5,15.0,60.0,7.65
6524,2175,2,5.5,30.0,87.5,15.0,60.0,7.52
6525,2175,3,5.5,30.0,87.5,15.0,60.0,7.409
6526,2176,1,5.5,30.0,125.0,5.0,20.0,5.383
6527,2176,2,5.5,30.0,125.0,5.0,20.0,5.332
6528,2176,3,5.5,30.0,125.0,5.0,20.0,5.18
6529,2177,1,5.5,30.0,125.0,5.0,30.0,6.306
6530,2177,2,5.5,30.0,125.0,5.0,30.0,5.293
6531,2177,3,5.5,30.0,125.0,5.0,30.0,5.869
6532,2178,1,5.5,30.0,125.0,5.0,40.0,6.389
6533,2178,2,5.5,30.0,125.0,5.0,40.0,6.798
6534,2178,3,5.5,30.0,125.0,5.0,40.0,6.915
6535,2179,1,5.5,30.0,125.0,5.0,50.0,6.244
6536,2179,2,5.5,30.0,125.0,5.0,50.0,7.045
6537,2179,3,5.5,30.0,125.0,5.0,50.0,6.322
6538,2180,1,5.5,30.0,125.0,5.0,60.0,6.155
6539,2180,2,5.5,30.0,125.0,5.0,60.0,6.409
6540,2180,3,5.5,30.0,125.0,5.0,60.0,6.386
6541,2181,1,5.5,30.0,125.0,7.5,20.0,5.339
6542,2181,2,5.5,30.0,125.0,7.5,20.0,5.957
6543,2181,3,5.5,30.0,125.0,7.5,20.0,5.965
6544,2182,1,5.5,30.0,125.0,7.5,30.0,6.945
6545,2182,2,5.5,30.0,125.0,7.5,30.0,6.529
6546,2182,3,5.5,30.0,125.0,7.5,30.0,6.639
6547,2183,1,5.5,30.0,125.0,7.5,40.0,7.166
6548,2183,2,5.5,30.0,125.0,7.5,40.0,7.648
6549,2183,3,5.5,30.0,125.0,7.5,40.0,6.381
6550,2184,1,5.5,30.0,125.0,7.5,50.0,7.082
6551,2184,2,5.5,30.0,125.0,7.5,50.0,7.352
6552,2184,3,5.5,30.0,125.0,7.5,50.0,7.046
6553,2185,1,5.5,30.0,125.0,7.5,60.0,7.103
6554,2185,2,5.5,30.0,125.0,7.5,60.0,7.14
6555,2185,3,5.5,30.0,125.0,7.5,60.0,6.991
6556,2186,1,5.5,30.0,125.0,10.0,20.0,6.193
6557,2186,2,5.5,30.0,125.0,10.0,20.0,6.351
6558,2186,3,5.5,30.0,125.0,10.0,20.0,6.109
6559,2187,1,5.5,30.0,125.0,10.0,30.0,6.923
6560,2187,2,5.5,30.0,125.0,10.0,30.0,7.004
6561,2187,3,5.5,30.0,125.0,10.0,30.0,7.048
6562,2188,1,5.5,30.0,125.0,10.0,40.0,7.088
6563,2188,2,5.5,30.0,125.0,10.0,40.0,7.704
6564,2188,3,5.5,30.0,125.0,10.0,40.0,7.449
6565,2189,1,5.5,30.0,125.0,10.0,50.0,8.103
6566,2189,2,5.5,30.0,125.0,10.0,50.0,7.915
6567,2189,3,5.5,30.0,125.0,10.0,50.0,8.078
6568,2190,1,5.5,30.0,125.0,10.0,60.0,7.292
6569,2190,2,5.5,30.0,125.0,10.0,60.0,7.471
6570,2190,3,5.5,30.0,125.0,10.0,60.0,7.227
6571,2191,1,5.5,30.0,125.0,12.5,20.0,6.078
6572,2191,2,5.5,30.0,125.0,12.5,20.0,6.626
6573,2191,3,5.5,30.0,125.0,12.5,20.0,6.691
6574,2192,1,5.5,30.0,125.0,12.5,30.0,6.829
6575,2192,2,5.5,30.0,125.0,12.5,30.0,7.022
6576,2192,3,5.5,30.0,125.0,12.5,30.0,7.129
6577,2193,1,5.5,30.0,125.0,12.5,40.0,7.839
6578,2193,2,5.5,30.0,125.0,12.5,40.0,7.182
6579,2193,3,5.5,30.0,125.0,12.5,40.0,7.226
6580,2194,1,5.5,30.0,125.0,12.5,50.0,7.987
6581,2194,2,5.5,30.0,125.0,12.5,50.0,7.304
6582,2194,3,5.5,30.0,125.0,12.5,50.0,7.725
6583,2195,1,5.5,30.0,125.0,12.5,60.0,7.72
6584,2195,2,5.5,30.0,125.0,12.5,60.0,7.791
6585,2195,3,5.5,30.0,125.0,12.5,60.0,7.635
6586,2196,1,5.5,30.0,125.0,15.0,20.0,5.973
6587,2196,2,5.5,30.0,125.0,15.0,20.0,6.311
6588,2196,3,5.5,30.0,125.0,15.0,20.0,6.155
6589,2197,1,5.5,30.0,125.0,15.0,30.0,6.769
6590,2197,2,5.5,30.0,125.0,15.0,30.0,6.961
6591,2197,3,5.5,30.0,125.0,15.0,30.0,7.057
6592,2198,1,5.5,30.0,125.0,15.0,40.0,7.956
6593,2198,2,5.5,30.0,125.0,15.0,40.0,7.695
6594,2198,3,5.5,30.0,125.0,15.0,40.0,7.815
6595,2199,1,5.5,30.0,125.0,15.0,50.0,7.479
6596,2199,2,5.5,30.0,125.0,15.0,50.0,7.503
6597,2199,3,5.5,30.0,125.0,15.0,50.0,7.584
6598,2200,1,5.5,30.0,125.0,15.0,60.0,7.435
6599,2200,2,5.5,30.0,125.0,15.0,60.0,7.193
6600,2200,3,5.5,30.0,125.0,15.0,60.0,7.829
6601,2201,1,5.5,30.0,162.5,5.0,20.0,4.897
6602,2201,2,5.5,30.0,162.5,5.0,20.0,4.564
6603,2201,3,5.5,30.0,162.5,5.0,20.0,4.83
6604,2202,1,5.5,30.0,162.5,5.0,30.0,5.662
6605,2202,2,5.5,30.0,162.5,5.0,30.0,5.802
6606,2202,3,5.5,30.0,162.5,5.0,30.0,5.224
6607,2203,1,5.5,30.0,162.5,5.0,40.0,6.159
6608,2203,2,5.5,30.0,162.5,5.0,40.0,6.184
6609,2203,3,5.5,30.0,162.5,5.0,40.0,6.375
6610,2204,1,5.5,30.0,162.5,5.0,50.0,6.274
6611,2204,2,5.5,30.0,162.5,5.0,50.0,5.75
6612,2204,3,5.5,30.0,162.5,5.0,50.0,6.147
6613,2205,1,5.5,30.0,162.5,5.0,60.0,6.333
6614,2205,2,5.5,30.0,162.5,5.0,60.0,6.368
6615,2205,3,5.5,30.0,162.5,5.0,60.0,6.821
6616,2206,1,5.5,30.0,162.5,7.5,20.0,5.513
6617,2206,2,5.5,30.0,162.5,7.5,20.0,5.373
6618,2206,3,5.5,30.0,162.5,7.5,20.0,5.341
6619,2207,1,5.5,30.0,162.5,7.5,30.0,6.609
6620,2207,2,5.5,30.0,162.5,7.5,30.0,6.135
6621,2207,3,5.5,30.0,162.5,7.5,30.0,6.261
6622,2208,1,5.5,30.0,162.5,7.5,40.0,6.595
6623,2208,2,5.5,30.0,162.5,7.5,40.0,7.297
6624,2208,3,5.5,30.0,162.5,7.5,40.0,7.01
6625,2209,1,5.5,30.0,162.5,7.5,50.0,6.952
6626,2209,2,5.5,30.0,162.5,7.5,50.0,7.118
6627,2209,3,5.5,30.0,162.5,7.5,50.0,7.293
6628,2210,1,5.5,30.0,162.5,7.5,60.0,6.98
6629,2210,2,5.5,30.0,162.5,7.5,60.0,6.9
6630,2210,3,5.5,30.0,162.5,7.5,60.0,6.867
6631,2211,1,5.5,30.0,162.5,10.0,20.0,5.845
6632,2211,2,5.5,30.0,162.5,10.0,20.0,5.65
6633,2211,3,5.5,30.0,162.5,10.0,20.0,5.623
6634,2212,1,5.5,30.0,162.5,10.0,30.0,6.326
6635,2212,2,5.5,30.0,162.5,10.0,30.0,6.722
6636,2212,3,5.5,30.0,162.5,10.0,30.0,6.649
6637,2213,1,5.5,30.0,162.5,10.0,40.0,7.21
6638,2213,2,5.5,30.0,162.5,10.0,40.0,7.356
6639,2213,3,5.5,30.0,162.5,10.0,40.0,7.509
6640,2214,1,5.5,30.0,162.5,10.0,50.0,7.746
6641,2214,2,5.5,30.0,162.5,10.0,50.0,7.705
6642,2214,3,5.5,30.0,162.5,10.0,50.0,7.483
6643,2215,1,5.5,30.0,162.5,10.0,60.0,7.291
6644,2215,2,5.5,30.0,162.5,10.0,60.0,7.158
6645,2215,3,5.5,30.0,162.5,10.0,60.0,7.284
6646,2216,1,5.5,30.0,162.5,12.5,20.0,5.856
6647,2216,2,5.5,30.0,162.5,12.5,20.0,5.63
6648,2216,3,5.5,30.0,162.5,12.5,20.0,5.877
6649,2217,1,5.5,30.0,162.5,12.5,30.0,6.53
6650,2217,2,5.5,30.0,162.5,12.5,30.0,6.335
6651,2217,3,5.5,30.0,162.5,12.5,30.0,7.029
6652,2218,1,5.5,30.0,162.5,12.5,40.0,7.267
6653,2218,2,5.5,30.0,162.5,12.5,40.0,7.166
6654,2218,3,5.5,30.0,162.5,12.5,40.0,7.094
6655,2219,1,5.5,30.0,162.5,12.5,50.0,7.768
6656,2219,2,5.5,30.0,162.5,12.5,50.0,8.035
6657,2219,3,5.5,30.0,162.5,12.5,50.0,7.537
6658,2220,1,5.5,30.0,162.5,12.5,60.0,7.49
6659,2220,2,5.5,30.0,162.5,12.5,60.0,7.85
6660,2220,3,5.5,30.0,162.5,12.5,60.0,7.043
6661,2221,1,5.5,30.0,162.5,15.0,20.0,6.201
6662,2221,2,5.5,30.0,162.5,15.0,20.0,6.334
6663,2221,3,5.5,30.0,162.5,15.0,20.0,4.892
6664,2222,1,5.5,30.0,162.5,15.0,30.0,6.573
6665,2222,2,5.5,30.0,162.5,15.0,30.0,6.399
6666,2222,3,5.5,30.0,162.5,15.0,30.0,6.526
6667,2223,1,5.5,30.0,162.5,15.0,40.0,7.083
6668,2223,2,5.5,30.0,162.5,15.0,40.0,7.427
6669,2223,3,5.5,30.0,162.5,15.0,40.0,7.168
6670,2224,1,5.5,30.0,162.5,15.0,50.0,7.195
6671,2224,2,5.5,30.0,162.5,15.0,50.0,7.402
6672,2224,3,5.5,30.0,162.5,15.0,50.0,7.594
6673,2225,1,5.5,30.0,162.5,15.0,60.0,7.019
6674,2225,2,5.5,30.0,162.5,15.0,60.0,6.889
6675,2225,3,5.5,30.0,162.5,15.0,60.0,7.908
6676,2226,1,5.5,30.0,200.0,5.0,20.0,3.795
6677,2226,2,5.5,30.0,200.0,5.0,20.0,3.937
6678,2226,3,5.5,30.0,200.0,5.0,20.0,3.864
6679,2227,1,5.5,30.0,200.0,5.0,30.0,5.153
6680,2227,2,5.5,30.0,200.0,5.0,30.0,5.496
6681,2227,3,5.5,30.0,200.0,5.0,30.0,5.162
6682,2228,1,5.5,30.0,200.0,5.0,40.0,5.25
6683,2228,2,5.5,30.0,200.0,5.0,40.0,5.287
6684,2228,3,5.5,30.0,200.0,5.0,40.0,5.563
6685,2229,1,5.5,30.0,200.0,5.0,50.0,5.925
6686,2229,2,5.5,30.0,200.0,5.0,50.0,5.518
6687,2229,3,5.5,30.0,200.0,5.0,50.0,6.229
6688,2230,1,5.5,30.0,200.0,5.0,60.0,5.671
6689,2230,2,5.5,30.0,200.0,5.0,60.0,6.393
6690,2230,3,5.5,30.0,200.0,5.0,60.0,6.485
6691,2231,1,5.5,30.0,200.0,7.5,20.0,4.605
6692,2231,2,5.5,30.0,200.0,7.5,20.0,4.798
6693,2231,3,5.5,30.0,200.0,7.5,20.0,4.33
6694,2232,1,5.5,30.0,200.0,7.5,30.0,5.875
6695,2232,2,5.5,30.0,200.0,7.5,30.0,5.561
6696,2232,3,5.5,30.0,200.0,7.5,30.0,5.396
6697,2233,1,5.5,30.0,200.0,7.5,40.0,6.294
6698,2233,2,5.5,30.0,200.0,7.5,40.0,6.245
6699,2233,3,5.5,30.0,200.0,7.5,40.0,6.284
6700,2234,1,5.5,30.0,200.0,7.5,50.0,6.966
6701,2234,2,5.5,30.0,200.0,7.5,50.0,6.48
6702,2234,3,5.5,30.0,200.0,7.5,50.0,7.186
6703,2235,1,5.5,30.0,200.0,7.5,60.0,6.304
6704,2235,2,5.5,30.0,200.0,7.5,60.0,7.127
6705,2235,3,5.5,30.0,200.0,7.5,60.0,6.39
6706,2236,1,5.5,30.0,200.0,10.0,20.0,5.075
6707,2236,2,5.5,30.0,200.0,10.0,20.0,4.938
6708,2236,3,5.5,30.0,200.0,10.0,20.0,4.979
6709,2237,1,5.5,30.0,200.0,10.0,30.0,6.324
6710,2237,2,5.5,30.0,200.0,10.0,30.0,6.52
6711,2237,3,5.5,30.0,200.0,10.0,30.0,6.433
6712,2238,1,5.5,30.0,200.0,10.0,40.0,6.662
6713,2238,2,5.5,30.0,200.0,10.0,40.0,6.827
6714,2238,3,5.5,30.0,200.0,10.0,40.0,6.556
6715,2239,1,5.5,30.0,200.0,10.0,50.0,6.822
6716,2239,2,5.5,30.0,200.0,10.0,50.0,6.779
6717,2239,3,5.5,30.0,200.0,10.0,50.0,6.977
6718,2240,1,5.5,30.0,200.0,10.0,60.0,7.145
6719,2240,2,5.5,30.0,200.0,10.0,60.0,6.54
6720,2240,3,5.5,30.0,200.0,10.0,60.0,7.062
6721,2241,1,5.5,30.0,200.0,12.5,20.0,5.599
6722,2241,2,5.5,30.0,200.0,12.5,20.0,5.489
6723,2241,3,5.5,30.0,200.0,12.5,20.0,5.011
6724,2242,1,5.5,30.0,200.0,12.5,30.0,5.809
6725,2242,2,5.5,30.0,200.0,12.5,30.0,6.329
6726,2242,3,5.5,30.0,200.0,12.5,30.0,5.551
6727,2243,1,5.5,30.0,200.0,12.5,40.0,7.186
6728,2243,2,5.5,30.0,200.0,12.5,40.0,6.815
6729,2243,3,5.5,30.0,200.0,12.5,40.0,7.388
6730,2244,1,5.5,30.0,200.0,12.5,50.0,6.716
6731,2244,2,5.5,30.0,200.0,12.5,50.0,7.457
6732,2244,3,5.5,30.0,200.0,12.5,50.0,7.172
6733,2245,1,5.5,30.0,200.0,12.5,60.0,7.082
6734,2245,2,5.5,30.0,200.0,12.5,60.0,6.791
6735,2245,3,5.5,30.0,200.0,12.5,60.0,7.342
6736,2246,1,5.5,30.0,200.0,15.0,20.0,5.164
6737,2246,2,5.5,30.0,200.0,15.0,20.0,5.475
6738,2246,3,5.5,30.0,200.0,15.0,20.0,5.257
6739,2247,1,5.5,30.0,200.0,15.0,30.0,5.834
6740,2247,2,5.5,30.0,200.0,15.0,30.0,5.719
6741,2247,3,5.5,30.0,200.0,15.0,30.0,5.617
6742,2248,1,5.5,30.0,200.0,15.0,40.0,7.088
6743,2248,2,5.5,30.0,200.0,15.0,40.0,6.457
6744,2248,3,5.5,30.0,200.0,15.0,40.0,7.089
6745,2249,1,5.5,30.0,200.0,15.0,50.0,7.147
6746,2249,2,5.5,30.0,200.0,15.0,50.0,7.092
6747,2249,3,5.5,30.0,200.0,15.0,50.0,6.914
6748,2250,1,5.5,30.0,200.0,15.0,60.0,7.16
6749,2250,2,5.5,30.0,200.0,15.0,60.0,6.971
6750,2250,3,5.5,30.0,200.0,15.0,60.0,6.872
6751,2251,1,5.5,32.5,50.0,5.0,20.0,4.757
6752,2251,2,5.5,32.5,50.0,5.0,20.0,4.522
6753,2251,3,5.5,32.5,50.0,5.0,20.0,4.339
6754,2252,1,5.5,32.5,50.0,5.0,30.0,5.455
6755,2252,2,5.5,32.5,50.0,5.0,30.0,5.27
6756,2252,3,5.5,32.5,50.0,5.0,30.0,5.424
6757,2253,1,5.5,32.5,50.0,5.0,40.0,5.535
6758,2253,2,5.5,32.5,50.0,5.0,40.0,5.324
6759,2253,3,5.5,32.5,50.0,5.0,40.0,6.148
6760,2254,1,5.5,32.5,50.0,5.0,50.0,6.121
6761,2254,2,5.5,32.5,50.0,5.0,50.0,5.935
6762,2254,3,5.5,32.5,50.0,5.0,50.0,5.579
6763,2255,1,5.5,32.5,50.0,5.0,60.0,5.278
6764,2255,2,5.5,32.5,50.0,5.0,60.0,5.75
6765,2255,3,5.5,32.5,50.0,5.0,60.0,5.263
6766,2256,1,5.5,32.5,50.0,7.5,20.0,5.085
6767,2256,2,5.5,32.5,50.0,7.5,20.0,5.787
6768,2256,3,5.5,32.5,50.0,7.5,20.0,5.249
6769,2257,1,5.5,32.5,50.0,7.5,30.0,6.483
6770,2257,2,5.5,32.5,50.0,7.5,30.0,5.596
6771,2257,3,5.5,32.5,50.0,7.5,30.0,6.133
6772,2258,1,5.5,32.5,50.0,7.5,40.0,6.942
6773,2258,2,5.5,32.5,50.0,7.5,40.0,6.371
6774,2258,3,5.5,32.5,50.0,7.5,40.0,6.289
6775,2259,1,5.5,32.5,50.0,7.5,50.0,6.061
6776,2259,2,5.5,32.5,50.0,7.5,50.0,6.691
6777,2259,3,5.5,32.5,50.0,7.5,50.0,6.172
6778,2260,1,5.5,32.5,50.0,7.5,60.0,6.036
6779,2260,2,5.5,32.5,50.0,7.5,60.0,5.717
6780,2260,3,5.5,32.5,50.0,7.5,60.0,6.498
6781,2261,1,5.5,32.5,50.0,10.0,20.0,5.986
6782,2261,2,5.5,32.5,50.0,10.0,20.0,5.654
6783,2261,3,5.5,32.5,50.0,10.0,20.0,5.339
6784,2262,1,5.5,32.5,50.0,10.0,30.0,6.818
6785,2262,2,5.5,32.5,50.0,10.0,30.0,6.285
6786,2262,3,5.5,32.5,50.0,10.0,30.0,6.078
6787,2263,1,5.5,32.5,50.0,10.0,40.0,6.269
6788,2263,2,5.5,32.5,50.0,10.0,40.0,6.582
6789,2263,3,5.5,32.5,50.0,10.0,40.0,6.355
6790,2264,1,5.5,32.5,50.0,10.0,50.0,6.613
6791,2264,2,5.5,32.5,50.0,10.0,50.0,6.996
6792,2264,3,5.5,32.5,50.0,10.0,50.0,6.682
6793,2265,1,5.5,32.5,50.0,10.0,60.0,6.562
6794,2265,2,5.5,32.5,50.0,10.0,60.0,6.26
6795,2265,3,5.5,32.5,50.0,10.0,60.0,6.481
6796,2266,1,5.5,32.5,50.0,12.5,20.0,6.3
6797,2266,2,5.5,32.5,50.0,12.5,20.0,5.665
6798,2266,3,5.5,32.5,50.0,12.5,20.0,5.87
6799,2267,1,5.5,32.5,50.0,12.5,30.0,6.049
6800,2267,2,5.5,32.5,50.0,12.5,30.0,6.913
6801,2267,3,5.5,32.5,50.0,12.5,30.0,6.354
6802,2268,1,5.5,32.5,50.0,12.5,40.0,7.157
6803,2268,2,5.5,32.5,50.0,12.5,40.0,6.828
6804,2268,3,5.5,32.5,50.0,12.5,40.0,7.034
6805,2269,1,5.5,32.5,50.0,12.5,50.0,7.075
6806,2269,2,5.5,32.5,50.0,12.5,50.0,6.761
6807,2269,3,5.5,32.5,50.0,12.5,50.0,7.193
6808,2270,1,5.5,32.5,50.0,12.5,60.0,6.35
6809,2270,2,5.5,32.5,50.0,12.5,60.0,6.78
6810,2270,3,5.5,32.5,50.0,12.5,60.0,6.453
6811,2271,1,5.5,32.5,50.0,15.0,20.0,5.66
6812,2271,2,5.5,32.5,50.0,15.0,20.0,5.433
6813,2271,3,5.5,32.5,50.0,15.0,20.0,5.576
6814,2272,1,5.5,32.5,50.0,15.0,30.0,5.987
6815,2272,2,5.5,32.5,50.0,15.0,30.0,6.357
6816,2272,3,5.5,32.5,50.0,15.0,30.0,6.3
6817,2273,1,5.5,32.5,50.0,15.0,40.0,6.511
6818,2273,2,5.5,32.5,50.0,15.0,40.0,6.647
6819,2273,3,5.5,32.5,50.0,15.0,40.0,6.7
6820,2274,1,5.5,32.5,50.0,15.0,50.0,6.515
6821,2274,2,5.5,32.5,50.0,15.0,50.0,6.651
6822,2274,3,5.5,32.5,50.0,15.0,50.0,6.406
6823,2275,1,5.5,32.5,50.0,15.0,60.0,7.019
6824,2275,2,5.5,32.5,50.0,15.0,60.0,6.659
6825,2275,3,5.5,32.5,50.0,15.0,60.0,6.439
6826,2276,1,5.5,32.5,87.5,5.0,20.0,4.966
6827,2276,2,5.5,32.5,87.5,5.0,20.0,4.083
6828,2276,3,5.5,32.5,87.5,5.0,20.0,3.921
6829,2277,1,5.5,32.5,87.5,5.0,30.0,5.326
6830,2277,2,5.5,32.5,87.5,5.0,30.0,5.052
6831,2277,3,5.5,32.5,87.5,5.0,30.0,5.371
6832,2278,1,5.5,32.5,87.5,5.0,40.0,5.945
6833,2278,2,5.5,32.5,87.5,5.0,40.0,6.145
6834,2278,3,5.5,32.5,87.5,5.0,40.0,5.569
6835,2279,1,5.5,32.5,87.5,5.0,50.0,6.099
6836,2279,2,5.5,32.5,87.5,5.0,50.0,5.992
6837,2279,3,5.5,32.5,87.5,5.0,50.0,6.085
6838,2280,1,5.5,32.5,87.5,5.0,60.0,5.592
6839,2280,2,5.5,32.5,87.5,5.0,60.0,6.125
6840,2280,3,5.5,32.5,87.5,5.0,60.0,5.709
6841,2281,1,5.5,32.5,87.5,7.5,20.0,5.834
6842,2281,2,5.5,32.5,87.5,7.5,20.0,5.116
6843,2281,3,5.5,32.5,87.5,7.5,20.0,5.545
6844,2282,1,5.5,32.5,87.5,7.5,30.0,6.121
6845,2282,2,5.5,32.5,87.5,7.5,30.0,6.046
6846,2282,3,5.5,32.5,87.5,7.5,30.0,6.315
6847,2283,1,5.5,32.5,87.5,7.5,40.0,6.504
6848,2283,2,5.5,32.5,87.5,7.5,40.0,5.842
6849,2283,3,5.5,32.5,87.5,7.5,40.0,5.73
6850,2284,1,5.5,32.5,87.5,7.5,50.0,7.044
6851,2284,2,5.5,32.5,87.5,7.5,50.0,7.032
6852,2284,3,5.5,32.5,87.5,7.5,50.0,7.216
6853,2285,1,5.5,32.5,87.5,7.5,60.0,6.433
6854,2285,2,5.5,32.5,87.5,7.5,60.0,6.076
6855,2285,3,5.5,32.5,87.5,7.5,60.0,6.32
6856,2286,1,5.5,32.5,87.5,10.0,20.0,5.741
6857,2286,2,5.5,32.5,87.5,10.0,20.0,5.456
6858,2286,3,5.5,32.5,87.5,10.0,20.0,6.199
6859,2287,1,5.5,32.5,87.5,10.0,30.0,7.165
6860,2287,2,5.5,32.5,87.5,10.0,30.0,6.671
6861,2287,3,5.5,32.5,87.5,10.0,30.0,6.534
6862,2288,1,5.5,32.5,87.5,10.0,40.0,6.625
6863,2288,2,5.5,32.5,87.5,10.0,40.0,7.421
6864,2288,3,5.5,32.5,87.5,10.0,40.0,7.009
6865,2289,1,5.5,32.5,87.5,10.0,50.0,7.007
6866,2289,2,5.5,32.5,87.5,10.0,50.0,7.222
6867,2289,3,5.5,32.5,87.5,10.0,50.0,6.924
6868,2290,1,5.5,32.5,87.5,10.0,60.0,6.879
6869,2290,2,5.5,32.5,87.5,10.0,60.0,6.434
6870,2290,3,5.5,32.5,87.5,10.0,60.0,7.142
6871,2291,1,5.5,32.5,87.5,12.5,20.0,5.808
6872,2291,2,5.5,32.5,87.5,12.5,20.0,6.162
6873,2291,3,5.5,32.5,87.5,12.5,20.0,5.781
6874,2292,1,5.5,32.5,87.5,12.5,30.0,6.599
6875,2292,2,5.5,32.5,87.5,12.5,30.0,6.298
6876,2292,3,5.5,32.5,87.5,12.5,30.0,6.85
6877,2293,1,5.5,32.5,87.5,12.5,40.0,6.842
6878,2293,2,5.5,32.5,87.5,12.5,40.0,6.951
6879,2293,3,5.5,32.5,87.5,12.5,40.0,7.088
6880,2294,1,5.5,32.5,87.5,12.5,50.0,7.221
6881,2294,2,5.5,32.5,87.5,12.5,50.0,6.71
6882,2294,3,5.5,32.5,87.5,12.5,50.0,7.123
6883,2295,1,5.5,32.5,87.5,12.5,60.0,7.16
6884,2295,2,5.5,32.5,87.5,12.5,60.0,6.832
6885,2295,3,5.5,32.5,87.5,12.5,60.0,6.875
6886,2296,1,5.5,32.5,87.5,15.0,20.0,5.683
6887,2296,2,5.5,32.5,87.5,15.0,20.0,5.602
6888,2296,3,5.5,32.5,87.5,15.0,20.0,5.349
6889,2297,1,5.5,32.5,87.5,15.0,30.0,6.427
6890,2297,2,5.5,32.5,87.5,15.0,30.0,6.716
6891,2297,3,5.5,32.5,87.5,15.0,30.0,6.143
6892,2298,1,5.5,32.5,87.5,15.0,40.0,6.783
6893,2298,2,5.5,32.5,87.5,15.0,40.0,6.501
6894,2298,3,5.5,32.5,87.5,15.0,40.0,7.151
6895,2299,1,5.5,32.5,87.5,15.0,50.0,6.962
6896,2299,2,5.5,32.5,87.5,15.0,50.0,6.749
6897,2299,3,5.5,32.5,87.5,15.0,50.0,7.013
6898,2300,1,5.5,32.5,87.5,15.0,60.0,6.4
6899,2300,2,5.5,32.5,87.5,15.0,60.0,6.448
6900,2300,3,5.5,32.5,87.5,15.0,60.0,6.329
6901,2301,1,5.5,32.5,125.0,5.0,20.0,4.164
6902,2301,2,5.5,32.5,125.0,5.0,20.0,4.843
6903,2301,3,5.5,32.5,125.0,5.0,20.0,4.257
6904,2302,1,5.5,32.5,125.0,5.0,30.0,5.468
6905,2302,2,5.5,32.5,125.0,5.0,30.0,5.103
6906,2302,3,5.5,32.5,125.0,5.0,30.0,5.55
6907,2303,1,5.5,32.5,125.0,5.0,40.0,5.575
6908,2303,2,5.5,32.5,125.0,5.0,40.0,5.873
6909,2303,3,5.5,32.5,125.0,5.0,40.0,5.877
6910,2304,1,5.5,32.5,125.0,5.0,50.0,6.689
6911,2304,2,5.5,32.5,125.0,5.0,50.0,6.214
6912,2304,3,5.5,32.5,125.0,5.0,50.0,5.871
6913,2305,1,5.5,32.5,125.0,5.0,60.0,6.054
6914,2305,2,5.5,32.5,125.0,5.0,60.0,6.461
6915,2305,3,5.5,32.5,125.0,5.0,60.0,5.406
6916,2306,1,5.5,32.5,125.0,7.5,20.0,4.927
6917,2306,2,5.5,32.5,125.0,7.5,20.0,5.096
6918,2306,3,5.5,32.5,125.0,7.5,20.0,5.046
6919,2307,1,5.5,32.5,125.0,7.5,30.0,5.944
6920,2307,2,5.5,32.5,125.0,7.5,30.0,5.672
6921,2307,3,5.5,32.5,125.0,7.5,30.0,6.431
6922,2308,1,5.5,32.5,125.0,7.5,40.0,6.164
6923,2308,2,5.5,32.5,125.0,7.5,40.0,6.506
6924,2308,3,5.5,32.5,125.0,7.5,40.0,6.855
6925,2309,1,5.5,32.5,125.0,7.5,50.0,6.729
6926,2309,2,5.5,32.5,125.0,7.5,50.0,6.463
6927,2309,3,5.5,32.5,125.0,7.5,50.0,6.36
6928,2310,1,5.5,32.5,125.0,7.5,60.0,6.498
6929,2310,2,5.5,32.5,125.0,7.5,60.0,6.351
6930,2310,3,5.5,32.5,125.0,7.5,60.0,6.62
6931,2311,1,5.5,32.5,125.0,10.0,20.0,5.17
6932,2311,2,5.5,32.5,125.0,10.0,20.0,5.79
6933,2311,3,5.5,32.5,125.0,10.0,20.0,5.595
6934,2312,1,5.5,32.5,125.0,10.0,30.0,6.491
6935,2312,2,5.5,32.5,125.0,10.0,30.0,6.841
6936,2312,3,5.5,32.5,125.0,10.0,30.0,6.315
6937,2313,1,5.5,32.5,125.0,10.0,40.0,6.759
6938,2313,2,5.5,32.5,125.0,10.0,40.0,6.809
6939,2313,3,5.5,32.5,125.0,10.0,40.0,6.909
6940,2314,1,5.5,32.5,125.0,10.0,50.0,7.112
6941,2314,2,5.5,32.5,125.0,10.0,50.0,6.905
6942,2314,3,5.5,32.5,125.0,10.0,50.0,6.571
6943,2315,1,5.5,32.5,125.0,10.0,60.0,6.805
6944,2315,2,5.5,32.5,125.0,10.0,60.0,7.063
6945,2315,3,5.5,32.5,125.0,10.0,60.0,7.001
6946,2316,1,5.5,32.5,125.0,12.5,20.0,5.998
6947,2316,2,5.5,32.5,125.0,12.5,20.0,6.21
6948,2316,3,5.5,32.5,125.0,12.5,20.0,5.875
6949,2317,1,5.5,32.5,125.0,12.5,30.0,6.925
6950,2317,2,5.5,32.5,125.0,12.5,30.0,6.752
6951,2317,3,5.5,32.5,125.0,12.5,30.0,7.016
6952,2318,1,5.5,32.5,125.0,12.5,40.0,7.581
6953,2318,2,5.5,32.5,125.0,12.5,40.0,7.329
6954,2318,3,5.5,32.5,125.0,12.5,40.0,7.26
6955,2319,1,5.5,32.5,125.0,12.5,50.0,7.18
6956,2319,2,5.5,32.5,125.0,12.5,50.0,7.226
6957,2319,3,5.5,32.5,125.0,12.5,50.0,7.143
6958,2320,1,5.5,32.5,125.0,12.5,60.0,7.236
6959,2320,2,5.5,32.5,125.0,12.5,60.0,6.861
6960,2320,3,5.5,32.5,125.0,12.5,60.0,7.009
6961,2321,1,5.5,32.5,125.0,15.0,20.0,4.803
6962,2321,2,5.5,32.5,125.0,15.0,20.0,5.945
6963,2321,3,5.5,32.5,125.0,15.0,20.0,5.401
6964,2322,1,5.5,32.5,125.0,15.0,30.0,6.465
6965,2322,2,5.5,32.5,125.0,15.0,30.0,6.746
6966,2322,3,5.5,32.5,125.0,15.0,30.0,6.422
6967,2323,1,5.5,32.5,125.0,15.0,40.0,7.267
6968,2323,2,5.5,32.5,125.0,15.0,40.0,6.515
6969,2323,3,5.5,32.5,125.0,15.0,40.0,7.534
6970,2324,1,5.5,32.5,125.0,15.0,50.0,7.342
6971,2324,2,5.5,32.5,125.0,15.0,50.0,7.096
6972,2324,3,5.5,32.5,125.0,15.0,50.0,7.437
6973,2325,1,5.5,32.5,125.0,15.0,60.0,6.535
6974,2325,2,5.5,32.5,125.0,15.0,60.0,6.782
6975,2325,3,5.5,32.5,125.0,15.0,60.0,7.267
6976,2326,1,5.5,32.5,162.5,5.0,20.0,3.515
6977,2326,2,5.5,32.5,162.5,5.0,20.0,4.194
6978,2326,3,5.5,32.5,162.5,5.0,20.0,4.187
6979,2327,1,5.5,32.5,162.5,5.0,30.0,5.539
6980,2327,2,5.5,32.5,162.5,5.0,30.0,4.544
6981,2327,3,5.5,32.5,162.5,5.0,30.0,5.438
6982,2328,1,5.5,32.5,162.5,5.0,40.0,5.431
6983,2328,2,5.5,32.5,162.5,5.0,40.0,5.462
6984,2328,3,5.5,32.5,162.5,5.0,40.0,5.245
6985,2329,1,5.5,32.5,162.5,5.0,50.0,5.533
6986,2329,2,5.5,32.5,162.5,5.0,50.0,5.95
6987,2329,3,5.5,32.5,162.5,5.0,50.0,5.526
6988,2330,1,5.5,32.5,162.5,5.0,60.0,5.945
6989,2330,2,5.5,32.5,162.5,5.0,60.0,5.552
6990,2330,3,5.5,32.5,162.5,5.0,60.0,5.398
6991,2331,1,5.5,32.5,162.5,7.5,20.0,4.59
6992,2331,2,5.5,32.5,162.5,7.5,20.0,4.832
6993,2331,3,5.5,32.5,162.5,7.5,20.0,4.66
6994,2332,1,5.5,32.5,162.5,7.5,30.0,5.697
6995,2332,2,5.5,32.5,162.5,7.5,30.0,5.882
6996,2332,3,5.5,32.5,162.5,7.5,30.0,5.991
6997,2333,1,5.5,32.5,162.5,7.5,40.0,6.201
6998,2333,2,5.5,32.5,162.5,7.5,40.0,5.995
6999,2333,3,5.5,32.5,162.5,7.5,40.0,6.309
7000,2334,1,5.5,32.5,162.5,7.5,50.0,6.669
7001,2334,2,5.5,32.5,162.5,7.5,50.0,6.128
7002,2334,3,5.5,32.5,162.5,7.5,50.0,6.288
7003,2335,1,5.5,32.5,162.5,7.5,60.0,6.236
7004,2335,2,5.5,32.5,162.5,7.5,60.0,6.379
7005,2335,3,5.5,32.5,162.5,7.5,60.0,6.224
7006,2336,1,5.5,32.5,162.5,10.0,20.0,5.335
7007,2336,2,5.5,32.5,162.5,10.0,20.0,4.688
7008,2336,3,5.5,32.5,162.5,10.0,20.0,4.695
7009,2337,1,5.5,32.5,162.5,10.0,30.0,5.994
7010,2337,2,5.5,32.5,162.5,10.0,30.0,6.038
7011,2337,3,5.5,32.5,162.5,10.0,30.0,5.68
7012,2338,1,5.5,32.5,162.5,10.0,40.0,6.518
7013,2338,2,5.5,32.5,162.5,10.0,40.0,6.575
7014,2338,3,5.5,32.5,162.5,10.0,40.0,6.577
7015,2339,1,5.5,32.5,162.5,10.0,50.0,6.98
7016,2339,2,5.5,32.5,162.5,10.0,50.0,6.752
7017,2339,3,5.5,32.5,162.5,10.0,50.0,7.351
7018,2340,1,5.5,32.5,162.5,10.0,60.0,6.974
7019,2340,2,5.5,32.5,162.5,10.0,60.0,6.612
7020,2340,3,5.5,32.5,162.5,10.0,60.0,6.864
7021,2341,1,5.5,32.5,162.5,12.5,20.0,5.272
7022,2341,2,5.5,32.5,162.5,12.5,20.0,5.578
7023,2341,3,5.5,32.5,162.5,12.5,20.0,5.069
7024,2342,1,5.5,32.5,162.5,12.5,30.0,6.402
7025,2342,2,5.5,32.5,162.5,12.5,30.0,6.199
7026,2342,3,5.5,32.5,162.5,12.5,30.0,6.605
7027,2343,1,5.5,32.5,162.5,12.5,40.0,7.149
7028,2343,2,5.5,32.5,162.5,12.5,40.0,6.843
7029,2343,3,5.5,32.5,162.5,12.5,40.0,6.714
7030,2344,1,5.5,32.5,162.5,12.5,50.0,7.179
7031,2344,2,5.5,32.5,162.5,12.5,50.0,6.987
7032,2344,3,5.5,32.5,162.5,12.5,50.0,7.508
7033,2345,1,5.5,32.5,162.5,12.5,60.0,6.959
7034,2345,2,5.5,32.5,162.5,12.5,60.0,6.824
7035,2345,3,5.5,32.5,162.5,12.5,60.0,6.809
7036,2346,1,5.5,32.5,162.5,15.0,20.0,4.698
7037,2346,2,5.5,32.5,162.5,15.0,20.0,5.193
7038,2346,3,5.5,32.5,162.5,15.0,20.0,4.808
7039,2347,1,5.5,32.5,162.5,15.0,30.0,6.295
7040,2347,2,5.5,32.5,162.5,15.0,30.0,5.625
7041,2347,3,5.5,32.5,162.5,15.0,30.0,6.023
7042,2348,1,5.5,32.5,162.5,15.0,40.0,6.91
7043,2348,2,5.5,32.5,162.5,15.0,40.0,5.985
7044,2348,3,5.5,32.5,162.5,15.0,40.0,7.153
7045,2349,1,5.5,32.5,162.5,15.0,50.0,6.718
7046,2349,2,5.5,32.5,162.5,15.0,50.0,6.877
7047,2349,3,5.5,32.5,162.5,15.0,50.0,6.998
7048,2350,1,5.5,32.5,162.5,15.0,60.0,6.941
7049,2350,2,5.5,32.5,162.5,15.0,60.0,6.814
7050,2350,3,5.5,32.5,162.5,15.0,60.0,7.017
7051,2351,1,5.5,32.5,200.0,5.0,20.0,3.508
7052,2351,2,5.5,32.5,200.0,5.0,20.0,3.856
7053,2351,3,5.5,32.5,200.0,5.0,20.0,3.509
7054,2352,1,5.5,32.5,200.0,5.0,30.0,4.938
7055,2352,2,5.5,32.5,200.0,5.0,30.0,4.64
7056,2352,3,5.5,32.5,200.0,5.0,30.0,3.882
7057,2353,1,5.5,32.5,200.0,5.0,40.0,5.794
7058,2353,2,5.5,32.5,200.0,5.0,40.0,4.902
7059,2353,3,5.5,32.5,200.0,5.0,40.0,5.481
7060,2354,1,5.5,32.5,200.0,5.0,50.0,5.395
7061,2354,2,5.5,32.5,200.0,5.0,50.0,5.685
7062,2354,3,5.5,32.5,200.0,5.0,50.0,5.195
7063,2355,1,5.5,32.5,200.0,5.0,60.0,5.538
7064,2355,2,5.5,32.5,200.0,5.0,60.0,5.292
7065,2355,3,5.5,32.5,200.0,5.0,60.0,5.805
7066,2356,1,5.5,32.5,200.0,7.5,20.0,4.185
7067,2356,2,5.5,32.5,200.0,7.5,20.0,4.325
7068,2356,3,5.5,32.5,200.0,7.5,20.0,3.457
7069,2357,1,5.5,32.5,200.0,7.5,30.0,5.064
7070,2357,2,5.5,32.5,200.0,7.5,30.0,5.202
7071,2357,3,5.5,32.5,200.0,7.5,30.0,5.15
7072,2358,1,5.5,32.5,200.0,7.5,40.0,6.032
7073,2358,2,5.5,32.5,200.0,7.5,40.0,5.66
7074,2358,3,5.5,32.5,200.0,7.5,40.0,5.776
7075,2359,1,5.5,32.5,200.0,7.5,50.0,6.418
7076,2359,2,5.5,32.5,200.0,7.5,50.0,5.449
7077,2359,3,5.5,32.5,200.0,7.5,50.0,6.253
7078,2360,1,5.5,32.5,200.0,7.5,60.0,5.969
7079,2360,2,5.5,32.5,200.0,7.5,60.0,5.807
7080,2360,3,5.5,32.5,200.0,7.5,60.0,6.157
7081,2361,1,5.5,32.5,200.0,10.0,20.0,4.806
7082,2361,2,5.5,32.5,200.0,10.0,20.0,4.753
7083,2361,3,5.5,32.5,200.0,10.0,20.0,4.425
7084,2362,1,5.5,32.5,200.0,10.0,30.0,5.733
7085,2362,2,5.5,32.5,200.0,10.0,30.0,5.731
7086,2362,3,5.5,32.5,200.0,10.0,30.0,5.463
7087,2363,1,5.5,32.5,200.0,10.0,40.0,5.968
7088,2363,2,5.5,32.5,200.0,10.0,40.0,5.985
7089,2363,3,5.5,32.5,200.0,10.0,40.0,6.397
7090,2364,1,5.5,32.5,200.0,10.0,50.0,6.476
7091,2364,2,5.5,32.5,200.0,10.0,50.0,6.195
7092,2364,3,5.5,32.5,200.0,10.0,50.0,6.016
7093,2365,1,5.5,32.5,200.0,10.0,60.0,6.695
7094,2365,2,5.5,32.5,200.0,10.0,60.0,6.309
7095,2365,3,5.5,32.5,200.0,10.0,60.0,6.555
7096,2366,1,5.5,32.5,200.0,12.5,20.0,4.91
7097,2366,2,5.5,32.5,200.0,12.5,20.0,4.196
7098,2366,3,5.5,32.5,200.0,12.5,20.0,4.55
7099,2367,1,5.5,32.5,200.0,12.5,30.0,5.54
7100,2367,2,5.5,32.5,200.0,12.5,30.0,5.694
7101,2367,3,5.5,32.5,200.0,12.5,30.0,5.934
7102,2368,1,5.5,32.5,200.0,12.5,40.0,5.89
7103,2368,2,5.5,32.5,200.0,12.5,40.0,6.422
7104,2368,3,5.5,32.5,200.0,12.5,40.0,6.551
7105,2369,1,5.5,32.5,200.0,12.5,50.0,6.535
7106,2369,2,5.5,32.5,200.0,12.5,50.0,6.549
7107,2369,3,5.5,32.5,200.0,12.5,50.0,6.705
7108,2370,1,5.5,32.5,200.0,12.5,60.0,6.659
7109,2370,2,5.5,32.5,200.0,12.5,60.0,6.726
7110,2370,3,5.5,32.5,200.0,12.5,60.0,6.72
7111,2371,1,5.5,32.5,200.0,15.0,20.0,4.088
7112,2371,2,5.5,32.5,200.0,15.0,20.0,4.64
7113,2371,3,5.5,32.5,200.0,15.0,20.0,4.689
7114,2372,1,5.5,32.5,200.0,15.0,30.0,5.44
7115,2372,2,5.5,32.5,200.0,15.0,30.0,4.969
7116,2372,3,5.5,32.5,200.0,15.0,30.0,5.355
7117,2373,1,5.5,32.5,200.0,15.0,40.0,6.117
7118,2373,2,5.5,32.5,200.0,15.0,40.0,5.742
7119,2373,3,5.5,32.5,200.0,15.0,40.0,5.962
7120,2374,1,5.5,32.5,200.0,15.0,50.0,5.993
7121,2374,2,5.5,32.5,200.0,15.0,50.0,6.558
7122,2374,3,5.5,32.5,200.0,15.0,50.0,6.434
7123,2375,1,5.5,32.5,200.0,15.0,60.0,5.902
7124,2375,2,5.5,32.5,200.0,15.0,60.0,6.461
7125,2375,3,5.5,32.5,200.0,15.0,60.0,6.347
7126,2376,1,5.5,35.0,50.0,5.0,20.0,3.695
7127,2376,2,5.5,35.0,50.0,5.0,20.0,3.44
7128,2376,3,5.5,35.0,50.0,5.0,20.0,3.326
7129,2377,1,5.5,35.0,50.0,5.0,30.0,4.059
7130,2377,2,5.5,35.0,50.0,5.0,30.0,4.124
7131,2377,3,5.5,35.0,50.0,5.0,30.0,4.28
7132,2378,1,5.5,35.0,50.0,5.0,40.0,4.691
7133,2378,2,5.5,35.0,50.0,5.0,40.0,4.597
7134,2378,3,5.5,35.0,50.0,5.0,40.0,4.531
7135,2379,1,5.5,35.0,50.0,5.0,50.0,4.577
7136,2379,2,5.5,35.0,50.0,5.0,50.0,5.377
7137,2379,3,5.5,35.0,50.0,5.0,50.0,4.459
7138,2380,1,5.5,35.0,50.0,5.0,60.0,4.194
7139,2380,2,5.5,35.0,50.0,5.0,60.0,5.272
7140,2380,3,5.5,35.0,50.0,5.0,60.0,4.468
7141,2381,1,5.5,35.0,50.0,7.5,20.0,3.864
7142,2381,2,5.5,35.0,50.0,7.5,20.0,4.486
7143,2381,3,5.5,35.0,50.0,7.5,20.0,3.995
7144,2382,1,5.5,35.0,50.0,7.5,30.0,5.23
7145,2382,2,5.5,35.0,50.0,7.5,30.0,4.916
7146,2382,3,5.5,35.0,50.0,7.5,30.0,4.852
7147,2383,1,5.5,35.0,50.0,7.5,40.0,5.801
7148,2383,2,5.5,35.0,50.0,7.5,40.0,5.509
7149,2383,3,5.5,35.0,50.0,7.5,40.0,5.622
7150,2384,1,5.5,35.0,50.0,7.5,50.0,5.497
7151,2384,2,5.5,35.0,50.0,7.5,50.0,5.251
7152,2384,3,5.5,35.0,50.0,7.5,50.0,5.546
7153,2385,1,5.5,35.0,50.0,7.5,60.0,5.389
7154,2385,2,5.5,35.0,50.0,7.5,60.0,5.088
7155,2385,3,5.5,35.0,50.0,7.5,60.0,5.554
7156,2386,1,5.5,35.0,50.0,10.0,20.0,4.888
7157,2386,2,5.5,35.0,50.0,10.0,20.0,4.709
7158,2386,3,5.5,35.0,50.0,10.0,20.0,4.72
7159,2387,1,5.5,35.0,50.0,10.0,30.0,5.413
7160,2387,2,5.5,35.0,50.0,10.0,30.0,5.025
7161,2387,3,5.5,35.0,50.0,10.0,30.0,5.35
7162,2388,1,5.5,35.0,50.0,10.0,40.0,5.812
7163,2388,2,5.5,35.0,50.0,10.0,40.0,5.633
7164,2388,3,5.5,35.0,50.0,10.0,40.0,5.845
7165,2389,1,5.5,35.0,50.0,10.0,50.0,5.781
7166,2389,2,5.5,35.0,50.0,10.0,50.0,5.992
7167,2389,3,5.5,35.0,50.0,10.0,50.0,5.961
7168,2390,1,5.5,35.0,50.0,10.0,60.0,5.497
7169,2390,2,5.5,35.0,50.0,10.0,60.0,5.067
7170,2390,3,5.5,35.0,50.0,10.0,60.0,5.951
7171,2391,1,5.5,35.0,50.0,12.5,20.0,4.71
7172,2391,2,5.5,35.0,50.0,12.5,20.0,4.727
7173,2391,3,5.5,35.0,50.0,12.5,20.0,4.654
7174,2392,1,5.5,35.0,50.0,12.5,30.0,5.338
7175,2392,2,5.5,35.0,50.0,12.5,30.0,5.907
7176,2392,3,5.5,35.0,50.0,12.5,30.0,5.863
7177,2393,1,5.5,35.0,50.0,12.5,40.0,5.974
7178,2393,2,5.5,35.0,50.0,12.5,40.0,5.82
7179,2393,3,5.5,35.0,50.0,12.5,40.0,6.023
7180,2394,1,5.5,35.0,50.0,12.5,50.0,5.896
7181,2394,2,5.5,35.0,50.0,12.5,50.0,5.822
7182,2394,3,5.5,35.0,50.0,12.5,50.0,5.97
7183,2395,1,5.5,35.0,50.0,12.5,60.0,5.426
7184,2395,2,5.5,35.0,50.0,12.5,60.0,5.621
7185,2395,3,5.5,35.0,50.0,12.5,60.0,5.607
7186,2396,1,5.5,35.0,50.0,15.0,20.0,4.719
7187,2396,2,5.5,35.0,50.0,15.0,20.0,4.377
7188,2396,3,5.5,35.0,50.0,15.0,20.0,4.749
7189,2397,1,5.5,35.0,50.0,15.0,30.0,5.021
7190,2397,2,5.5,35.0,50.0,15.0,30.0,5.115
7191,2397,3,5.5,35.0,50.0,15.0,30.0,5.127
7192,2398,1,5.5,35.0,50.0,15.0,40.0,5.35
7193,2398,2,5.5,35.0,50.0,15.0,40.0,5.934
7194,2398,3,5.5,35.0,50.0,15.0,40.0,5.379
7195,2399,1,5.5,35.0,50.0,15.0,50.0,5.479
7196,2399,2,5.5,35.0,50.0,15.0,50.0,6.027
7197,2399,3,5.5,35.0,50.0,15.0,50.0,5.515
7198,2400,1,5.5,35.0,50.0,15.0,60.0,5.297
7199,2400,2,5.5,35.0,50.0,15.0,60.0,5.067
7200,2400,3,5.5,35.0,50.0,15.0,60.0,5.583
7201,2401,1,5.5,35.0,87.5,5.0,20.0,3.862
7202,2401,2,5.5,35.0,87.5,5.0,20.0,3.832
7203,2401,3,5.5,35.0,87.5,5.0,20.0,3.776
7204,2402,1,5.5,35.0,87.5,5.0,30.0,4.446
7205,2402,2,5.5,35.0,87.5,5.0,30.0,4.278
7206,2402,3,5.5,35.0,87.5,5.0,30.0,4.197
7207,2403,1,5.5,35.0,87.5,5.0,40.0,5.236
7208,2403,2,5.5,35.0,87.5,5.0,40.0,5.089
7209,2403,3,5.5,35.0,87.5,5.0,40.0,4.681
7210,2404,1,5.5,35.0,87.5,5.0,50.0,4.986
7211,2404,2,5.5,35.0,87.5,5.0,50.0,4.891
7212,2404,3,5.5,35.0,87.5,5.0,50.0,4.659
7213,2405,1,5.5,35.0,87.5,5.0,60.0,4.775
7214,2405,2,5.5,35.0,87.5,5.0,60.0,4.609
7215,2405,3,5.5,35.0,87.5,5.0,60.0,4.458
7216,2406,1,5.5,35.0,87.5,7.5,20.0,3.911
7217,2406,2,5.5,35.0,87.5,7.5,20.0,3.887
7218,2406,3,5.5,35.0,87.5,7.5,20.0,4.221
7219,2407,1,5.5,35.0,87.5,7.5,30.0,5.101
7220,2407,2,5.5,35.0,87.5,7.5,30.0,4.88
7221,2407,3,5.5,35.0,87.5,7.5,30.0,5.307
7222,2408,1,5.5,35.0,87.5,7.5,40.0,5.557
7223,2408,2,5.5,35.0,87.5,7.5,40.0,5.737
7224,2408,3,5.5,35.0,87.5,7.5,40.0,5.524
7225,2409,1,5.5,35.0,87.5,7.5,50.0,5.455
7226,2409,2,5.5,35.0,87.5,7.5,50.0,5.707
7227,2409,3,5.5,35.0,87.5,7.5,50.0,5.321
7228,2410,1,5.5,35.0,87.5,7.5,60.0,5.576
7229,2410,2,5.5,35.0,87.5,7.5,60.0,5.163
7230,2410,3,5.5,35.0,87.5,7.5,60.0,5.682
7231,2411,1,5.5,35.0,87.5,10.0,20.0,4.63
7232,2411,2,5.5,35.0,87.5,10.0,20.0,5.023
7233,2411,3,5.5,35.0,87.5,10.0,20.0,4.411
7234,2412,1,5.5,35.0,87.5,10.0,30.0,5.335
7235,2412,2,5.5,35.0,87.5,10.0,30.0,5.632
7236,2412,3,5.5,35.0,87.5,10.0,30.0,5.853
7237,2413,1,5.5,35.0,87.5,10.0,40.0,6.442
7238,2413,2,5.5,35.0,87.5,10.0,40.0,5.987
7239,2413,3,5.5,35.0,87.5,10.0,40.0,6.49
7240,2414,1,5.5,35.0,87.5,10.0,50.0,5.994
7241,2414,2,5.5,35.0,87.5,10.0,50.0,6.383
7242,2414,3,5.5,35.0,87.5,10.0,50.0,5.811
7243,2415,1,5.5,35.0,87.5,10.0,60.0,5.943
7244,2415,2,5.5,35.0,87.5,10.0,60.0,5.169
7245,2415,3,5.5,35.0,87.5,10.0,60.0,5.511
7246,2416,1,5.5,35.0,87.5,12.5,20.0,4.956
7247,2416,2,5.5,35.0,87.5,12.5,20.0,4.458
7248,2416,3,5.5,35.0,87.5,12.5,20.0,4.945
7249,2417,1,5.5,35.0,87.5,12.5,30.0,5.879
7250,2417,2,5.5,35.0,87.5,12.5,30.0,5.485
7251,2417,3,5.5,35.0,87.5,12.5,30.0,5.354
7252,2418,1,5.5,35.0,87.5,12.5,40.0,5.942
7253,2418,2,5.5,35.0,87.5,12.5,40.0,5.805
7254,2418,3,5.5,35.0,87.5,12.5,40.0,6.047
7255,2419,1,5.5,35.0,87.5,12.5,50.0,6.204
7256,2419,2,5.5,35.0,87.5,12.5,50.0,6.089
7257,2419,3,5.5,35.0,87.5,12.5,50.0,6.644
7258,2420,1,5.5,35.0,87.5,12.5,60.0,5.724
7259,2420,2,5.5,35.0,87.5,12.5,60.0,6.315
7260,2420,3,5.5,35.0,87.5,12.5,60.0,5.633
7261,2421,1,5.5,35.0,87.5,15.0,20.0,4.645
7262,2421,2,5.5,35.0,87.5,15.0,20.0,4.956
7263,2421,3,5.5,35.0,87.5,15.0,20.0,4.942
7264,2422,1,5.5,35.0,87.5,15.0,30.0,5.307
7265,2422,2,5.5,35.0,87.5,15.0,30.0,5.58
7266,2422,3,5.5,35.0,87.5,15.0,30.0,5.543
7267,2423,1,5.5,35.0,87.5,15.0,40.0,5.724
7268,2423,2,5.5,35.0,87.5,15.0,40.0,6.047
7269,2423,3,5.5,35.0,87.5,15.0,40.0,6.396
7270,2424,1,5.5,35.0,87.5,15.0,50.0,6.107
7271,2424,2,5.5,35.0,87.5,15.0,50.0,6.134
7272,2424,3,5.5,35.0,87.5,15.0,50.0,6.163
7273,2425,1,5.5,35.0,87.5,15.0,60.0,5.316
7274,2425,2,5.5,35.0,87.5,15.0,60.0,5.854
7275,2425,3,5.5,35.0,87.5,15.0,60.0,5.44
7276,2426,1,5.5,35.0,125.0,5.0,20.0,3.285
7277,2426,2,5.5,35.0,125.0,5.0,20.0,4.055
7278,2426,3,5.5,35.0,125.0,5.0,20.0,3.379
7279,2427,1,5.5,35.0,125.0,5.0,30.0,4.118
7280,2427,2,5.5,35.0,125.0,5.0,30.0,4.648
7281,2427,3,5.5,35.0,125.0,5.0,30.0,4.06
7282,2428,1,5.5,35.0,125.0,5.0,40.0,4.725
7283,2428,2,5.5,35.0,125.0,5.0,40.0,5.2
7284,2428,3,5.5,35.0,125.0,5.0,40.0,4.862
7285,2429,1,5.5,35.0,125.0,5.0,50.0,4.588
7286,2429,2,5.5,35.0,125.0,5.0,50.0,5.177
7287,2429,3,5.5,35.0,125.0,5.0,50.0,4.914
7288,2430,1,5.5,35.0,125.0,5.0,60.0,5.281
7289,2430,2,5.5,35.0,125.0,5.0,60.0,4.68
7290,2430,3,5.5,35.0,125.0,5.0,60.0,5.144
7291,2431,1,5.5,35.0,125.0,7.5,20.0,4.647
7292,2431,2,5.5,35.0,125.0,7.5,20.0,3.912
7293,2431,3,5.5,35.0,125.0,7.5,20.0,4.096
7294,2432,1,5.5,35.0,125.0,7.5,30.0,5.134
7295,2432,2,5.5,35.0,125.0,7.5,30.0,4.785
7296,2432,3,5.5,35.0,125.0,7.5,30.0,5.101
7297,2433,1,5.5,35.0,125.0,7.5,40.0,5.487
7298,2433,2,5.5,35.0,125.0,7.5,40.0,5.481
7299,2433,3,5.5,35.0,125.0,7.5,40.0,5.564
7300,2434,1,5.5,35.0,125.0,7.5,50.0,5.745
7301,2434,2,5.5,35.0,125.0,7.5,50.0,5.771
7302,2434,3,5.5,35.0,125.0,7.5,50.0,5.557
7303,2435,1,5.5,35.0,125.0,7.5,60.0,5.395
7304,2435,2,5.5,35.0,125.0,7.5,60.0,5.517
7305,2435,3,5.5,35.0,125.0,7.5,60.0,5.537
7306,2436,1,5.5,35.0,125.0,10.0,20.0,4.427
7307,2436,2,5.5,35.0,125.0,10.0,20.0,4.641
7308,2436,3,5.5,35.0,125.0,10.0,20.0,4.042
7309,2437,1,5.5,35.0,125.0,10.0,30.0,5.22
7310,2437,2,5.5,35.0,125.0,10.0,30.0,5.347
7311,2437,3,5.5,35.0,125.0,10.0,30.0,5.185
7312,2438,1,5.5,35.0,125.0,10.0,40.0,6.406
7313,2438,2,5.5,35.0,125.0,10.0,40.0,5.955
7314,2438,3,5.5,35.0,125.0,10.0,40.0,5.999
7315,2439,1,5.5,35.0,125.0,10.0,50.0,5.99
7316,2439,2,5.5,35.0,125.0,10.0,50.0,6.121
7317,2439,3,5.5,35.0,125.0,10.0,50.0,5.785
7318,2440,1,5.5,35.0,125.0,10.0,60.0,5.902
7319,2440,2,5.5,35.0,125.0,10.0,60.0,5.688
7320,2440,3,5.5,35.0,125.0,10.0,60.0,5.872
7321,2441,1,5.5,35.0,125.0,12.5,20.0,3.933
7322,2441,2,5.5,35.0,125.0,12.5,20.0,4.334
7323,2441,3,5.5,35.0,125.0,12.5,20.0,5.06
7324,2442,1,5.5,35.0,125.0,12.5,30.0,5.758
7325,2442,2,5.5,35.0,125.0,12.5,30.0,5.894
7326,2442,3,5.5,35.0,125.0,12.5,30.0,5.914
7327,2443,1,5.5,35.0,125.0,12.5,40.0,6.238
7328,2443,2,5.5,35.0,125.0,12.5,40.0,5.923
7329,2443,3,5.5,35.0,125.0,12.5,40.0,5.76
7330,2444,1,5.5,35.0,125.0,12.5,50.0,6.546
7331,2444,2,5.5,35.0,125.0,12.5,50.0,6.243
7332,2444,3,5.5,35.0,125.0,12.5,50.0,6.923
7333,2445,1,5.5,35.0,125.0,12.5,60.0,5.948
7334,2445,2,5.5,35.0,125.0,12.5,60.0,6.602
7335,2445,3,5.5,35.0,125.0,12.5,60.0,6.006
7336,2446,1,5.5,35.0,125.0,15.0,20.0,4.824
7337,2446,2,5.5,35.0,125.0,15.0,20.0,4.925
7338,2446,3,5.5,35.0,125.0,15.0,20.0,4.164
7339,2447,1,5.5,35.0,125.0,15.0,30.0,5.189
7340,2447,2,5.5,35.0,125.0,15.0,30.0,5.036
7341,2447,3,5.5,35.0,125.0,15.0,30.0,4.981
7342,2448,1,5.5,35.0,125.0,15.0,40.0,6.037
7343,2448,2,5.5,35.0,125.0,15.0,40.0,5.795
7344,2448,3,5.5,35.0,125.0,15.0,40.0,5.865
7345,2449,1,5.5,35.0,125.0,15.0,50.0,6.181
7346,2449,2,5.5,35.0,125.0,15.0,50.0,5.505
7347,2449,3,5.5,35.0,125.0,15.0,50.0,6.385
7348,2450,1,5.5,35.0,125.0,15.0,60.0,5.752
7349,2450,2,5.5,35.0,125.0,15.0,60.0,5.999
7350,2450,3,5.5,35.0,125.0,15.0,60.0,6.024
7351,2451,1,5.5,35.0,162.5,5.0,20.0,3.409
7352,2451,2,5.5,35.0,162.5,5.0,20.0,2.996
7353,2451,3,5.5,35.0,162.5,5.0,20.0,2.43
7354,2452,1,5.5,35.0,162.5,5.0,30.0,3.991
7355,2452,2,5.5,35.0,162.5,5.0,30.0,4.031
7356,2452,3,5.5,35.0,162.5,5.0,30.0,3.685
7357,2453,1,5.5,35.0,162.5,5.0,40.0,4.616
7358,2453,2,5.5,35.0,162.5,5.0,40.0,4.474
7359,2453,3,5.5,35.0,162.5,5.0,40.0,4.199
7360,2454,1,5.5,35.0,162.5,5.0,50.0,5.013
7361,2454,2,5.5,35.0,162.5,5.0,50.0,4.667
7362,2454,3,5.5,35.0,162.5,5.0,50.0,4.711
7363,2455,1,5.5,35.0,162.5,5.0,60.0,4.595
7364,2455,2,5.5,35.0,162.5,5.0,60.0,5.071
7365,2455,3,5.5,35.0,162.5,5.0,60.0,4.714
7366,2456,1,5.5,35.0,162.5,7.5,20.0,3.747
7367,2456,2,5.5,35.0,162.5,7.5,20.0,3.602
7368,2456,3,5.5,35.0,162.5,7.5,20.0,3.855
7369,2457,1,5.5,35.0,162.5,7.5,30.0,5.053
7370,2457,2,5.5,35.0,162.5,7.5,30.0,4.856
7371,2457,3,5.5,35.0,162.5,7.5,30.0,4.867
7372,2458,1,5.5,35.0,162.5,7.5,40.0,5.445
7373,2458,2,5.5,35.0,162.5,7.5,40.0,4.889
7374,2458,3,5.5,35.0,162.5,7.5,40.0,5.03
7375,2459,1,5.5,35.0,162.5,7.5,50.0,5.468
7376,2459,2,5.5,35.0,162.5,7.5,50.0,5.322
7377,2459,3,5.5,35.0,162.5,7.5,50.0,5.227
7378,2460,1,5.5,35.0,162.5,7.5,60.0,4.901
7379,2460,2,5.5,35.0,162.5,7.5,60.0,5.048
7380,2460,3,5.5,35.0,162.5,7.5,60.0,5.353
7381,2461,1,5.5,35.0,162.5,10.0,20.0,4.106
7382,2461,2,5.5,35.0,162.5,10.0,20.0,3.903
7383,2461,3,5.5,35.0,162.5,10.0,20.0,4.147
7384,2462,1,5.5,35.0,162.5,10.0,30.0,4.954
7385,2462,2,5.5,35.0,162.5,10.0,30.0,5.38
7386,2462,3,5.5,35.0,162.5,10.0,30.0,5.03
7387,2463,1,5.5,35.0,162.5,10.0,40.0,5.87
7388,2463,2,5.5,35.0,162.5,10.0,40.0,5.732
7389,2463,3,5.5,35.0,162.5,10.0,40.0,5.282
7390,2464,1,5.5,35.0,162.5,10.0,50.0,5.9
7391,2464,2,5.5,35.0,162.5,10.0,50.0,5.579
7392,2464,3,5.5,35.0,162.5,10.0,50.0,5.895
7393,2465,1,5.5,35.0,162.5,10.0,60.0,5.616
7394,2465,2,5.5,35.0,162.5,10.0,60.0,5.932
7395,2465,3,5.5,35.0,162.5,10.0,60.0,5.449
7396,2466,1,5.5,35.0,162.5,12.5,20.0,4.229
7397,2466,2,5.5,35.0,162.5,12.5,20.0,4.385
7398,2466,3,5.5,35.0,162.5,12.5,20.0,4.479
7399,2467,1,5.5,35.0,162.5,12.5,30.0,4.961
7400,2467,2,5.5,35.0,162.5,12.5,30.0,5.18
7401,2467,3,5.5,35.0,162.5,12.5,30.0,5.227
7402,2468,1,5.5,35.0,162.5,12.5,40.0,6.208
7403,2468,2,5.5,35.0,162.5,12.5,40.0,5.36
7404,2468,3,5.5,35.0,162.5,12.5,40.0,5.52
7405,2469,1,5.5,35.0,162.5,12.5,50.0,6.81
7406,2469,2,5.5,35.0,162.5,12.5,50.0,5.949
7407,2469,3,5.5,35.0,162.5,12.5,50.0,5.496
7408,2470,1,5.5,35.0,162.5,12.5,60.0,5.762
7409,2470,2,5.5,35.0,162.5,12.5,60.0,5.15
7410,2470,3,5.5,35.0,162.5,12.5,60.0,5.992
7411,2471,1,5.5,35.0,162.5,15.0,20.0,4.252
7412,2471,2,5.5,35.0,162.5,15.0,20.0,3.77
7413,2471,3,5.5,35.0,162.5,15.0,20.0,3.893
7414,2472,1,5.5,35.0,162.5,15.0,30.0,5.234
7415,2472,2,5.5,35.0,162.5,15.0,30.0,4.485
7416,2472,3,5.5,35.0,162.5,15.0,30.0,4.605
7417,2473,1,5.5,35.0,162.5,15.0,40.0,5.511
7418,2473,2,5.5,35.0,162.5,15.0,40.0,5.364
7419,2473,3,5.5,35.0,162.5,15.0,40.0,5.493
7420,2474,1,5.5,35.0,162.5,15.0,50.0,5.471
7421,2474,2,5.5,35.0,162.5,15.0,50.0,5.885
7422,2474,3,5.5,35.0,162.5,15.0,50.0,5.783
7423,2475,1,5.5,35.0,162.5,15.0,60.0,5.879
7424,2475,2,5.5,35.0,162.5,15.0,60.0,5.781
7425,2475,3,5.5,35.0,162.5,15.0,60.0,5.783
7426,2476,1,5.5,35.0,200.0,5.0,20.0,1.945
7427,2476,2,5.5,35.0,200.0,5.0,20.0,2.488
7428,2476,3,5.5,35.0,200.0,5.0,20.0,2.257
7429,2477,1,5.5,35.0,200.0,5.0,30.0,3.328
7430,2477,2,5.5,35.0,200.0,5.0,30.0,3.669
7431,2477,3,5.5,35.0,200.0,5.0,30.0,3.174
7432,2478,1,5.5,35.0,200.0,5.0,40.0,4.428
7433,2478,2,5.5,35.0,200.0,5.0,40.0,4.454
7434,2478,3,5.5,35.0,200.0,5.0,40.0,4.261
7435,2479,1,5.5,35.0,200.0,5.0,50.0,4.1
7436,2479,2,5.5,35.0,200.0,5.0,50.0,3.763
7437,2479,3,5.5,35.0,200.0,5.0,50.0,4.677
7438,2480,1,5.5,35.0,200.0,5.0,60.0,4.381
7439,2480,2,5.5,35.0,200.0,5.0,60.0,4.141
7440,2480,3,5.5,35.0,200.0,5.0,60.0,4.679
7441,2481,1,5.5,35.0,200.0,7.5,20.0,2.809
7442,2481,2,5.5,35.0,200.0,7.5,20.0,2.931
7443,2481,3,5.5,35.0,200.0,7.5,20.0,3.197
7444,2482,1,5.5,35.0,200.0,7.5,30.0,3.763
7445,2482,2,5.5,35.0,200.0,7.5,30.0,4.044
7446,2482,3,5.5,35.0,200.0,7.5,30.0,4.38
7447,2483,1,5.5,35.0,200.0,7.5,40.0,4.809
7448,2483,2,5.5,35.0,200.0,7.5,40.0,5.099
7449,2483,3,5.5,35.0,200.0,7.5,40.0,5.067
7450,2484,1,5.5,35.0,200.0,7.5,50.0,5.077
7451,2484,2,5.5,35.0,200.0,7.5,50.0,4.421
7452,2484,3,5.5,35.0,200.0,7.5,50.0,4.765
7453,2485,1,5.5,35.0,200.0,7.5,60.0,5.264
7454,2485,2,5.5,35.0,200.0,7.5,60.0,4.616
7455,2485,3,5.5,35.0,200.0,7.5,60.0,4.959
7456,2486,1,5.5,35.0,200.0,10.0,20.0,3.545
7457,2486,2,5.5,35.0,200.0,10.0,20.0,3.861
7458,2486,3,5.5,35.0,200.0,10.0,20.0,3.289
7459,2487,1,5.5,35.0,200.0,10.0,30.0,4.295
7460,2487,2,5.5,35.0,200.0,10.0,30.0,4.46
7461,2487,3,5.5,35.0,200.0,10.0,30.0,4.573
7462,2488,1,5.5,35.0,200.0,10.0,40.0,5.107
7463,2488,2,5.5,35.0,200.0,10.0,40.0,5.444
7464,2488,3,5.5,35.0,200.0,10.0,40.0,4.926
7465,2489,1,5.5,35.0,200.0,10.0,50.0,5.509
7466,2489,2,5.5,35.0,200.0,10.0,50.0,5.6
7467,2489,3,5.5,35.0,200.0,10.0,50.0,5.363
7468,2490,1,5.5,35.0,200.0,10.0,60.0,5.685
7469,2490,2,5.5,35.0,200.0,10.0,60.0,5.492
7470,2490,3,5.5,35.0,200.0,10.0,60.0,5.671
7471,2491,1,5.5,35.0,200.0,12.5,20.0,3.604
7472,2491,2,5.5,35.0,200.0,12.5,20.0,3.655
7473,2491,3,5.5,35.0,200.0,12.5,20.0,3.373
7474,2492,1,5.5,35.0,200.0,12.5,30.0,4.398
7475,2492,2,5.5,35.0,200.0,12.5,30.0,4.918
7476,2492,3,5.5,35.0,200.0,12.5,30.0,4.753
7477,2493,1,5.5,35.0,200.0,12.5,40.0,4.964
7478,2493,2,5.5,35.0,200.0,12.5,40.0,5.301
7479,2493,3,5.5,35.0,200.0,12.5,40.0,4.585
7480,2494,1,5.5,35.0,200.0,12.5,50.0,5.414
7481,2494,2,5.5,35.0,200.0,12.5,50.0,5.844
7482,2494,3,5.5,35.0,200.0,12.5,50.0,5.54
7483,2495,1,5.5,35.0,200.0,12.5,60.0,5.583
7484,2495,2,5.5,35.0,200.0,12.5,60.0,4.705
7485,2495,3,5.5,35.0,200.0,12.5,60.0,5.44
7486,2496,1,5.5,35.0,200.0,15.0,20.0,3.445
7487,2496,2,5.5,35.0,200.0,15.0,20.0,3.48
7488,2496,3,5.5,35.0,200.0,15.0,20.0,3.619
7489,2497,1,5.5,35.0,200.0,15.0,30.0,4.316
7490,2497,2,5.5,35.0,200.0,15.0,30.0,4.329
7491,2497,3,5.5,35.0,200.0,15.0,30.0,4.002
7492,2498,1,5.5,35.0,200.0,15.0,40.0,4.993
7493,2498,2,5.5,35.0,200.0,15.0,40.0,4.697
7494,2498,3,5.5,35.0,200.0,15.0,40.0,4.533
7495,2499,1,5.5,35.0,200.0,15.0,50.0,5.071
7496,2499,2,5.5,35.0,200.0,15.0,50.0,5.797
7497,2499,3,5.5,35.0,200.0,15.0,50.0,5.299
7498,2500,1,5.5,35.0,200.0,15.0,60.0,5.412
7499,2500,2,5.5,35.0,200.0,15.0,60.0,5.206
7500,2500,3,5.5,35.0,200.0,15.0,60.0,4.849
7501,2501,1,6.0,25.0,50.0,5.0,20.0,5.412
7502,2501,2,6.0,25.0,50.0,5.0,20.0,4.542
7503,2501,3,6.0,25.0,50.0,5.0,20.0,4.995
7504,2502,1,6.0,25.0,50.0,5.0,30.0,5.86
7505,2502,2,6.0,25.0,50.0,5.0,30.0,5.94
7506,2502,3,6.0,25.0,50.0,5.0,30.0,5.672
7507,2503,1,6.0,25.0,50.0,5.0,40.0,5.735
7508,2503,2,6.0,25.0,50.0,5.0,40.0,6.026
7509,2503,3,6.0,25.0,50.0,5.0,40.0,6.04
7510,2504,1,6.0,25.0,50.0,5.0,50.0,6.059
7511,2504,2,6.0,25.0,50.0,5.0,50.0,6.547
7512,2504,3,6.0,25.0,50.0,5.0,50.0,5.935
7513,2505,1,6.0,25.0,50.0,5.0,60.0,6.034
7514,2505,2,6.0,25.0,50.0,5.0,60.0,5.994
7515,2505,3,6.0,25.0,50.0,5.0,60.0,6.219
7516,2506,1,6.0,25.0,50.0,7.5,20.0,5.813
7517,2506,2,6.0,25.0,50.0,7.5,20.0,6.072
7518,2506,3,6.0,25.0,50.0,7.5,20.0,5.802
7519,2507,1,6.0,25.0,50.0,7.5,30.0,6.697
7520,2507,2,6.0,25.0,50.0,7.5,30.0,6.154
7521,2507,3,6.0,25.0,50.0,7.5,30.0,5.836
7522,2508,1,6.0,25.0,50.0,7.5,40.0,7.056
7523,2508,2,6.0,25.0,50.0,7.5,40.0,7.071
7524,2508,3,6.0,25.0,50.0,7.5,40.0,7.083
7525,2509,1,6.0,25.0,50.0,7.5,50.0,6.828
7526,2509,2,6.0,25.0,50.0,7.5,50.0,7.392
7527,2509,3,6.0,25.0,50.0,7.5,50.0,6.846
7528,2510,1,6.0,25.0,50.0,7.5,60.0,6.768
7529,2510,2,6.0,25.0,50.0,7.5,60.0,6.816
7530,2510,3,6.0,25.0,50.0,7.5,60.0,7.131
7531,2511,1,6.0,25.0,50.0,10.0,20.0,6.161
7532,2511,2,6.0,25.0,50.0,10.0,20.0,6.067
7533,2511,3,6.0,25.0,50.0,10.0,20.0,5.831
7534,2512,1,6.0,25.0,50.0,10.0,30.0,7.41
7535,2512,2,6.0,25.0,50.0,10.0,30.0,7.093
7536,2512,3,6.0,25.0,50.0,10.0,30.0,7.102
7537,2513,1,6.0,25.0,50.0,10.0,40.0,8.223
7538,2513,2,6.0,25.0,50.0,10.0,40.0,7.441
7539,2513,3,6.0,25.0,50.0,10.0,40.0,6.985
7540,2514,1,6.0,25.0,50.0,10.0,50.0,7.32
7541,2514,2,6.0,25.0,50.0,10.0,50.0,7.102
7542,2514,3,6.0,25.0,50.0,10.0,50.0,7.264
7543,2515,1,6.0,25.0,50.0,10.0,60.0,6.937
7544,2515,2,6.0,25.0,50.0,10.0,60.0,6.886
7545,2515,3,6.0,25.0,50.0,10.0,60.0,6.66
7546,2516,1,6.0,25.0,50.0,12.5,20.0,6.796
7547,2516,2,6.0,25.0,50.0,12.5,20.0,6.434
7548,2516,3,6.0,25.0,50.0,12.5,20.0,6.287
7549,2517,1,6.0,25.0,50.0,12.5,30.0,7.287
7550,2517,2,6.0,25.0,50.0,12.5,30.0,7.207
7551,2517,3,6.0,25.0,50.0,12.5,30.0,7.152
7552,2518,1,6.0,25.0,50.0,12.5,40.0,7.642
7553,2518,2,6.0,25.0,50.0,12.5,40.0,7.488
7554,2518,3,6.0,25.0,50.0,12.5,40.0,7.638
7555,2519,1,6.0,25.0,50.0,12.5,50.0,7.686
7556,2519,2,6.0,25.0,50.0,12.5,50.0,7.521
7557,2519,3,6.0,25.0,50.0,12.5,50.0,7.413
7558,2520,1,6.0,25.0,50.0,12.5,60.0,7.579
7559,2520,2,6.0,25.0,50.0,12.5,60.0,7.016
7560,2520,3,6.0,25.0,50.0,12.5,60.0,7.26
7561,2521,1,6.0,25.0,50.0,15.0,20.0,6.266
7562,2521,2,6.0,25.0,50.0,15.0,20.0,5.979
7563,2521,3,6.0,25.0,50.0,15.0,20.0,5.924
7564,2522,1,6.0,25.0,50.0,15.0,30.0,6.776
7565,2522,2,6.0,25.0,50.0,15.0,30.0,6.737
7566,2522,3,6.0,25.0,50.0,15.0,30.0,6.467
7567,2523,1,6.0,25.0,50.0,15.0,40.0,7.068
7568,2523,2,6.0,25.0,50.0,15.0,40.0,7.325
7569,2523,3,6.0,25.0,50.0,15.0,40.0,7.604
7570,2524,1,6.0,25.0,50.0,15.0,50.0,7.43
7571,2524,2,6.0,25.0,50.0,15.0,50.0,6.547
7572,2524,3,6.0,25.0,50.0,15.0,50.0,7.455
7573,2525,1,6.0,25.0,50.0,15.0,60.0,6.794
7574,2525,2,6.0,25.0,50.0,15.0,60.0,7.077
7575,2525,3,6.0,25.0,50.0,15.0,60.0,6.946
7576,2526,1,6.0,25.0,87.5,5.0,20.0,5.171
7577,2526,2,6.0,25.0,87.5,5.0,20.0,5.196
7578,2526,3,6.0,25.0,87.5,5.0,20.0,5.219
7579,2527,1,6.0,25.0,87.5,5.0,30.0,6.401
7580,2527,2,6.0,25.0,87.5,5.0,30.0,6.019
7581,2527,3,6.0,25.0,87.5,5.0,30.0,6.329
7582,2528,1,6.0,25.0,87.5,5.0,40.0,6.738
7583,2528,2,6.0,25.0,87.5,5.0,40.0,6.662
7584,2528,3,6.0,25.0,87.5,5.0,40.0,5.975
7585,2529,1,6.0,25.0,87.5,5.0,50.0,6.888
7586,2529,2,6.0,25.0,87.5,5.0,50.0,6.447
7587,2529,3,6.0,25.0,87.5,5.0,50.0,6.775
7588,2530,1,6.0,25.0,87.5,5.0,60.0,6.053
7589,2530,2,6.0,25.0,87.5,5.0,60.0,5.993
7590,2530,3,6.0,25.0,87.5,5.0,60.0,6.878
7591,2531,1,6.0,25.0,87.5,7.5,20.0,5.657
7592,2531,2,6.0,25.0,87.5,7.5,20.0,6.246
7593,2531,3,6.0,25.0,87.5,7.5,20.0,5.958
7594,2532,1,6.0,25.0,87.5,7.5,30.0,6.607
7595,2532,2,6.0,25.0,87.5,7.5,30.0,6.712
7596,2532,3,6.0,25.0,87.5,7.5,30.0,6.361
7597,2533,1,6.0,25.0,87.5,7.5,40.0,7.171
7598,2533,2,6.0,25.0,87.5,7.5,40.0,6.872
7599,2533,3,6.0,25.0,87.5,7.5,40.0,7.064
7600,2534,1,6.0,25.0,87.5,7.5,50.0,7.534
7601,2534,2,6.0,25.0,87.5,7.5,50.0,7.346
7602,2534,3,6.0,25.0,87.5,7.5,50.0,6.86
7603,2535,1,6.0,25.0,87.5,7.5,60.0,7.263
7604,2535,2,6.0,25.0,87.5,7.5,60.0,7.023
7605,2535,3,6.0,25.0,87.5,7.5,60.0,6.873
7606,2536,1,6.0,25.0,87.5,10.0,20.0,6.534
7607,2536,2,6.0,25.0,87.5,10.0,20.0,6.278
7608,2536,3,6.0,25.0,87.5,10.0,20.0,5.999
7609,2537,1,6.0,25.0,87.5,10.0,30.0,7.642
7610,2537,2,6.0,25.0,87.5,10.0,30.0,7.12
7611,2537,3,6.0,25.0,87.5,10.0,30.0,7.102
7612,2538,1,6.0,25.0,87.5,10.0,40.0,7.462
7613,2538,2,6.0,25.0,87.5,10.0,40.0,7.905
7614,2538,3,6.0,25.0,87.5,10.0,40.0,7.428
7615,2539,1,6.0,25.0,87.5,10.0,50.0,7.242
7616,2539,2,6.0,25.0,87.5,10.0,50.0,7.485
7617,2539,3,6.0,25.0,87.5,10.0,50.0,8.046
7618,2540,1,6.0,25.0,87.5,10.0,60.0,7.658
7619,2540,2,6.0,25.0,87.5,10.0,60.0,7.354
7620,2540,3,6.0,25.0,87.5,10.0,60.0,7.81
7621,2541,1,6.0,25.0,87.5,12.5,20.0,6.634
7622,2541,2,6.0,25.0,87.5,12.5,20.0,6.35
7623,2541,3,6.0,25.0,87.5,12.5,20.0,6.379
7624,2542,1,6.0,25.0,87.5,12.5,30.0,7.317
7625,2542,2,6.0,25.0,87.5,12.5,30.0,6.992
7626,2542,3,6.0,25.0,87.5,12.5,30.0,7.226
7627,2543,1,6.0,25.0,87.5,12.5,40.0,7.761
7628,2543,2,6.0,25.0,87.5,12.5,40.0,7.203
7629,2543,3,6.0,25.0,87.5,12.5,40.0,7.622
7630,2544,1,6.0,25.0,87.5,12.5,50.0,7.69
7631,2544,2,6.0,25.0,87.5,12.5,50.0,8.063
7632,2544,3,6.0,25.0,87.5,12.5,50.0,7.259
7633,2545,1,6.0,25.0,87.5,12.5,60.0,7.418
7634,2545,2,6.0,25.0,87.5,12.5,60.0,7.39
7635,2545,3,6.0,25.0,87.5,12.5,60.0,7.794
7636,2546,1,6.0,25.0,87.5,15.0,20.0,6.213
7637,2546,2,6.0,25.0,87.5,15.0,20.0,6.728
7638,2546,3,6.0,25.0,87.5,15.0,20.0,6.41
7639,2547,1,6.0,25.0,87.5,15.0,30.0,6.91
7640,2547,2,6.0,25.0,87.5,15.0,30.0,7.092
7641,2547,3,6.0,25.0,87.5,15.0,30.0,6.926
7642,2548,1,6.0,25.0,87.5,15.0,40.0,7.716
7643,2548,2,6.0,25.0,87.5,15.0,40.0,7.102
7644,2548,3,6.0,25.0,87.5,15.0,40.0,7.244
7645,2549,1,6.0,25.0,87.5,15.0,50.0,7.703
7646,2549,2,6.0,25.0,87.5,15.0,50.0,7.918
7647,2549,3,6.0,25.0,87.5,15.0,50.0,6.958
7648,2550,1,6.0,25.0,87.5,15.0,60.0,7.71
7649,2550,2,6.0,25.0,87.5,15.0,60.0,7.286
7650,2550,3,6.0,25.0,87.5,15.0,60.0,6.798
7651,2551,1,6.0,25.0,125.0,5.0,20.0,4.21
7652,2551,2,6.0,25.0,125.0,5.0,20.0,4.622
7653,2551,3,6.0,25.0,125.0,5.0,20.0,5.044
7654,2552,1,6.0,25.0,125.0,5.0,30.0,5.907
7655,2552,2,6.0,25.0,125.0,5.0,30.0,6.102
7656,2552,3,6.0,25.0,125.0,5.0,30.0,5.771
7657,2553,1,6.0,25.0,125.0,5.0,40.0,6.14
7658,2553,2,6.0,25.0,125.0,5.0,40.0,6.334
7659,2553,3,6.0,25.0,125.0,5.0,40.0,6.459
7660,2554,1,6.0,25.0,125.0,5.0,50.0,6.69
7661,2554,2,6.0,25.0,125.0,5.0,50.0,6.404
7662,2554,3,6.0,25.0,125.0,5.0,50.0,6.877
7663,2555,1,6.0,25.0,125.0,5.0,60.0,6.276
7664,2555,2,6.0,25.0,125.0,5.0,60.0,6.206
7665,2555,3,6.0,25.0,125.0,5.0,60.0,6.298
7666,2556,1,6.0,25.0,125.0,7.5,20.0,6.051
7667,2556,2,6.0,25.0,125.0,7.5,20.0,5.713
7668,2556,3,6.0,25.0,125.0,7.5,20.0,5.556
7669,2557,1,6.0,25.0,125.0,7.5,30.0,6.884
7670,2557,2,6.0,25.0,125.0,7.5,30.0,7.225
7671,2557,3,6.0,25.0,125.0,7.5,30.0,6.684
7672,2558,1,6.0,25.0,125.0,7.5,40.0,7.495
7673,2558,2,6.0,25.0,125.0,7.5,40.0,7.44
7674,2558,3,6.0,25.0,125.0,7.5,40.0,6.98
7675,2559,1,6.0,25.0,125.0,7.5,50.0,7.332
7676,2559,2,6.0,25.0,125.0,7.5,50.0,6.966
7677,2559,3,6.0,25.0,125.0,7.5,50.0,7.268
7678,2560,1,6.0,25.0,125.0,7.5,60.0,6.975
7679,2560,2,6.0,25.0,125.0,7.5,60.0,7.037
7680,2560,3,6.0,25.0,125.0,7.5,60.0,6.94
7681,2561,1,6.0,25.0,125.0,10.0,20.0,6.07
7682,2561,2,6.0,25.0,125.0,10.0,20.0,6.299
7683,2561,3,6.0,25.0,125.0,10.0,20.0,6.117
7684,2562,1,6.0,25.0,125.0,10.0,30.0,6.503
7685,2562,2,6.0,25.0,125.0,10.0,30.0,6.816
7686,2562,3,6.0,25.0,125.0,10.0,30.0,6.6
7687,2563,1,6.0,25.0,125.0,10.0,40.0,7.618
7688,2563,2,6.0,25.0,125.0,10.0,40.0,7.691
7689,2563,3,6.0,25.0,125.0,10.0,40.0,7.622
7690,2564,1,6.0,25.0,125.0,10.0,50.0,7.505
7691,2564,2,6.0,25.0,125.0,10.0,50.0,7.794
7692,2564,3,6.0,25.0,125.0,10.0,50.0,7.593
7693,2565,1,6.0,25.0,125.0,10.0,60.0,7.231
7694,2565,2,6.0,25.0,125.0,10.0,60.0,7.758
7695,2565,3,6.0,25.0,125.0,10.0,60.0,7.779
7696,2566,1,6.0,25.0,125.0,12.5,20.0,6.516
7697,2566,2,6.0,25.0,125.0,12.5,20.0,6.08
7698,2566,3,6.0,25.0,125.0,12.5,20.0,6.58
7699,2567,1,6.0,25.0,125.0,12.5,30.0,6.987
7700,2567,2,6.0,25.0,125.0,12.5,30.0,7.308
7701,2567,3,6.0,25.0,125.0,12.5,30.0,6.982
7702,2568,1,6.0,25.0,125.0,12.5,40.0,7.587
7703,2568,2,6.0,25.0,125.0,12.5,40.0,6.972
7704,2568,3,6.0,25.0,125.0,12.5,40.0,7.565
7705,2569,1,6.0,25.0,125.0,12.5,50.0,7.851
7706,2569,2,6.0,25.0,125.0,12.5,50.0,7.71
7707,2569,3,6.0,25.0,125.0,12.5,50.0,8.317
7708,2570,1,6.0,25.0,125.0,12.5,60.0,7.325
7709,2570,2,6.0,25.0,125.0,12.5,60.0,7.492
7710,2570,3,6.0,25.0,125.0,12.5,60.0,7.397
7711,2571,1,6.0,25.0,125.0,15.0,20.0,5.892
7712,2571,2,6.0,25.0,125.0,15.0,20.0,6.339
7713,2571,3,6.0,25.0,125.0,15.0,20.0,6.464
7714,2572,1,6.0,25.0,125.0,15.0,30.0,6.729
7715,2572,2,6.0,25.0,125.0,15.0,30.0,6.723
7716,2572,3,6.0,25.0,125.0,15.0,30.0,6.601
7717,2573,1,6.0,25.0,125.0,15.0,40.0,7.816
7718,2573,2,6.0,25.0,125.0,15.0,40.0,7.764
7719,2573,3,6.0,25.0,125.0,15.0,40.0,7.42
7720,2574,1,6.0,25.0,125.0,15.0,50.0,7.234
7721,2574,2,6.0,25.0,125.0,15.0,50.0,7.259
7722,2574,3,6.0,25.0,125.0,15.0,50.0,7.673
7723,2575,1,6.0,25.0,125.0,15.0,60.0,7.604
7724,2575,2,6.0,25.0,125.0,15.0,60.0,6.871
7725,2575,3,6.0,25.0,125.0,15.0,60.0,7.36
7726,2576,1,6.0,25.0,162.5,5.0,20.0,5.078
7727,2576,2,6.0,25.0,162.5,5.0,20.0,4.564
7728,2576,3,6.0,25.0,162.5,5.0,20.0,5.042
7729,2577,1,6.0,25.0,162.5,5.0,30.0,5.757
7730,2577,2,6.0,25.0,162.5,5.0,30.0,5.271
7731,2577,3,6.0,25.0,162.5,5.0,30.0,5.493
7732,2578,1,6.0,25.0,162.5,5.0,40.0,6.139
7733,2578,2,6.0,25.0,162.5,5.0,40.0,5.908
7734,2578,3,6.0,25.0,162.5,5.0,40.0,5.903
7735,2579,1,6.0,25.0,162.5,5.0,50.0,6.847
7736,2579,2,6.0,25.0,162.5,5.0,50.0,6.151
7737,2579,3,6.0,25.0,162.5,5.0,50.0,6.727
7738,2580,1,6.0,25.0,162.5,5.0,60.0,6.203
7739,2580,2,6.0,25.0,162.5,5.0,60.0,6.318
7740,2580,3,6.0,25.0,162.5,5.0,60.0,6.482
7741,2581,1,6.0,25.0,162.5,7.5,20.0,5.157
7742,2581,2,6.0,25.0,162.5,7.5,20.0,5.484
7743,2581,3,6.0,25.0,162.5,7.5,20.0,4.752
7744,2582,1,6.0,25.0,162.5,7.5,30.0,6.398
7745,2582,2,6.0,25.0,162.5,7.5,30.0,5.584
7746,2582,3,6.0,25.0,162.5,7.5,30.0,6.211
7747,2583,1,6.0,25.0,162.5,7.5,40.0,7.114
7748,2583,2,6.0,25.0,162.5,7.5,40.0,7.049
7749,2583,3,6.0,25.0,162.5,7.5,40.0,6.511
7750,2584,1,6.0,25.0,162.5,7.5,50.0,6.797
7751,2584,2,6.0,25.0,162.5,7.5,50.0,6.932
7752,2584,3,6.0,25.0,162.5,7.5,50.0,7.177
7753,2585,1,6.0,25.0,162.5,7.5,60.0,6.456
7754,2585,2,6.0,25.0,162.5,7.5,60.0,7.021
7755,2585,3,6.0,25.0,162.5,7.5,60.0,7.112
7756,2586,1,6.0,25.0,162.5,10.0,20.0,5.646
7757,2586,2,6.0,25.0,162.5,10.0,20.0,5.872
7758,2586,3,6.0,25.0,162.5,10.0,20.0,5.788
7759,2587,1,6.0,25.0,162.5,10.0,30.0,6.523
7760,2587,2,6.0,25.0,162.5,10.0,30.0,6.133
7761,2587,3,6.0,25.0,162.5,10.0,30.0,6.712
7762,2588,1,6.0,25.0,162.5,10.0,40.0,7.008
7763,2588,2,6.0,25.0,162.5,10.0,40.0,7.113
7764,2588,3,6.0,25.0,162.5,10.0,40.0,7.409
7765,2589,1,6.0,25.0,162.5,10.0,50.0,7.922
7766,2589,2,6.0,25.0,162.5,10.0,50.0,7.514
7767,2589,3,6.0,25.0,162.5,10.0,50.0,7.68
7768,2590,1,6.0,25.0,162.5,10.0,60.0,7.021
7769,2590,2,6.0,25.0,162.5,10.0,60.0,7.494
7770,2590,3,6.0,25.0,162.5,10.0,60.0,7.408
7771,2591,1,6.0,25.0,162.5,12.5,20.0,6.169
7772,2591,2,6.0,25.0,162.5,12.5,20.0,5.674
7773,2591,3,6.0,25.0,162.5,12.5,20.0,5.757
7774,2592,1,6.0,25.0,162.5,12.5,30.0,7.071
7775,2592,2,6.0,25.0,162.5,12.5,30.0,6.749
7776,2592,3,6.0,25.0,162.5,12.5,30.0,6.465
7777,2593,1,6.0,25.0,162.5,12.5,40.0,8.089
7778,2593,2,6.0,25.0,162.5,12.5,40.0,7.073
7779,2593,3,6.0,25.0,162.5,12.5,40.0,7.357
7780,2594,1,6.0,25.0,162.5,12.5,50.0,7.722
7781,2594,2,6.0,25.0,162.5,12.5,50.0,7.7
7782,2594,3,6.0,25.0,162.5,12.5,50.0,7.572
7783,2595,1,6.0,25.0,162.5,12.5,60.0,7.473
7784,2595,2,6.0,25.0,162.5,12.5,60.0,7.459
7785,2595,3,6.0,25.0,162.5,12.5,60.0,7.213
7786,2596,1,6.0,25.0,162.5,15.0,20.0,6.227
7787,2596,2,6.0,25.0,162.5,15.0,20.0,5.563
7788,2596,3,6.0,25.0,162.5,15.0,20.0,5.792
7789,2597,1,6.0,25.0,162.5,15.0,30.0,6.481
7790,2597,2,6.0,25.0,162.5,15.0,30.0,6.476
7791,2597,3,6.0,25.0,162.5,15.0,30.0,6.447
7792,2598,1,6.0,25.0,162.5,15.0,40.0,6.741
7793,2598,2,6.0,25.0,162.5,15.0,40.0,7.13
7794,2598,3,6.0,25.0,162.5,15.0,40.0,7.061
7795,2599,1,6.0,25.0,162.5,15.0,50.0,7.753
7796,2599,2,6.0,25.0,162.5,15.0,50.0,7.09
7797,2599,3,6.0,25.0,162.5,15.0,50.0,7.263
7798,2600,1,6.0,25.0,162.5,15.0,60.0,7.073
7799,2600,2,6.0,25.0,162.5,15.0,60.0,7.729
7800,2600,3,6.0,25.0,162.5,15.0,60.0,7.082
7801,2601,1,6.0,25.0,200.0,5.0,20.0,4.107
7802,2601,2,6.0,25.0,200.0,5.0,20.0,4.222
7803,2601,3,6.0,25.0,200.0,5.0,20.0,3.909
7804,2602,1,6.0,25.0,200.0,5.0,30.0,4.589
7805,2602,2,6.0,25.0,200.0,5.0,30.0,4.593
7806,2602,3,6.0,25.0,200.0,5.0,30.0,5.216
7807,2603,1,6.0,25.0,200.0,5.0,40.0,5.297
7808,2603,2,6.0,25.0,200.0,5.0,40.0,5.76
7809,2603,3,6.0,25.0,200.0,5.0,40.0,5.682
7810,2604,1,6.0,25.0,200.0,5.0,50.0,6.081
7811,2604,2,6.0,25.0,200.0,5.0,50.0,6.107
7812,2604,3,6.0,25.0,200.0,5.0,50.0,5.714
7813,2605,1,6.0,25.0,200.0,5.0,60.0,5.677
7814,2605,2,6.0,25.0,200.0,5.0,60.0,6.15
7815,2605,3,6.0,25.0,200.0,5.0,60.0,5.774
7816,2606,1,6.0,25.0,200.0,7.5,20.0,3.88
7817,2606,2,6.0,25.0,200.0,7.5,20.0,4.832
7818,2606,3,6.0,25.0,200.0,7.5,20.0,4.36
7819,2607,1,6.0,25.0,200.0,7.5,30.0,5.806
7820,2607,2,6.0,25.0,200.0,7.5,30.0,6.065
7821,2607,3,6.0,25.0,200.0,7.5,30.0,5.68
7822,2608,1,6.0,25.0,200.0,7.5,40.0,6.629
7823,2608,2,6.0,25.0,200.0,7.5,40.0,6.393
7824,2608,3,6.0,25.0,200.0,7.5,40.0,6.794
7825,2609,1,6.0,25.0,200.0,7.5,50.0,6.378
7826,2609,2,6.0,25.0,200.0,7.5,50.0,6.673
7827,2609,3,6.0,25.0,200.0,7.5,50.0,6.863
7828,2610,1,6.0,25.0,200.0,7.5,60.0,6.597
7829,2610,2,6.0,25.0,200.0,7.5,60.0,6.973
7830,2610,3,6.0,25.0,200.0,7.5,60.0,6.529
7831,2611,1,6.0,25.0,200.0,10.0,20.0,5.629
7832,2611,2,6.0,25.0,200.0,10.0,20.0,5.644
7833,2611,3,6.0,25.0,200.0,10.0,20.0,5.129
7834,2612,1,6.0,25.0,200.0,10.0,30.0,6.23
7835,2612,2,6.0,25.0,200.0,10.0,30.0,6.409
7836,2612,3,6.0,25.0,200.0,10.0,30.0,5.743
7837,2613,1,6.0,25.0,200.0,10.0,40.0,6.383
7838,2613,2,6.0,25.0,200.0,10.0,40.0,7.102
7839,2613,3,6.0,25.0,200.0,10.0,40.0,6.827
7840,2614,1,6.0,25.0,200.0,10.0,50.0,7.012
7841,2614,2,6.0,25.0,200.0,10.0,50.0,7.078
7842,2614,3,6.0,25.0,200.0,10.0,50.0,6.407
7843,2615,1,6.0,25.0,200.0,10.0,60.0,6.997
7844,2615,2,6.0,25.0,200.0,10.0,60.0,6.839
7845,2615,3,6.0,25.0,200.0,10.0,60.0,7.307
7846,2616,1,6.0,25.0,200.0,12.5,20.0,5.429
7847,2616,2,6.0,25.0,200.0,12.5,20.0,5.311
7848,2616,3,6.0,25.0,200.0,12.5,20.0,5.261
7849,2617,1,6.0,25.0,200.0,12.5,30.0,5.756
7850,2617,2,6.0,25.0,200.0,12.5,30.0,6.34
7851,2617,3,6.0,25.0,200.0,12.5,30.0,6.351
7852,2618,1,6.0,25.0,200.0,12.5,40.0,7.199
7853,2618,2,6.0,25.0,200.0,12.5,40.0,7.443
7854,2618,3,6.0,25.0,200.0,12.5,40.0,6.376
7855,2619,1,6.0,25.0,200.0,12.5,50.0,7.066
7856,2619,2,6.0,25.0,200.0,12.5,50.0,6.967
7857,2619,3,6.0,25.0,200.0,12.5,50.0,7.223
7858,2620,1,6.0,25.0,200.0,12.5,60.0,7.154
7859,2620,2,6.0,25.0,200.0,12.5,60.0,7.084
7860,2620,3,6.0,25.0,200.0,12.5,60.0,7.438
7861,2621,1,6.0,25.0,200.0,15.0,20.0,4.642
7862,2621,2,6.0,25.0,200.0,15.0,20.0,4.658
7863,2621,3,6.0,25.0,200.0,15.0,20.0,4.663
7864,2622,1,6.0,25.0,200.0,15.0,30.0,5.874
7865,2622,2,6.0,25.0,200.0,15.0,30.0,5.631
7866,2622,3,6.0,25.0,200.0,15.0,30.0,5.961
7867,2623,1,6.0,25.0,200.0,15.0,40.0,6.604
7868,2623,2,6.0,25.0,200.0,15.0,40.0,6.43
7869,2623,3,6.0,25.0,200.0,15.0,40.0,6.895
7870,2624,1,6.0,25.0,200.0,15.0,50.0,6.958
7871,2624,2,6.0,25.0,200.0,15.0,50.0,7.273
7872,2624,3,6.0,25.0,200.0,15.0,50.0,6.92
7873,2625,1,6.0,25.0,200.0,15.0,60.0,6.943
7874,2625,2,6.0,25.0,200.0,15.0,60.0,6.792
7875,2625,3,6.0,25.0,200.0,15.0,60.0,6.948
7876,2626,1,6.0,27.5,50.0,5.0,20.0,5.424
7877,2626,2,6.0,27.5,50.0,5.0,20.0,5.11
7878,2626,3,6.0,27.5,50.0,5.0,20.0,5.37
7879,2627,1,6.0,27.5,50.0,5.0,30.0,5.722
7880,2627,2,6.0,27.5,50.0,5.0,30.0,6.163
7881,2627,3,6.0,27.5,50.0,5.0,30.0,5.788
7882,2628,1,6.0,27.5,50.0,5.0,40.0,6.563
7883,2628,2,6.0,27.5,50.0,5.0,40.0,6.342
7884,2628,3,6.0,27.5,50.0,5.0,40.0,6.751
7885,2629,1,6.0,27.5,50.0,5.0,50.0,6.027
7886,2629,2,6.0,27.5,50.0,5.0,50.0,5.937
7887,2629,3,6.0,27.5,50.0,5.0,50.0,6.177
7888,2630,1,6.0,27.5,50.0,5.0,60.0,5.637
7889,2630,2,6.0,27.5,50.0,5.0,60.0,5.638
7890,2630,3,6.0,27.5,50.0,5.0,60.0,6.199
7891,2631,1,6.0,27.5,50.0,7.5,20.0,5.924
7892,2631,2,6.0,27.5,50.0,7.5,20.0,5.791
7893,2631,3,6.0,27.5,50.0,7.5,20.0,5.817
7894,2632,1,6.0,27.5,50.0,7.5,30.0,6.483
7895,2632,2,6.0,27.5,50.0,7.5,30.0,7.112
7896,2632,3,6.0,27.5,50.0,7.5,30.0,6.444
7897,2633,1,6.0,27.5,50.0,7.5,40.0,6.655
7898,2633,2,6.0,27.5,50.0,7.5,40.0,7.248
7899,2633,3,6.0,27.5,50.0,7.5,40.0,6.965
7900,2634,1,6.0,27.5,50.0,7.5,50.0,7.621
7901,2634,2,6.0,27.5,50.0,7.5,50.0,6.903
7902,2634,3,6.0,27.5,50.0,7.5,50.0,7.287
7903,2635,1,6.0,27.5,50.0,7.5,60.0,7.028
7904,2635,2,6.0,27.5,50.0,7.5,60.0,6.579
7905,2635,3,6.0,27.5,50.0,7.5,60.0,6.517
7906,2636,1,6.0,27.5,50.0,10.0,20.0,6.533
7907,2636,2,6.0,27.5,50.0,10.0,20.0,6.486
7908,2636,3,6.0,27.5,50.0,10.0,20.0,5.93
7909,2637,1,6.0,27.5,50.0,10.0,30.0,6.734
7910,2637,2,6.0,27.5,50.0,10.0,30.0,6.34
7911,2637,3,6.0,27.5,50.0,10.0,30.0,7.217
7912,2638,1,6.0,27.5,50.0,10.0,40.0,7.352
7913,2638,2,6.0,27.5,50.0,10.0,40.0,7.38
7914,2638,3,6.0,27.5,50.0,10.0,40.0,6.951
7915,2639,1,6.0,27.5,50.0,10.0,50.0,7.143
7916,2639,2,6.0,27.5,50.0,10.0,50.0,7.316
7917,2639,3,6.0,27.5,50.0,10.0,50.0,7.262
7918,2640,1,6.0,27.5,50.0,10.0,60.0,7.158
7919,2640,2,6.0,27.5,50.0,10.0,60.0,7.288
7920,2640,3,6.0,27.5,50.0,10.0,60.0,7.76
7921,2641,1,6.0,27.5,50.0,12.5,20.0,6.419
7922,2641,2,6.0,27.5,50.0,12.5,20.0,6.737
7923,2641,3,6.0,27.5,50.0,12.5,20.0,6.193
7924,2642,1,6.0,27.5,50.0,12.5,30.0,6.681
7925,2642,2,6.0,27.5,50.0,12.5,30.0,7.051
7926,2642,3,6.0,27.5,50.0,12.5,30.0,6.703
7927,2643,1,6.0,27.5,50.0,12.5,40.0,7.529
7928,2643,2,6.0,27.5,50.0,12.5,40.0,7.306
7929,2643,3,6.0,27.5,50.0,12.5,40.0,6.978
7930,2644,1,6.0,27.5,50.0,12.5,50.0,8.036
7931,2644,2,6.0,27.5,50.0,12.5,50.0,7.399
7932,2644,3,6.0,27.5,50.0,12.5,50.0,7.091
7933,2645,1,6.0,27.5,50.0,12.5,60.0,7.476
7934,2645,2,6.0,27.5,50.0,12.5,60.0,7.021
7935,2645,3,6.0,27.5,50.0,12.5,60.0,7.53
7936,2646,1,6.0,27.5,50.0,15.0,20.0,6.02
7937,2646,2,6.0,27.5,50.0,15.0,20.0,6.074
7938,2646,3,6.0,27.5,50.0,15.0,20.0,6.322
7939,2647,1,6.0,27.5,50.0,15.0,30.0,7.116
7940,2647,2,6.0,27.5,50.0,15.0,30.0,7.165
7941,2647,3,6.0,27.5,50.0,15.0,30.0,6.925
7942,2648,1,6.0,27.5,50.0,15.0,40.0,7.473
7943,2648,2,6.0,27.5,50.0,15.0,40.0,7.534
7944,2648,3,6.0,27.5,50.0,15.0,40.0,7.381
7945,2649,1,6.0,27.5,50.0,15.0,50.0,7.31
7946,2649,2,6.0,27.5,50.0,15.0,50.0,6.945
7947,2649,3,6.0,27.5,50.0,15.0,50.0,7.518
7948,2650,1,6.0,27.5,50.0,15.0,60.0,7.037
7949,2650,2,6.0,27.5,50.0,15.0,60.0,6.909
7950,2650,3,6.0,27.5,50.0,15.0,60.0,7.383
7951,2651,1,6.0,27.5,87.5,5.0,20.0,4.9
7952,2651,2,6.0,27.5,87.5,5.0,20.0,5.76
7953,2651,3,6.0,27.5,87.5,5.0,20.0,5.294
7954,2652,1,6.0,27.5,87.5,5.0,30.0,6.189
7955,2652,2,6.0,27.5,87.5,5.0,30.0,5.989
7956,2652,3,6.0,27.5,87.5,5.0,30.0,5.633
7957,2653,1,6.0,27.5,87.5,5.0,40.0,6.511
7958,2653,2,6.0,27.5,87.5,5.0,40.0,6.644
7959,2653,3,6.0,27.5,87.5,5.0,40.0,6.739
7960,2654,1,6.0,27.5,87.5,5.0,50.0,6.595
7961,2654,2,6.0,27.5,87.5,5.0,50.0,6.036
7962,2654,3,6.0,27.5,87.5,5.0,50.0,6.218
7963,2655,1,6.0,27.5,87.5,5.0,60.0,6.975
7964,2655,2,6.0,27.5,87.5,5.0,60.0,6.094
7965,2655,3,6.0,27.5,87.5,5.0,60.0,6.8
7966,2656,1,6.0,27.5,87.5,7.5,20.0,5.738
7967,2656,2,6.0,27.5,87.5,7.5,20.0,5.949
7968,2656,3,6.0,27.5,87.5,7.5,20.0,6.175
7969,2657,1,6.0,27.5,87.5,7.5,30.0,6.57
7970,2657,2,6.0,27.5,87.5,7.5,30.0,7.246
7971,2657,3,6.0,27.5,87.5,7.5,30.0,6.821
7972,2658,1,6.0,27.5,87.5,7.5,40.0,7.379
7973,2658,2,6.0,27.5,87.5,7.5,40.0,7.175
7974,2658,3,6.0,27.5,87.5,7.5,40.0,7.434
7975,2659,1,6.0,27.5,87.5,7.5,50.0,7.792
7976,2659,2,6.0,27.5,87.5,7.5,50.0,7.313
7977,2659,3,6.0,27.5,87.5,7.5,50.0,7.834
7978,2660,1,6.0,27.5,87.5,7.5,60.0,6.929
7979,2660,2,6.0,27.5,87.5,7.5,60.0,7.314
7980,2660,3,6.0,27.5,87.5,7.5,60.0,7.237
7981,2661,1,6.0,27.5,87.5,10.0,20.0,6.101
7982,2661,2,6.0,27.5,87.5,10.0,20.0,6.46
7983,2661,3,6.0,27.5,87.5,10.0,20.0,6.402
7984,2662,1,6.0,27.5,87.5,10.0,30.0,6.961
7985,2662,2,6.0,27.5,87.5,10.0,30.0,7.3
7986,2662,3,6.0,27.5,87.5,10.0,30.0,7.241
7987,2663,1,6.0,27.5,87.5,10.0,40.0,7.63
7988,2663,2,6.0,27.5,87.5,10.0,40.0,7.631
7989,2663,3,6.0,27.5,87.5,10.0,40.0,7.625
7990,2664,1,6.0,27.5,87.5,10.0,50.0,7.647
7991,2664,2,6.0,27.5,87.5,10.0,50.0,7.789
7992,2664,3,6.0,27.5,87.5,10.0,50.0,7.57
7993,2665,1,6.0,27.5,87.5,10.0,60.0,8.244
7994,2665,2,6.0,27.5,87.5,10.0,60.0,7.105
7995,2665,3,6.0,27.5,87.5,10.0,60.0,7.336
7996,2666,1,6.0,27.5,87.5,12.5,20.0,6.358
7997,2666,2,6.0,27.5,87.5,12.5,20.0,7.071
7998,2666,3,6.0,27.5,87.5,12.5,20.0,6.13
7999,2667,1,6.0,27.5,87.5,12.5,30.0,7.419
8000,2667,2,6.0,27.5,87.5,12.5,30.0,7.37
8001,2667,3,6.0,27.5,87.5,12.5,30.0,7.393
8002,2668,1,6.0,27.5,87.5,12.5,40.0,8.096
8003,2668,2,6.0,27.5,87.5,12.5,40.0,8.09
8004,2668,3,6.0,27.5,87.5,12.5,40.0,7.624
8005,2669,1,6.0,27.5,87.5,12.5,50.0,7.904
8006,2669,2,6.0,27.5,87.5,12.5,50.0,7.328
8007,2669,3,6.0,27.5,87.5,12.5,50.0,7.878
8008,2670,1,6.0,27.5,87.5,12.5,60.0,7.378
8009,2670,2,6.0,27.5,87.5,12.5,60.0,7.548
8010,2670,3,6.0,27.5,87.5,12.5,60.0,7.128
8011,2671,1,6.0,27.5,87.5,15.0,20.0,6.413
8012,2671,2,6.0,27.5,87.5,15.0,20.0,5.825
8013,2671,3,6.0,27.5,87.5,15.0,20.0,6.342
8014,2672,1,6.0,27.5,87.5,15.0,30.0,6.757
8015,2672,2,6.0,27.5,87.5,15.0,30.0,6.862
8016,2672,3,6.0,27.5,87.5,15.0,30.0,7.423
8017,2673,1,6.0,27.5,87.5,15.0,40.0,7.715
8018,2673,2,6.0,27.5,87.5,15.0,40.0,7.872
8019,2673,3,6.0,27.5,87.5,15.0,40.0,7.987
8020,2674,1,6.0,27.5,87.5,15.0,50.0,7.434
8021,2674,2,6.0,27.5,87.5,15.0,50.0,8.07
8022,2674,3,6.0,27.5,87.5,15.0,50.0,7.24
8023,2675,1,6.0,27.5,87.5,15.0,60.0,7.609
8024,2675,2,6.0,27.5,87.5,15.0,60.0,7.262
8025,2675,3,6.0,27.5,87.5,15.0,60.0,7.14
8026,2676,1,6.0,27.5,125.0,5.0,20.0,5.297
8027,2676,2,6.0,27.5,125.0,5.0,20.0,5.39
8028,2676,3,6.0,27.5,125.0,5.0,20.0,5.381
8029,2677,1,6.0,27.5,125.0,5.0,30.0,6.06
8030,2677,2,6.0,27.5,125.0,5.0,30.0,6.037
8031,2677,3,6.0,27.5,125.0,5.0,30.0,6.148
8032,2678,1,6.0,27.5,125.0,5.0,40.0,6.61
8033,2678,2,6.0,27.5,125.0,5.0,40.0,6.677
8034,2678,3,6.0,27.5,125.0,5.0,40.0,6.582
8035,2679,1,6.0,27.5,125.0,5.0,50.0,6.936
8036,2679,2,6.0,27.5,125.0,5.0,50.0,6.244
8037,2679,3,6.0,27.5,125.0,5.0,50.0,6.663
8038,2680,1,6.0,27.5,125.0,5.0,60.0,6.138
8039,2680,2,6.0,27.5,125.0,5.0,60.0,6.602
8040,2680,3,6.0,27.5,125.0,5.0,60.0,6.985
8041,2681,1,6.0,27.5,125.0,7.5,20.0,5.692
8042,2681,2,6.0,27.5,125.0,7.5,20.0,5.861
8043,2681,3,6.0,27.5,125.0,7.5,20.0,6.037
8044,2682,1,6.0,27.5,125.0,7.5,30.0,6.121
8045,2682,2,6.0,27.5,125.0,7.5,30.0,6.554
8046,2682,3,6.0,27.5,125.0,7.5,30.0,6.802
8047,2683,1,6.0,27.5,125.0,7.5,40.0,6.414
8048,2683,2,6.0,27.5,125.0,7.5,40.0,6.951
8049,2683,3,6.0,27.5,125.0,7.5,40.0,7.533
8050,2684,1,6.0,27.5,125.0,7.5,50.0,7.681
8051,2684,2,6.0,27.5,125.0,7.5,50.0,7.505
8052,2684,3,6.0,27.5,125.0,7.5,50.0,7.647
8053,2685,1,6.0,27.5,125.0,7.5,60.0,7.285
8054,2685,2,6.0,27.5,125.0,7.5,60.0,7.381
8055,2685,3,6.0,27.5,125.0,7.5,60.0,7.137
8056,2686,1,6.0,27.5,125.0,10.0,20.0,6.257
8057,2686,2,6.0,27.5,125.0,10.0,20.0,6.048
8058,2686,3,6.0,27.5,125.0,10.0,20.0,6.579
8059,2687,1,6.0,27.5,125.0,10.0,30.0,7.526
8060,2687,2,6.0,27.5,125.0,10.0,30.0,7.486
8061,2687,3,6.0,27.5,125.0,10.0,30.0,6.986
8062,2688,1,6.0,27.5,125.0,10.0,40.0,7.358
8063,2688,2,6.0,27.5,125.0,10.0,40.0,7.983
8064,2688,3,6.0,27.5,125.0,10.0,40.0,7.777
8065,2689,1,6.0,27.5,125.0,10.0,50.0,7.892
8066,2689,2,6.0,27.5,125.0,10.0,50.0,7.623
8067,2689,3,6.0,27.5,125.0,10.0,50.0,7.919
8068,2690,1,6.0,27.5,125.0,10.0,60.0,7.321
8069,2690,2,6.0,27.5,125.0,10.0,60.0,7.803
8070,2690,3,6.0,27.5,125.0,10.0,60.0,8.011
8071,2691,1,6.0,27.5,125.0,12.5,20.0,6.782
8072,2691,2,6.0,27.5,125.0,12.5,20.0,6.523
8073,2691,3,6.0,27.5,125.0,12.5,20.0,5.938
8074,2692,1,6.0,27.5,125.0,12.5,30.0,7.255
8075,2692,2,6.0,27.5,125.0,12.5,30.0,7.799
8076,2692,3,6.0,27.5,125.0,12.5,30.0,6.957
8077,2693,1,6.0,27.5,125.0,12.5,40.0,7.708
8078,2693,2,6.0,27.5,125.0,12.5,40.0,8.121
8079,2693,3,6.0,27.5,125.0,12.5,40.0,7.898
8080,2694,1,6.0,27.5,125.0,12.5,50.0,8.594
8081,2694,2,6.0,27.5,125.0,12.5,50.0,7.695
8082,2694,3,6.0,27.5,125.0,12.5,50.0,7.623
8083,2695,1,6.0,27.5,125.0,12.5,60.0,8.068
8084,2695,2,6.0,27.5,125.0,12.5,60.0,7.39
8085,2695,3,6.0,27.5,125.0,12.5,60.0,7.67
8086,2696,1,6.0,27.5,125.0,15.0,20.0,6.107
8087,2696,2,6.0,27.5,125.0,15.0,20.0,6.415
8088,2696,3,6.0,27.5,125.0,15.0,20.0,6.297
8089,2697,1,6.0,27.5,125.0,15.0,30.0,7.128
8090,2697,2,6.0,27.5,125.0,15.0,30.0,6.887
8091,2697,3,6.0,27.5,125.0,15.0,30.0,7.34
8092,2698,1,6.0,27.5,125.0,15.0,40.0,8.652
8093,2698,2,6.0,27.5,125.0,15.0,40.0,7.719
8094,2698,3,6.0,27.5,125.0,15.0,40.0,7.553
8095,2699,1,6.0,27.5,125.0,15.0,50.0,7.337
8096,2699,2,6.0,27.5,125.0,15.0,50.0,7.522
8097,2699,3,6.0,27.5,125.0,15.0,50.0,7.64
8098,2700,1,6.0,27.5,125.0,15.0,60.0,7.375
8099,2700,2,6.0,27.5,125.0,15.0,60.0,7.52
8100,2700,3,6.0,27.5,125.0,15.0,60.0,8.023
8101,2701,1,6.0,27.5,162.5,5.0,20.0,5.049
8102,2701,2,6.0,27.5,162.5,5.0,20.0,4.656
8103,2701,3,6.0,27.5,162.5,5.0,20.0,4.362
8104,2702,1,6.0,27.5,162.5,5.0,30.0,6.024
8105,2702,2,6.0,27.5,162.5,5.0,30.0,5.636
8106,2702,3,6.0,27.5,162.5,5.0,30.0,5.167
8107,2703,1,6.0,27.5,162.5,5.0,40.0,6.449
8108,2703,2,6.0,27.5,162.5,5.0,40.0,6.537
8109,2703,3,6.0,27.5,162.5,5.0,40.0,5.571
8110,2704,1,6.0,27.5,162.5,5.0,50.0,6.269
8111,2704,2,6.0,27.5,162.5,5.0,50.0,6.469
8112,2704,3,6.0,27.5,162.5,5.0,50.0,6.706
8113,2705,1,6.0,27.5,162.5,5.0,60.0,6.256
8114,2705,2,6.0,27.5,162.5,5.0,60.0,6.167
8115,2705,3,6.0,27.5,162.5,5.0,60.0,6.604
8116,2706,1,6.0,27.5,162.5,7.5,20.0,5.269
8117,2706,2,6.0,27.5,162.5,7.5,20.0,5.552
8118,2706,3,6.0,27.5,162.5,7.5,20.0,5.089
8119,2707,1,6.0,27.5,162.5,7.5,30.0,5.971
8120,2707,2,6.0,27.5,162.5,7.5,30.0,6.561
8121,2707,3,6.0,27.5,162.5,7.5,30.0,6.421
8122,2708,1,6.0,27.5,162.5,7.5,40.0,7.208
8123,2708,2,6.0,27.5,162.5,7.5,40.0,6.801
8124,2708,3,6.0,27.5,162.5,7.5,40.0,6.727
8125,2709,1,6.0,27.5,162.5,7.5,50.0,7.581
8126,2709,2,6.0,27.5,162.5,7.5,50.0,6.774
8127,2709,3,6.0,27.5,162.5,7.5,50.0,7.55
8128,2710,1,6.0,27.5,162.5,7.5,60.0,7.47
8129,2710,2,6.0,27.5,162.5,7.5,60.0,7.341
8130,2710,3,6.0,27.5,162.5,7.5,60.0,6.907
8131,2711,1,6.0,27.5,162.5,10.0,20.0,5.571
8132,2711,2,6.0,27.5,162.5,10.0,20.0,5.741
8133,2711,3,6.0,27.5,162.5,10.0,20.0,5.437
8134,2712,1,6.0,27.5,162.5,10.0,30.0,6.481
8135,2712,2,6.0,27.5,162.5,10.0,30.0,6.931
8136,2712,3,6.0,27.5,162.5,10.0,30.0,6.932
8137,2713,1,6.0,27.5,162.5,10.0,40.0,7.056
8138,2713,2,6.0,27.5,162.5,10.0,40.0,7.539
8139,2713,3,6.0,27.5,162.5,10.0,40.0,7.477
8140,2714,1,6.0,27.5,162.5,10.0,50.0,8.023
8141,2714,2,6.0,27.5,162.5,10.0,50.0,7.759
8142,2714,3,6.0,27.5,162.5,10.0,50.0,7.896
8143,2715,1,6.0,27.5,162.5,10.0,60.0,7.634
8144,2715,2,6.0,27.5,162.5,10.0,60.0,7.774
8145,2715,3,6.0,27.5,162.5,10.0,60.0,7.14
8146,2716,1,6.0,27.5,162.5,12.5,20.0,5.866
8147,2716,2,6.0,27.5,162.5,12.5,20.0,5.889
8148,2716,3,6.0,27.5,162.5,12.5,20.0,5.832
8149,2717,1,6.0,27.5,162.5,12.5,30.0,6.974
8150,2717,2,6.0,27.5,162.5,12.5,30.0,7.028
8151,2717,3,6.0,27.5,162.5,12.5,30.0,6.96
8152,2718,1,6.0,27.5,162.5,12.5,40.0,7.4
8153,2718,2,6.0,27.5,162.5,12.5,40.0,7.244
8154,2718,3,6.0,27.5,162.5,12.5,40.0,7.757
8155,2719,1,6.0,27.5,162.5,12.5,50.0,7.798
8156,2719,2,6.0,27.5,162.5,12.5,50.0,7.415
8157,2719,3,6.0,27.5,162.5,12.5,50.0,7.646
8158,2720,1,6.0,27.5,162.5,12.5,60.0,7.112
8159,2720,2,6.0,27.5,162.5,12.5,60.0,7.61
8160,2720,3,6.0,27.5,162.5,12.5,60.0,7.544
8161,2721,1,6.0,27.5,162.5,15.0,20.0,5.539
8162,2721,2,6.0,27.5,162.5,15.0,20.0,6.144
8163,2721,3,6.0,27.5,162.5,15.0,20.0,5.376
8164,2722,1,6.0,27.5,162.5,15.0,30.0,6.848
8165,2722,2,6.0,27.5,162.5,15.0,30.0,7.262
8166,2722,3,6.0,27.5,162.5,15.0,30.0,6.952
8167,2723,1,6.0,27.5,162.5,15.0,40.0,7.241
8168,2723,2,6.0,27.5,162.5,15.0,40.0,6.932
8169,2723,3,6.0,27.5,162.5,15.0,40.0,6.869
8170,2724,1,6.0,27.5,162.5,15.0,50.0,7.385
8171,2724,2,6.0,27.5,162.5,15.0,50.0,7.308
8172,2724,3,6.0,27.5,162.5,15.0,50.0,7.299
8173,2725,1,6.0,27.5,162.5,15.0,60.0,7.309
8174,2725,2,6.0,27.5,162.5,15.0,60.0,7.371
8175,2725,3,6.0,27.5,162.5,15.0,60.0,7.536
8176,2726,1,6.0,27.5,200.0,5.0,20.0,3.678
8177,2726,2,6.0,27.5,200.0,5.0,20.0,3.834
8178,2726,3,6.0,27.5,200.0,5.0,20.0,3.98
8179,2727,1,6.0,27.5,200.0,5.0,30.0,4.995
8180,2727,2,6.0,27.5,200.0,5.0,30.0,5.564
8181,2727,3,6.0,27.5,200.0,5.0,30.0,5.115
8182,2728,1,6.0,27.5,200.0,5.0,40.0,5.273
8183,2728,2,6.0,27.5,200.0,5.0,40.0,5.842
8184,2728,3,6.0,27.5,200.0,5.0,40.0,5.878
8185,2729,1,6.0,27.5,200.0,5.0,50.0,6.015
8186,2729,2,6.0,27.5,200.0,5.0,50.0,5.71
8187,2729,3,6.0,27.5,200.0,5.0,50.0,6.542
8188,2730,1,6.0,27.5,200.0,5.0,60.0,5.725
8189,2730,2,6.0,27.5,200.0,5.0,60.0,6.21
8190,2730,3,6.0,27.5,200.0,5.0,60.0,6.081
8191,2731,1,6.0,27.5,200.0,7.5,20.0,4.893
8192,2731,2,6.0,27.5,200.0,7.5,20.0,5.203
8193,2731,3,6.0,27.5,200.0,7.5,20.0,4.882
8194,2732,1,6.0,27.5,200.0,7.5,30.0,5.594
8195,2732,2,6.0,27.5,200.0,7.5,30.0,6.06
8196,2732,3,6.0,27.5,200.0,7.5,30.0,5.573
8197,2733,1,6.0,27.5,200.0,7.5,40.0,6.471
8198,2733,2,6.0,27.5,200.0,7.5,40.0,6.063
8199,2733,3,6.0,27.5,200.0,7.5,40.0,6.136
8200,2734,1,6.0,27.5,200.0,7.5,50.0,6.764
8201,2734,2,6.0,27.5,200.0,7.5,50.0,6.853
8202,2734,3,6.0,27.5,200.0,7.5,50.0,6.273
8203,2735,1,6.0,27.5,200.0,7.5,60.0,6.864
8204,2735,2,6.0,27.5,200.0,7.5,60.0,6.496
8205,2735,3,6.0,27.5,200.0,7.5,60.0,7.083
8206,2736,1,6.0,27.5,200.0,10.0,20.0,5.026
8207,2736,2,6.0,27.5,200.0,10.0,20.0,4.81
8208,2736,3,6.0,27.5,200.0,10.0,20.0,5.146
8209,2737,1,6.0,27.5,200.0,10.0,30.0,5.893
8210,2737,2,6.0,27.5,200.0,10.0,30.0,6.505
8211,2737,3,6.0,27.5,200.0,10.0,30.0,6.15
8212,2738,1,6.0,27.5,200.0,10.0,40.0,6.783
8213,2738,2,6.0,27.5,200.0,10.0,40.0,6.991
8214,2738,3,6.0,27.5,200.0,10.0,40.0,6.544
8215,2739,1,6.0,27.5,200.0,10.0,50.0,6.789
8216,2739,2,6.0,27.5,200.0,10.0,50.0,7.264
8217,2739,3,6.0,27.5,200.0,10.0,50.0,6.842
8218,2740,1,6.0,27.5,200.0,10.0,60.0,6.817
8219,2740,2,6.0,27.5,200.0,10.0,60.0,7.359
8220,2740,3,6.0,27.5,200.0,10.0,60.0,7.272
8221,2741,1,6.0,27.5,200.0,12.5,20.0,4.874
8222,2741,2,6.0,27.5,200.0,12.5,20.0,5.052
8223,2741,3,6.0,27.5,200.0,12.5,20.0,4.972
8224,2742,1,6.0,27.5,200.0,12.5,30.0,6.747
8225,2742,2,6.0,27.5,200.0,12.5,30.0,6.504
8226,2742,3,6.0,27.5,200.0,12.5,30.0,6.132
8227,2743,1,6.0,27.5,200.0,12.5,40.0,7.086
8228,2743,2,6.0,27.5,200.0,12.5,40.0,6.545
8229,2743,3,6.0,27.5,200.0,12.5,40.0,6.737
8230,2744,1,6.0,27.5,200.0,12.5,50.0,7.279
8231,2744,2,6.0,27.5,200.0,12.5,50.0,7.377
8232,2744,3,6.0,27.5,200.0,12.5,50.0,7.223
8233,2745,1,6.0,27.5,200.0,12.5,60.0,7.294
8234,2745,2,6.0,27.5,200.0,12.5,60.0,7.247
8235,2745,3,6.0,27.5,200.0,12.5,60.0,7.179
8236,2746,1,6.0,27.5,200.0,15.0,20.0,4.942
8237,2746,2,6.0,27.5,200.0,15.0,20.0,4.906
8238,2746,3,6.0,27.5,200.0,15.0,20.0,5.09
8239,2747,1,6.0,27.5,200.0,15.0,30.0,6.165
8240,2747,2,6.0,27.5,200.0,15.0,30.0,6.106
8241,2747,3,6.0,27.5,200.0,15.0,30.0,5.72
8242,2748,1,6.0,27.5,200.0,15.0,40.0,6.445
8243,2748,2,6.0,27.5,200.0,15.0,40.0,6.837
8244,2748,3,6.0,27.5,200.0,15.0,40.0,7.137
8245,2749,1,6.0,27.5,200.0,15.0,50.0,7.093
8246,2749,2,6.0,27.5,200.0,15.0,50.0,6.935
8247,2749,3,6.0,27.5,200.0,15.0,50.0,7.113
8248,2750,1,6.0,27.5,200.0,15.0,60.0,6.707
8249,2750,2,6.0,27.5,200.0,15.0,60.0,7.392
8250,2750,3,6.0,27.5,200.0,15.0,60.0,7.077
8251,2751,1,6.0,30.0,50.0,5.0,20.0,4.713
8252,2751,2,6.0,30.0,50.0,5.0,20.0,4.853
8253,2751,3,6.0,30.0,50.0,5.0,20.0,4.752
8254,2752,1,6.0,30.0,50.0,5.0,30.0,5.992
8255,2752,2,6.0,30.0,50.0,5.0,30.0,5.568
8256,2752,3,6.0,30.0,50.0,5.0,30.0,5.669
8257,2753,1,6.0,30.0,50.0,5.0,40.0,6.161
8258,2753,2,6.0,30.0,50.0,5.0,40.0,5.793
8259,2753,3,6.0,30.0,50.0,5.0,40.0,6.054
8260,2754,1,6.0,30.0,50.0,5.0,50.0,6.102
8261,2754,2,6.0,30.0,50.0,5.0,50.0,5.59
8262,2754,3,6.0,30.0,50.0,5.0,50.0,6.096
8263,2755,1,6.0,30.0,50.0,5.0,60.0,5.687
8264,2755,2,6.0,30.0,50.0,5.0,60.0,5.736
8265,2755,3,6.0,30.0,50.0,5.0,60.0,5.71
8266,2756,1,6.0,30.0,50.0,7.5,20.0,5.673
8267,2756,2,6.0,30.0,50.0,7.5,20.0,5.974
8268,2756,3,6.0,30.0,50.0,7.5,20.0,5.27
8269,2757,1,6.0,30.0,50.0,7.5,30.0,6.229
8270,2757,2,6.0,30.0,50.0,7.5,30.0,6.512
8271,2757,3,6.0,30.0,50.0,7.5,30.0,6.46
8272,2758,1,6.0,30.0,50.0,7.5,40.0,6.829
8273,2758,2,6.0,30.0,50.0,7.5,40.0,7.471
8274,2758,3,6.0,30.0,50.0,7.5,40.0,6.872
8275,2759,1,6.0,30.0,50.0,7.5,50.0,7.042
8276,2759,2,6.0,30.0,50.0,7.5,50.0,6.639
8277,2759,3,6.0,30.0,50.0,7.5,50.0,6.447
8278,2760,1,6.0,30.0,50.0,7.5,60.0,6.312
8279,2760,2,6.0,30.0,50.0,7.5,60.0,6.599
8280,2760,3,6.0,30.0,50.0,7.5,60.0,6.514
8281,2761,1,6.0,30.0,50.0,10.0,20.0,6.113
8282,2761,2,6.0,30.0,50.0,10.0,20.0,5.94
8283,2761,3,6.0,30.0,50.0,10.0,20.0,5.895
8284,2762,1,6.0,30.0,50.0,10.0,30.0,6.675
8285,2762,2,6.0,30.0,50.0,10.0,30.0,6.928
8286,2762,3,6.0,30.0,50.0,10.0,30.0,6.96
8287,2763,1,6.0,30.0,50.0,10.0,40.0,6.818
8288,2763,2,6.0,30.0,50.0,10.0,40.0,7.313
8289,2763,3,6.0,30.0,50.0,10.0,40.0,6.918
8290,2764,1,6.0,30.0,50.0,10.0,50.0,7.256
8291,2764,2,6.0,30.0,50.0,10.0,50.0,7.071
8292,2764,3,6.0,30.0,50.0,10.0,50.0,7.563
8293,2765,1,6.0,30.0,50.0,10.0,60.0,6.683
8294,2765,2,6.0,30.0,50.0,10.0,60.0,6.85
8295,2765,3,6.0,30.0,50.0,10.0,60.0,6.97
8296,2766,1,6.0,30.0,50.0,12.5,20.0,5.855
8297,2766,2,6.0,30.0,50.0,12.5,20.0,6.08
8298,2766,3,6.0,30.0,50.0,12.5,20.0,6.025
8299,2767,1,6.0,30.0,50.0,12.5,30.0,6.681
8300,2767,2,6.0,30.0,50.0,12.5,30.0,6.702
8301,2767,3,6.0,30.0,50.0,12.5,30.0,7.136
8302,2768,1,6.0,30.0,50.0,12.5,40.0,7.032
8303,2768,2,6.0,30.0,50.0,12.5,40.0,7.359
8304,2768,3,6.0,30.0,50.0,12.5,40.0,7.288
8305,2769,1,6.0,30.0,50.0,12.5,50.0,6.834
8306,2769,2,6.0,30.0,50.0,12.5,50.0,7.37
8307,2769,3,6.0,30.0,50.0,12.5,50.0,6.829
8308,2770,1,6.0,30.0,50.0,12.5,60.0,7.076
8309,2770,2,6.0,30.0,50.0,12.5,60.0,6.758
8310,2770,3,6.0,30.0,50.0,12.5,60.0,6.902
8311,2771,1,6.0,30.0,50.0,15.0,20.0,5.538
8312,2771,2,6.0,30.0,50.0,15.0,20.0,5.934
8313,2771,3,6.0,30.0,50.0,15.0,20.0,6.16
8314,2772,1,6.0,30.0,50.0,15.0,30.0,6.399
8315,2772,2,6.0,30.0,50.0,15.0,30.0,6.455
8316,2772,3,6.0,30.0,50.0,15.0,30.0,6.752
8317,2773,1,6.0,30.0,50.0,15.0,40.0,7.134
8318,2773,2,6.0,30.0,50.0,15.0,40.0,6.318
8319,2773,3,6.0,30.0,50.0,15.0,40.0,7.564
8320,2774,1,6.0,30.0,50.0,15.0,50.0,7.173
8321,2774,2,6.0,30.0,50.0,15.0,50.0,7.22
8322,2774,3,6.0,30.0,50.0,15.0,50.0,6.985
8323,2775,1,6.0,30.0,50.0,15.0,60.0,6.181
8324,2775,2,6.0,30.0,50.0,15.0,60.0,6.889
8325,2775,3,6.0,30.0,50.0,15.0,60.0,6.542
8326,2776,1,6.0,30.0,87.5,5.0,20.0,5.127
8327,2776,2,6.0,30.0,87.5,5.0,20.0,4.914
8328,2776,3,6.0,30.0,87.5,5.0,20.0,5.042
8329,2777,1,6.0,30.0,87.5,5.0,30.0,5.558
8330,2777,2,6.0,30.0,87.5,5.0,30.0,6.017
8331,2777,3,6.0,30.0,87.5,5.0,30.0,5.442
8332,2778,1,6.0,30.0,87.5,5.0,40.0,6.854
8333,2778,2,6.0,30.0,87.5,5.0,40.0,6.852
8334,2778,3,6.0,30.0,87.5,5.0,40.0,6.682
8335,2779,1,6.0,30.0,87.5,5.0,50.0,6.682
8336,2779,2,6.0,30.0,87.5,5.0,50.0,6.301
8337,2779,3,6.0,30.0,87.5,5.0,50.0,6.652
8338,2780,1,6.0,30.0,87.5,5.0,60.0,6.048
8339,2780,2,6.0,30.0,87.5,5.0,60.0,5.64
8340,2780,3,6.0,30.0,87.5,5.0,60.0,6.496
8341,2781,1,6.0,30.0,87.5,7.5,20.0,5.991
8342,2781,2,6.0,30.0,87.5,7.5,20.0,5.666
8343,2781,3,6.0,30.0,87.5,7.5,20.0,5.332
8344,2782,1,6.0,30.0,87.5,7.5,30.0,6.311
8345,2782,2,6.0,30.0,87.5,7.5,30.0,5.965
8346,2782,3,6.0,30.0,87.5,7.5,30.0,6.74
8347,2783,1,6.0,30.0,87.5,7.5,40.0,6.476
8348,2783,2,6.0,30.0,87.5,7.5,40.0,7.005
8349,2783,3,6.0,30.0,87.5,7.5,40.0,6.689
8350,2784,1,6.0,30.0,87.5,7.5,50.0,6.626
8351,2784,2,6.0,30.0,87.5,7.5,50.0,7.092
8352,2784,3,6.0,30.0,87.5,7.5,50.0,6.932
8353,2785,1,6.0,30.0,87.5,7.5,60.0,7.01
8354,2785,2,6.0,30.0,87.5,7.5,60.0,6.42
8355,2785,3,6.0,30.0,87.5,7.5,60.0,6.563
8356,2786,1,6.0,30.0,87.5,10.0,20.0,5.406
8357,2786,2,6.0,30.0,87.5,10.0,20.0,5.463
8358,2786,3,6.0,30.0,87.5,10.0,20.0,6.578
8359,2787,1,6.0,30.0,87.5,10.0,30.0,7.458
8360,2787,2,6.0,30.0,87.5,10.0,30.0,6.901
8361,2787,3,6.0,30.0,87.5,10.0,30.0,6.644
8362,2788,1,6.0,30.0,87.5,10.0,40.0,7.241
8363,2788,2,6.0,30.0,87.5,10.0,40.0,7.57
8364,2788,3,6.0,30.0,87.5,10.0,40.0,7.181
8365,2789,1,6.0,30.0,87.5,10.0,50.0,7.492
8366,2789,2,6.0,30.0,87.5,10.0,50.0,7.421
8367,2789,3,6.0,30.0,87.5,10.0,50.0,7.266
8368,2790,1,6.0,30.0,87.5,10.0,60.0,7.028
8369,2790,2,6.0,30.0,87.5,10.0,60.0,7.257
8370,2790,3,6.0,30.0,87.5,10.0,60.0,6.901
8371,2791,1,6.0,30.0,87.5,12.5,20.0,6.301
8372,2791,2,6.0,30.0,87.5,12.5,20.0,6.043
8373,2791,3,6.0,30.0,87.5,12.5,20.0,6.211
8374,2792,1,6.0,30.0,87.5,12.5,30.0,7.363
8375,2792,2,6.0,30.0,87.5,12.5,30.0,6.928
8376,2792,3,6.0,30.0,87.5,12.5,30.0,7.233
8377,2793,1,6.0,30.0,87.5,12.5,40.0,6.923
8378,2793,2,6.0,30.0,87.5,12.5,40.0,7.293
8379,2793,3,6.0,30.0,87.5,12.5,40.0,7.433
8380,2794,1,6.0,30.0,87.5,12.5,50.0,8.064
8381,2794,2,6.0,30.0,87.5,12.5,50.0,6.976
8382,2794,3,6.0,30.0,87.5,12.5,50.0,7.498
8383,2795,1,6.0,30.0,87.5,12.5,60.0,7.683
8384,2795,2,6.0,30.0,87.5,12.5,60.0,7.055
8385,2795,3,6.0,30.0,87.5,12.5,60.0,7.215
8386,2796,1,6.0,30.0,87.5,15.0,20.0,6.068
8387,2796,2,6.0,30.0,87.5,15.0,20.0,6.027
8388,2796,3,6.0,30.0,87.5,15.0,20.0,6.413
8389,2797,1,6.0,30.0,87.5,15.0,30.0,6.901
8390,2797,2,6.0,30.0,87.5,15.0,30.0,7.147
8391,2797,3,6.0,30.0,87.5,15.0,30.0,6.674
8392,2798,1,6.0,30.0,87.5,15.0,40.0,7.018
8393,2798,2,6.0,30.0,87.5,15.0,40.0,7.162
8394,2798,3,6.0,30.0,87.5,15.0,40.0,6.9
8395,2799,1,6.0,30.0,87.5,15.0,50.0,7.46
8396,2799,2,6.0,30.0,87.5,15.0,50.0,7.217
8397,2799,3,6.0,30.0,87.5,15.0,50.0,7.137
8398,2800,1,6.0,30.0,87.5,15.0,60.0,7.215
8399,2800,2,6.0,30.0,87.5,15.0,60.0,6.755
8400,2800,3,6.0,30.0,87.5,15.0,60.0,7.291
8401,2801,1,6.0,30.0,125.0,5.0,20.0,4.666
8402,2801,2,6.0,30.0,125.0,5.0,20.0,5.125
8403,2801,3,6.0,30.0,125.0,5.0,20.0,4.69
8404,2802,1,6.0,30.0,125.0,5.0,30.0,5.852
8405,2802,2,6.0,30.0,125.0,5.0,30.0,5.725
8406,2802,3,6.0,30.0,125.0,5.0,30.0,5.883
8407,2803,1,6.0,30.0,125.0,5.0,40.0,6.231
8408,2803,2,6.0,30.0,125.0,5.0,40.0,5.734
8409,2803,3,6.0,30.0,125.0,5.0,40.0,6.482
8410,2804,1,6.0,30.0,125.0,5.0,50.0,6.35
8411,2804,2,6.0,30.0,125.0,5.0,50.0,6.596
8412,2804,3,6.0,30.0,125.0,5.0,50.0,6.568
8413,2805,1,6.0,30.0,125.0,5.0,60.0,5.983
8414,2805,2,6.0,30.0,125.0,5.0,60.0,5.944
8415,2805,3,6.0,30.0,125.0,5.0,60.0,6.383
8416,2806,1,6.0,30.0,125.0,7.5,20.0,5.415
8417,2806,2,6.0,30.0,125.0,7.5,20.0,5.762
8418,2806,3,6.0,30.0,125.0,7.5,20.0,5.45
8419,2807,1,6.0,30.0,125.0,7.5,30.0,6.662
8420,2807,2,6.0,30.0,125.0,7.5,30.0,6.494
8421,2807,3,6.0,30.0,125.0,7.5,30.0,6.456
8422,2808,1,6.0,30.0,125.0,7.5,40.0,6.795
8423,2808,2,6.0,30.0,125.0,7.5,40.0,6.965
8424,2808,3,6.0,30.0,125.0,7.5,40.0,7.234
8425,2809,1,6.0,30.0,125.0,7.5,50.0,7.06
8426,2809,2,6.0,30.0,125.0,7.5,50.0,7.224
8427,2809,3,6.0,30.0,125.0,7.5,50.0,7.088
8428,2810,1,6.0,30.0,125.0,7.5,60.0,6.935
8429,2810,2,6.0,30.0,125.0,7.5,60.0,7.383
8430,2810,3,6.0,30.0,125.0,7.5,60.0,7.236
8431,2811,1,6.0,30.0,125.0,10.0,20.0,5.922
8432,2811,2,6.0,30.0,125.0,10.0,20.0,5.96
8433,2811,3,6.0,30.0,125.0,10.0,20.0,5.703
8434,2812,1,6.0,30.0,125.0,10.0,30.0,6.727
8435,2812,2,6.0,30.0,125.0,10.0,30.0,6.862
8436,2812,3,6.0,30.0,125.0,10.0,30.0,7.013
8437,2813,1,6.0,30.0,125.0,10.0,40.0,7.51
8438,2813,2,6.0,30.0,125.0,10.0,40.0,6.989
8439,2813,3,6.0,30.0,125.0,10.0,40.0,7.574
8440,2814,1,6.0,30.0,125.0,10.0,50.0,7.45
8441,2814,2,6.0,30.0,125.0,10.0,50.0,7.199
8442,2814,3,6.0,30.0,125.0,10.0,50.0,7.849
8443,2815,1,6.0,30.0,125.0,10.0,60.0,7.71
8444,2815,2,6.0,30.0,125.0,10.0,60.0,7.374
8445,2815,3,6.0,30.0,125.0,10.0,60.0,7.498
8446,2816,1,6.0,30.0,125.0,12.5,20.0,6.215
8447,2816,2,6.0,30.0,125.0,12.5,20.0,6.391
8448,2816,3,6.0,30.0,125.0,12.5,20.0,6.204
8449,2817,1,6.0,30.0,125.0,12.5,30.0,6.503
8450,2817,2,6.0,30.0,125.0,12.5,30.0,7.438
8451,2817,3,6.0,30.0,125.0,12.5,30.0,7.173
8452,2818,1,6.0,30.0,125.0,12.5,40.0,7.257
8453,2818,2,6.0,30.0,125.0,12.5,40.0,7.112
8454,2818,3,6.0,30.0,125.0,12.5,40.0,7.541
8455,2819,1,6.0,30.0,125.0,12.5,50.0,7.497
8456,2819,2,6.0,30.0,125.0,12.5,50.0,7.667
8457,2819,3,6.0,30.0,125.0,12.5,50.0,7.783
8458,2820,1,6.0,30.0,125.0,12.5,60.0,7.241
8459,2820,2,6.0,30.0,125.0,12.5,60.0,7.087
8460,2820,3,6.0,30.0,125.0,12.5,60.0,7.508
8461,2821,1,6.0,30.0,125.0,15.0,20.0,5.651
8462,2821,2,6.0,30.0,125.0,15.0,20.0,5.841
8463,2821,3,6.0,30.0,125.0,15.0,20.0,5.424
8464,2822,1,6.0,30.0,125.0,15.0,30.0,6.604
8465,2822,2,6.0,30.0,125.0,15.0,30.0,6.875
8466,2822,3,6.0,30.0,125.0,15.0,30.0,6.845
8467,2823,1,6.0,30.0,125.0,15.0,40.0,6.979
8468,2823,2,6.0,30.0,125.0,15.0,40.0,6.873
8469,2823,3,6.0,30.0,125.0,15.0,40.0,7.204
8470,2824,1,6.0,30.0,125.0,15.0,50.0,7.532
8471,2824,2,6.0,30.0,125.0,15.0,50.0,7.488
8472,2824,3,6.0,30.0,125.0,15.0,50.0,7.232
8473,2825,1,6.0,30.0,125.0,15.0,60.0,7.283
8474,2825,2,6.0,30.0,125.0,15.0,60.0,7.621
8475,2825,3,6.0,30.0,125.0,15.0,60.0,7.257
8476,2826,1,6.0,30.0,162.5,5.0,20.0,3.918
8477,2826,2,6.0,30.0,162.5,5.0,20.0,4.432
8478,2826,3,6.0,30.0,162.5,5.0,20.0,4.947
8479,2827,1,6.0,30.0,162.5,5.0,30.0,4.965
8480,2827,2,6.0,30.0,162.5,5.0,30.0,5.333
8481,2827,3,6.0,30.0,162.5,5.0,30.0,5.262
8482,2828,1,6.0,30.0,162.5,5.0,40.0,5.952
8483,2828,2,6.0,30.0,162.5,5.0,40.0,5.979
8484,2828,3,6.0,30.0,162.5,5.0,40.0,6.244
8485,2829,1,6.0,30.0,162.5,5.0,50.0,6.199
8486,2829,2,6.0,30.0,162.5,5.0,50.0,6.533
8487,2829,3,6.0,30.0,162.5,5.0,50.0,6.142
8488,2830,1,6.0,30.0,162.5,5.0,60.0,5.977
8489,2830,2,6.0,30.0,162.5,5.0,60.0,5.888
8490,2830,3,6.0,30.0,162.5,5.0,60.0,5.566
8491,2831,1,6.0,30.0,162.5,7.5,20.0,5.152
8492,2831,2,6.0,30.0,162.5,7.5,20.0,5.65
8493,2831,3,6.0,30.0,162.5,7.5,20.0,5.203
8494,2832,1,6.0,30.0,162.5,7.5,30.0,6.217
8495,2832,2,6.0,30.0,162.5,7.5,30.0,5.909
8496,2832,3,6.0,30.0,162.5,7.5,30.0,5.957
8497,2833,1,6.0,30.0,162.5,7.5,40.0,6.901
8498,2833,2,6.0,30.0,162.5,7.5,40.0,7.187
8499,2833,3,6.0,30.0,162.5,7.5,40.0,7.042
8500,2834,1,6.0,30.0,162.5,7.5,50.0,7.1
8501,2834,2,6.0,30.0,162.5,7.5,50.0,6.885
8502,2834,3,6.0,30.0,162.5,7.5,50.0,6.934
8503,2835,1,6.0,30.0,162.5,7.5,60.0,6.564
8504,2835,2,6.0,30.0,162.5,7.5,60.0,6.37
8505,2835,3,6.0,30.0,162.5,7.5,60.0,6.459
8506,2836,1,6.0,30.0,162.5,10.0,20.0,5.489
8507,2836,2,6.0,30.0,162.5,10.0,20.0,5.393
8508,2836,3,6.0,30.0,162.5,10.0,20.0,5.064
8509,2837,1,6.0,30.0,162.5,10.0,30.0,6.415
8510,2837,2,6.0,30.0,162.5,10.0,30.0,6.336
8511,2837,3,6.0,30.0,162.5,10.0,30.0,6.097
8512,2838,1,6.0,30.0,162.5,10.0,40.0,6.921
8513,2838,2,6.0,30.0,162.5,10.0,40.0,6.935
8514,2838,3,6.0,30.0,162.5,10.0,40.0,6.852
8515,2839,1,6.0,30.0,162.5,10.0,50.0,7.534
8516,2839,2,6.0,30.0,162.5,10.0,50.0,6.742
8517,2839,3,6.0,30.0,162.5,10.0,50.0,6.719
8518,2840,1,6.0,30.0,162.5,10.0,60.0,7.176
8519,2840,2,6.0,30.0,162.5,10.0,60.0,7.202
8520,2840,3,6.0,30.0,162.5,10.0,60.0,7.288
8521,2841,1,6.0,30.0,162.5,12.5,20.0,5.424
8522,2841,2,6.0,30.0,162.5,12.5,20.0,5.318
8523,2841,3,6.0,30.0,162.5,12.5,20.0,5.573
8524,2842,1,6.0,30.0,162.5,12.5,30.0,6.401
8525,2842,2,6.0,30.0,162.5,12.5,30.0,6.959
8526,2842,3,6.0,30.0,162.5,12.5,30.0,6.434
8527,2843,1,6.0,30.0,162.5,12.5,40.0,7.11
8528,2843,2,6.0,30.0,162.5,12.5,40.0,7.818
8529,2843,3,6.0,30.0,162.5,12.5,40.0,7.07
8530,2844,1,6.0,30.0,162.5,12.5,50.0,7.531
8531,2844,2,6.0,30.0,162.5,12.5,50.0,7.556
8532,2844,3,6.0,30.0,162.5,12.5,50.0,7.58
8533,2845,1,6.0,30.0,162.5,12.5,60.0,7.356
8534,2845,2,6.0,30.0,162.5,12.5,60.0,7.329
8535,2845,3,6.0,30.0,162.5,12.5,60.0,7.303
8536,2846,1,6.0,30.0,162.5,15.0,20.0,5.214
8537,2846,2,6.0,30.0,162.5,15.0,20.0,5.466
8538,2846,3,6.0,30.0,162.5,15.0,20.0,5.943
8539,2847,1,6.0,30.0,162.5,15.0,30.0,6.664
8540,2847,2,6.0,30.0,162.5,15.0,30.0,6.41
8541,2847,3,6.0,30.0,162.5,15.0,30.0,6.565
8542,2848,1,6.0,30.0,162.5,15.0,40.0,6.682
8543,2848,2,6.0,30.0,162.5,15.0,40.0,6.852
8544,2848,3,6.0,30.0,162.5,15.0,40.0,7.19
8545,2849,1,6.0,30.0,162.5,15.0,50.0,7.591
8546,2849,2,6.0,30.0,162.5,15.0,50.0,6.959
8547,2849,3,6.0,30.0,162.5,15.0,50.0,7.04
8548,2850,1,6.0,30.0,162.5,15.0,60.0,7.686
8549,2850,2,6.0,30.0,162.5,15.0,60.0,7.102
8550,2850,3,6.0,30.0,162.5,15.0,60.0,7.586
8551,2851,1,6.0,30.0,200.0,5.0,20.0,3.758
8552,2851,2,6.0,30.0,200.0,5.0,20.0,3.769
8553,2851,3,6.0,30.0,200.0,5.0,20.0,3.614
8554,2852,1,6.0,30.0,200.0,5.0,30.0,4.989
8555,2852,2,6.0,30.0,200.0,5.0,30.0,5.105
8556,2852,3,6.0,30.0,200.0,5.0,30.0,4.435
8557,2853,1,6.0,30.0,200.0,5.0,40.0,5.301
8558,2853,2,6.0,30.0,200.0,5.0,40.0,5.656
8559,2853,3,6.0,30.0,200.0,5.0,40.0,5.364
8560,2854,1,6.0,30.0,200.0,5.0,50.0,5.587
8561,2854,2,6.0,30.0,200.0,5.0,50.0,6.008
8562,2854,3,6.0,30.0,200.0,5.0,50.0,6.034
8563,2855,1,6.0,30.0,200.0,5.0,60.0,5.574
8564,2855,2,6.0,30.0,200.0,5.0,60.0,5.759
8565,2855,3,6.0,30.0,200.0,5.0,60.0,5.362
8566,2856,1,6.0,30.0,200.0,7.5,20.0,4.149
8567,2856,2,6.0,30.0,200.0,7.5,20.0,4.435
8568,2856,3,6.0,30.0,200.0,7.5,20.0,4.409
8569,2857,1,6.0,30.0,200.0,7.5,30.0,5.154
8570,2857,2,6.0,30.0,200.0,7.5,30.0,5.225
8571,2857,3,6.0,30.0,200.0,7.5,30.0,5.127
8572,2858,1,6.0,30.0,200.0,7.5,40.0,6.227
8573,2858,2,6.0,30.0,200.0,7.5,40.0,5.549
8574,2858,3,6.0,30.0,200.0,7.5,40.0,5.817
8575,2859,1,6.0,30.0,200.0,7.5,50.0,5.903
8576,2859,2,6.0,30.0,200.0,7.5,50.0,6.542
8577,2859,3,6.0,30.0,200.0,7.5,50.0,5.92
8578,2860,1,6.0,30.0,200.0,7.5,60.0,6.409
8579,2860,2,6.0,30.0,200.0,7.5,60.0,6.859
8580,2860,3,6.0,30.0,200.0,7.5,60.0,6.869
8581,2861,1,6.0,30.0,200.0,10.0,20.0,4.294
8582,2861,2,6.0,30.0,200.0,10.0,20.0,4.884
8583,2861,3,6.0,30.0,200.0,10.0,20.0,4.523
8584,2862,1,6.0,30.0,200.0,10.0,30.0,5.491
8585,2862,2,6.0,30.0,200.0,10.0,30.0,5.793
8586,2862,3,6.0,30.0,200.0,10.0,30.0,6.169
8587,2863,1,6.0,30.0,200.0,10.0,40.0,6.668
8588,2863,2,6.0,30.0,200.0,10.0,40.0,6.3
8589,2863,3,6.0,30.0,200.0,10.0,40.0,6.697
8590,2864,1,6.0,30.0,200.0,10.0,50.0,6.197
8591,2864,2,6.0,30.0,200.0,10.0,50.0,6.614
8592,2864,3,6.0,30.0,200.0,10.0,50.0,6.594
8593,2865,1,6.0,30.0,200.0,10.0,60.0,6.822
8594,2865,2,6.0,30.0,200.0,10.0,60.0,6.743
8595,2865,3,6.0,30.0,200.0,10.0,60.0,6.76
8596,2866,1,6.0,30.0,200.0,12.5,20.0,4.851
8597,2866,2,6.0,30.0,200.0,12.5,20.0,4.906
8598,2866,3,6.0,30.0,200.0,12.5,20.0,5.051
8599,2867,1,6.0,30.0,200.0,12.5,30.0,5.967
8600,2867,2,6.0,30.0,200.0,12.5,30.0,5.845
8601,2867,3,6.0,30.0,200.0,12.5,30.0,6.037
8602,2868,1,6.0,30.0,200.0,12.5,40.0,6.831
8603,2868,2,6.0,30.0,200.0,12.5,40.0,6.444
8604,2868,3,6.0,30.0,200.0,12.5,40.0,6.583
8605,2869,1,6.0,30.0,200.0,12.5,50.0,7.25
8606,2869,2,6.0,30.0,200.0,12.5,50.0,6.616
8607,2869,3,6.0,30.0,200.0,12.5,50.0,7.43
8608,2870,1,6.0,30.0,200.0,12.5,60.0,6.525
8609,2870,2,6.0,30.0,200.0,12.5,60.0,6.803
8610,2870,3,6.0,30.0,200.0,12.5,60.0,6.634
8611,2871,1,6.0,30.0,200.0,15.0,20.0,5.313
8612,2871,2,6.0,30.0,200.0,15.0,20.0,4.559
8613,2871,3,6.0,30.0,200.0,15.0,20.0,4.56
8614,2872,1,6.0,30.0,200.0,15.0,30.0,5.621
8615,2872,2,6.0,30.0,200.0,15.0,30.0,5.752
8616,2872,3,6.0,30.0,200.0,15.0,30.0,5.633
8617,2873,1,6.0,30.0,200.0,15.0,40.0,6.363
8618,2873,2,6.0,30.0,200.0,15.0,40.0,5.412
8619,2873,3,6.0,30.0,200.0,15.0,40.0,6.416
8620,2874,1,6.0,30.0,200.0,15.0,50.0,6.73
8621,2874,2,6.0,30.0,200.0,15.0,50.0,7.016
8622,2874,3,6.0,30.0,200.0,15.0,50.0,7.092
8623,2875,1,6.0,30.0,200.0,15.0,60.0,6.647
8624,2875,2,6.0,30.0,200.0,15.0,60.0,6.929
8625,2875,3,6.0,30.0,200.0,15.0,60.0,6.392
8626,2876,1,6.0,32.5,50.0,5.0,20.0,4.39
8627,2876,2,6.0,32.5,50.0,5.0,20.0,4.015
8628,2876,3,6.0,32.5,50.0,5.0,20.0,3.843
8629,2877,1,6.0,32.5,50.0,5.0,30.0,4.848
8630,2877,2,6.0,32.5,50.0,5.0,30.0,5.292
8631,2877,3,6.0,32.5,50.0,5.0,30.0,4.951
8632,2878,1,6.0,32.5,50.0,5.0,40.0,5.694
8633,2878,2,6.0,32.5,50.0,5.0,40.0,5.065
8634,2878,3,6.0,32.5,50.0,5.0,40.0,5.568
8635,2879,1,6.0,32.5,50.0,5.0,50.0,5.117
8636,2879,2,6.0,32.5,50.0,5.0,50.0,5.363
8637,2879,3,6.0,32.5,50.0,5.0,50.0,5.361
8638,2880,1,6.0,32.5,50.0,5.0,60.0,5.16
8639,2880,2,6.0,32.5,50.0,5.0,60.0,5.045
8640,2880,3,6.0,32.5,50.0,5.0,60.0,4.768
8641,2881,1,6.0,32.5,50.0,7.5,20.0,5.121
8642,2881,2,6.0,32.5,50.0,7.5,20.0,5.36
8643,2881,3,6.0,32.5,50.0,7.5,20.0,4.712
8644,2882,1,6.0,32.5,50.0,7.5,30.0,5.086
8645,2882,2,6.0,32.5,50.0,7.5,30.0,5.74
8646,2882,3,6.0,32.5,50.0,7.5,30.0,5.507
8647,2883,1,6.0,32.5,50.0,7.5,40.0,5.938
8648,2883,2,6.0,32.5,50.0,7.5,40.0,6.131
8649,2883,3,6.0,32.5,50.0,7.5,40.0,5.847
8650,2884,1,6.0,32.5,50.0,7.5,50.0,5.925
8651,2884,2,6.0,32.5,50.0,7.5,50.0,5.972
8652,2884,3,6.0,32.5,50.0,7.5,50.0,6.412
8653,2885,1,6.0,32.5,50.0,7.5,60.0,5.683
8654,2885,2,6.0,32.5,50.0,7.5,60.0,5.329
8655,2885,3,6.0,32.5,50.0,7.5,60.0,5.34
8656,2886,1,6.0,32.5,50.0,10.0,20.0,5.314
8657,2886,2,6.0,32.5,50.0,10.0,20.0,4.959
8658,2886,3,6.0,32.5,50.0,10.0,20.0,4.838
8659,2887,1,6.0,32.5,50.0,10.0,30.0,6.178
8660,2887,2,6.0,32.5,50.0,10.0,30.0,6.192
8661,2887,3,6.0,32.5,50.0,10.0,30.0,5.897
8662,2888,1,6.0,32.5,50.0,10.0,40.0,6.457
8663,2888,2,6.0,32.5,50.0,10.0,40.0,6.428
8664,2888,3,6.0,32.5,50.0,10.0,40.0,6.544
8665,2889,1,6.0,32.5,50.0,10.0,50.0,6.569
8666,2889,2,6.0,32.5,50.0,10.0,50.0,5.67
8667,2889,3,6.0,32.5,50.0,10.0,50.0,6.333
8668,2890,1,6.0,32.5,50.0,10.0,60.0,6.22
8669,2890,2,6.0,32.5,50.0,10.0,60.0,5.96
8670,2890,3,6.0,32.5,50.0,10.0,60.0,6.085
8671,2891,1,6.0,32.5,50.0,12.5,20.0,5.585
8672,2891,2,6.0,32.5,50.0,12.5,20.0,5.398
8673,2891,3,6.0,32.5,50.0,12.5,20.0,5.797
8674,2892,1,6.0,32.5,50.0,12.5,30.0,6.416
8675,2892,2,6.0,32.5,50.0,12.5,30.0,6.067
8676,2892,3,6.0,32.5,50.0,12.5,30.0,6.045
8677,2893,1,6.0,32.5,50.0,12.5,40.0,5.677
8678,2893,2,6.0,32.5,50.0,12.5,40.0,6.384
8679,2893,3,6.0,32.5,50.0,12.5,40.0,6.096
8680,2894,1,6.0,32.5,50.0,12.5,50.0,6.562
8681,2894,2,6.0,32.5,50.0,12.5,50.0,6.543
8682,2894,3,6.0,32.5,50.0,12.5,50.0,6.695
8683,2895,1,6.0,32.5,50.0,12.5,60.0,6.566
8684,2895,2,6.0,32.5,50.0,12.5,60.0,6.168
8685,2895,3,6.0,32.5,50.0,12.5,60.0,6.814
8686,2896,1,6.0,32.5,50.0,15.0,20.0,5.24
8687,2896,2,6.0,32.5,50.0,15.0,20.0,4.808
8688,2896,3,6.0,32.5,50.0,15.0,20.0,5.018
8689,2897,1,6.0,32.5,50.0,15.0,30.0,5.796
8690,2897,2,6.0,32.5,50.0,15.0,30.0,6.066
8691,2897,3,6.0,32.5,50.0,15.0,30.0,5.635
8692,2898,1,6.0,32.5,50.0,15.0,40.0,6.192
8693,2898,2,6.0,32.5,50.0,15.0,40.0,6.23
8694,2898,3,6.0,32.5,50.0,15.0,40.0,6.15
8695,2899,1,6.0,32.5,50.0,15.0,50.0,6.527
8696,2899,2,6.0,32.5,50.0,15.0,50.0,6.48
8697,2899,3,6.0,32.5,50.0,15.0,50.0,6.627
8698,2900,1,6.0,32.5,50.0,15.0,60.0,5.882
8699,2900,2,6.0,32.5,50.0,15.0,60.0,6.312
8700,2900,3,6.0,32.5,50.0,15.0,60.0,5.593
8701,2901,1,6.0,32.5,87.5,5.0,20.0,3.861
8702,2901,2,6.0,32.5,87.5,5.0,20.0,3.91
8703,2901,3,6.0,32.5,87.5,5.0,20.0,4.253
8704,2902,1,6.0,32.5,87.5,5.0,30.0,5.387
8705,2902,2,6.0,32.5,87.5,5.0,30.0,4.881
8706,2902,3,6.0,32.5,87.5,5.0,30.0,4.917
8707,2903,1,6.0,32.5,87.5,5.0,40.0,5.44
8708,2903,2,6.0,32.5,87.5,5.0,40.0,5.66
8709,2903,3,6.0,32.5,87.5,5.0,40.0,5.366
8710,2904,1,6.0,32.5,87.5,5.0,50.0,5.451
8711,2904,2,6.0,32.5,87.5,5.0,50.0,5.223
8712,2904,3,6.0,32.5,87.5,5.0,50.0,5.44
8713,2905,1,6.0,32.5,87.5,5.0,60.0,5.68
8714,2905,2,6.0,32.5,87.5,5.0,60.0,5.375
8715,2905,3,6.0,32.5,87.5,5.0,60.0,5.143
8716,2906,1,6.0,32.5,87.5,7.5,20.0,5.296
8717,2906,2,6.0,32.5,87.5,7.5,20.0,4.786
8718,2906,3,6.0,32.5,87.5,7.5,20.0,5.348
8719,2907,1,6.0,32.5,87.5,7.5,30.0,6.143
8720,2907,2,6.0,32.5,87.5,7.5,30.0,5.766
8721,2907,3,6.0,32.5,87.5,7.5,30.0,5.33
8722,2908,1,6.0,32.5,87.5,7.5,40.0,6.841
8723,2908,2,6.0,32.5,87.5,7.5,40.0,6.308
8724,2908,3,6.0,32.5,87.5,7.5,40.0,6.109
8725,2909,1,6.0,32.5,87.5,7.5,50.0,6.568
8726,2909,2,6.0,32.5,87.5,7.5,50.0,6.497
8727,2909,3,6.0,32.5,87.5,7.5,50.0,6.667
8728,2910,1,6.0,32.5,87.5,7.5,60.0,5.865
8729,2910,2,6.0,32.5,87.5,7.5,60.0,6.139
8730,2910,3,6.0,32.5,87.5,7.5,60.0,5.718
8731,2911,1,6.0,32.5,87.5,10.0,20.0,5.537
8732,2911,2,6.0,32.5,87.5,10.0,20.0,5.344
8733,2911,3,6.0,32.5,87.5,10.0,20.0,5.429
8734,2912,1,6.0,32.5,87.5,10.0,30.0,6.109
8735,2912,2,6.0,32.5,87.5,10.0,30.0,6.08
8736,2912,3,6.0,32.5,87.5,10.0,30.0,5.907
8737,2913,1,6.0,32.5,87.5,10.0,40.0,6.821
8738,2913,2,6.0,32.5,87.5,10.0,40.0,7.017
8739,2913,3,6.0,32.5,87.5,10.0,40.0,6.444
8740,2914,1,6.0,32.5,87.5,10.0,50.0,6.855
8741,2914,2,6.0,32.5,87.5,10.0,50.0,6.821
8742,2914,3,6.0,32.5,87.5,10.0,50.0,6.702
8743,2915,1,6.0,32.5,87.5,10.0,60.0,6.023
8744,2915,2,6.0,32.5,87.5,10.0,60.0,6.086
8745,2915,3,6.0,32.5,87.5,10.0,60.0,6.231
8746,2916,1,6.0,32.5,87.5,12.5,20.0,4.851
8747,2916,2,6.0,32.5,87.5,12.5,20.0,5.844
8748,2916,3,6.0,32.5,87.5,12.5,20.0,5.553
8749,2917,1,6.0,32.5,87.5,12.5,30.0,6.242
8750,2917,2,6.0,32.5,87.5,12.5,30.0,5.637
8751,2917,3,6.0,32.5,87.5,12.5,30.0,5.739
8752,2918,1,6.0,32.5,87.5,12.5,40.0,6.699
8753,2918,2,6.0,32.5,87.5,12.5,40.0,7.252
8754,2918,3,6.0,32.5,87.5,12.5,40.0,6.504
8755,2919,1,6.0,32.5,87.5,12.5,50.0,7.042
8756,2919,2,6.0,32.5,87.5,12.5,50.0,6.666
8757,2919,3,6.0,32.5,87.5,12.5,50.0,6.815
8758,2920,1,6.0,32.5,87.5,12.5,60.0,6.89
8759,2920,2,6.0,32.5,87.5,12.5,60.0,6.453
8760,2920,3,6.0,32.5,87.5,12.5,60.0,6.357
8761,2921,1,6.0,32.5,87.5,15.0,20.0,5.647
8762,2921,2,6.0,32.5,87.5,15.0,20.0,5.263
8763,2921,3,6.0,32.5,87.5,15.0,20.0,5.556
8764,2922,1,6.0,32.5,87.5,15.0,30.0,5.858
8765,2922,2,6.0,32.5,87.5,15.0,30.0,6.444
8766,2922,3,6.0,32.5,87.5,15.0,30.0,6.127
8767,2923,1,6.0,32.5,87.5,15.0,40.0,6.622
8768,2923,2,6.0,32.5,87.5,15.0,40.0,6.537
8769,2923,3,6.0,32.5,87.5,15.0,40.0,6.358
8770,2924,1,6.0,32.5,87.5,15.0,50.0,6.6
8771,2924,2,6.0,32.5,87.5,15.0,50.0,6.476
8772,2924,3,6.0,32.5,87.5,15.0,50.0,6.869
8773,2925,1,6.0,32.5,87.5,15.0,60.0,6.293
8774,2925,2,6.0,32.5,87.5,15.0,60.0,5.931
8775,2925,3,6.0,32.5,87.5,15.0,60.0,5.88
8776,2926,1,6.0,32.5,125.0,5.0,20.0,3.592
8777,2926,2,6.0,32.5,125.0,5.0,20.0,4.248
8778,2926,3,6.0,32.5,125.0,5.0,20.0,3.753
8779,2927,1,6.0,32.5,125.0,5.0,30.0,5.034
8780,2927,2,6.0,32.5,125.0,5.0,30.0,4.988
8781,2927,3,6.0,32.5,125.0,5.0,30.0,4.932
8782,2928,1,6.0,32.5,125.0,5.0,40.0,5.598
8783,2928,2,6.0,32.5,125.0,5.0,40.0,5.519
8784,2928,3,6.0,32.5,125.0,5.0,40.0,4.716
8785,2929,1,6.0,32.5,125.0,5.0,50.0,5.559
8786,2929,2,6.0,32.5,125.0,5.0,50.0,5.769
8787,2929,3,6.0,32.5,125.0,5.0,50.0,6.109
8788,2930,1,6.0,32.5,125.0,5.0,60.0,5.947
8789,2930,2,6.0,32.5,125.0,5.0,60.0,5.093
8790,2930,3,6.0,32.5,125.0,5.0,60.0,5.377
8791,2931,1,6.0,32.5,125.0,7.5,20.0,4.336
8792,2931,2,6.0,32.5,125.0,7.5,20.0,5.201
8793,2931,3,6.0,32.5,125.0,7.5,20.0,5.059
8794,2932,1,6.0,32.5,125.0,7.5,30.0,5.748
8795,2932,2,6.0,32.5,125.0,7.5,30.0,5.697
8796,2932,3,6.0,32.5,125.0,7.5,30.0,6.037
8797,2933,1,6.0,32.5,125.0,7.5,40.0,6.514
8798,2933,2,6.0,32.5,125.0,7.5,40.0,6.499
8799,2933,3,6.0,32.5,125.0,7.5,40.0,6.303
8800,2934,1,6.0,32.5,125.0,7.5,50.0,6.252
8801,2934,2,6.0,32.5,125.0,7.5,50.0,6.565
8802,2934,3,6.0,32.5,125.0,7.5,50.0,6.578
8803,2935,1,6.0,32.5,125.0,7.5,60.0,6.122
8804,2935,2,6.0,32.5,125.0,7.5,60.0,6.077
8805,2935,3,6.0,32.5,125.0,7.5,60.0,6.492
8806,2936,1,6.0,32.5,125.0,10.0,20.0,5.641
8807,2936,2,6.0,32.5,125.0,10.0,20.0,4.965
8808,2936,3,6.0,32.5,125.0,10.0,20.0,5.101
8809,2937,1,6.0,32.5,125.0,10.0,30.0,6.148
8810,2937,2,6.0,32.5,125.0,10.0,30.0,6.186
8811,2937,3,6.0,32.5,125.0,10.0,30.0,5.904
8812,2938,1,6.0,32.5,125.0,10.0,40.0,7.102
8813,2938,2,6.0,32.5,125.0,10.0,40.0,6.693
8814,2938,3,6.0,32.5,125.0,10.0,40.0,6.724
8815,2939,1,6.0,32.5,125.0,10.0,50.0,7.242
8816,2939,2,6.0,32.5,125.0,10.0,50.0,6.624
8817,2939,3,6.0,32.5,125.0,10.0,50.0,6.725
8818,2940,1,6.0,32.5,125.0,10.0,60.0,6.224
8819,2940,2,6.0,32.5,125.0,10.0,60.0,6.527
8820,2940,3,6.0,32.5,125.0,10.0,60.0,6.158
8821,2941,1,6.0,32.5,125.0,12.5,20.0,5.484
8822,2941,2,6.0,32.5,125.0,12.5,20.0,5.393
8823,2941,3,6.0,32.5,125.0,12.5,20.0,5.197
8824,2942,1,6.0,32.5,125.0,12.5,30.0,6.122
8825,2942,2,6.0,32.5,125.0,12.5,30.0,6.363
8826,2942,3,6.0,32.5,125.0,12.5,30.0,5.832
8827,2943,1,6.0,32.5,125.0,12.5,40.0,6.732
8828,2943,2,6.0,32.5,125.0,12.5,40.0,6.871
8829,2943,3,6.0,32.5,125.0,12.5,40.0,6.176
8830,2944,1,6.0,32.5,125.0,12.5,50.0,7.042
8831,2944,2,6.0,32.5,125.0,12.5,50.0,6.381
8832,2944,3,6.0,32.5,125.0,12.5,50.0,6.817
8833,2945,1,6.0,32.5,125.0,12.5,60.0,6.349
8834,2945,2,6.0,32.5,125.0,12.5,60.0,7.076
8835,2945,3,6.0,32.5,125.0,12.5,60.0,6.351
8836,2946,1,6.0,32.5,125.0,15.0,20.0,4.613
8837,2946,2,6.0,32.5,125.0,15.0,20.0,5.112
8838,2946,3,6.0,32.5,125.0,15.0,20.0,4.959
8839,2947,1,6.0,32.5,125.0,15.0,30.0,5.529
8840,2947,2,6.0,32.5,125.0,15.0,30.0,6.097
8841,2947,3,6.0,32.5,125.0,15.0,30.0,5.392
8842,2948,1,6.0,32.5,125.0,15.0,40.0,6.185
8843,2948,2,6.0,32.5,125.0,15.0,40.0,6.314
8844,2948,3,6.0,32.5,125.0,15.0,40.0,6.7
8845,2949,1,6.0,32.5,125.0,15.0,50.0,7.013
8846,2949,2,6.0,32.5,125.0,15.0,50.0,6.959
8847,2949,3,6.0,32.5,125.0,15.0,50.0,6.607
8848,2950,1,6.0,32.5,125.0,15.0,60.0,5.795
8849,2950,2,6.0,32.5,125.0,15.0,60.0,6.584
8850,2950,3,6.0,32.5,125.0,15.0,60.0,6.887
8851,2951,1,6.0,32.5,162.5,5.0,20.0,3.995
8852,2951,2,6.0,32.5,162.5,5.0,20.0,3.78
8853,2951,3,6.0,32.5,162.5,5.0,20.0,3.317
8854,2952,1,6.0,32.5,162.5,5.0,30.0,4.453
8855,2952,2,6.0,32.5,162.5,5.0,30.0,5.141
8856,2952,3,6.0,32.5,162.5,5.0,30.0,4.203
8857,2953,1,6.0,32.5,162.5,5.0,40.0,4.879
8858,2953,2,6.0,32.5,162.5,5.0,40.0,5.464
8859,2953,3,6.0,32.5,162.5,5.0,40.0,5.079
8860,2954,1,6.0,32.5,162.5,5.0,50.0,5.119
8861,2954,2,6.0,32.5,162.5,5.0,50.0,5.878
8862,2954,3,6.0,32.5,162.5,5.0,50.0,5.579
8863,2955,1,6.0,32.5,162.5,5.0,60.0,5.243
8864,2955,2,6.0,32.5,162.5,5.0,60.0,5.029
8865,2955,3,6.0,32.5,162.5,5.0,60.0,5.923
8866,2956,1,6.0,32.5,162.5,7.5,20.0,4.343
8867,2956,2,6.0,32.5,162.5,7.5,20.0,4.741
8868,2956,3,6.0,32.5,162.5,7.5,20.0,4.6
8869,2957,1,6.0,32.5,162.5,7.5,30.0,5.154
8870,2957,2,6.0,32.5,162.5,7.5,30.0,5.156
8871,2957,3,6.0,32.5,162.5,7.5,30.0,5.705
8872,2958,1,6.0,32.5,162.5,7.5,40.0,6.31
8873,2958,2,6.0,32.5,162.5,7.5,40.0,5.374
8874,2958,3,6.0,32.5,162.5,7.5,40.0,6.054
8875,2959,1,6.0,32.5,162.5,7.5,50.0,6.116
8876,2959,2,6.0,32.5,162.5,7.5,50.0,5.861
8877,2959,3,6.0,32.5,162.5,7.5,50.0,6.223
8878,2960,1,6.0,32.5,162.5,7.5,60.0,5.672
8879,2960,2,6.0,32.5,162.5,7.5,60.0,5.919
8880,2960,3,6.0,32.5,162.5,7.5,60.0,5.826
8881,2961,1,6.0,32.5,162.5,10.0,20.0,4.61
8882,2961,2,6.0,32.5,162.5,10.0,20.0,4.73
8883,2961,3,6.0,32.5,162.5,10.0,20.0,4.466
8884,2962,1,6.0,32.5,162.5,10.0,30.0,6.14
8885,2962,2,6.0,32.5,162.5,10.0,30.0,5.838
8886,2962,3,6.0,32.5,162.5,10.0,30.0,6.202
8887,2963,1,6.0,32.5,162.5,10.0,40.0,6.255
8888,2963,2,6.0,32.5,162.5,10.0,40.0,6.146
8889,2963,3,6.0,32.5,162.5,10.0,40.0,6.792
8890,2964,1,6.0,32.5,162.5,10.0,50.0,6.388
8891,2964,2,6.0,32.5,162.5,10.0,50.0,6.5
8892,2964,3,6.0,32.5,162.5,10.0,50.0,6.752
8893,2965,1,6.0,32.5,162.5,10.0,60.0,6.103
8894,2965,2,6.0,32.5,162.5,10.0,60.0,6.649
8895,2965,3,6.0,32.5,162.5,10.0,60.0,6.613
8896,2966,1,6.0,32.5,162.5,12.5,20.0,5.205
8897,2966,2,6.0,32.5,162.5,12.5,20.0,5.099
8898,2966,3,6.0,32.5,162.5,12.5,20.0,5.214
8899,2967,1,6.0,32.5,162.5,12.5,30.0,5.769
8900,2967,2,6.0,32.5,162.5,12.5,30.0,5.558
8901,2967,3,6.0,32.5,162.5,12.5,30.0,6.391
8902,2968,1,6.0,32.5,162.5,12.5,40.0,5.973
8903,2968,2,6.0,32.5,162.5,12.5,40.0,6.001
8904,2968,3,6.0,32.5,162.5,12.5,40.0,6.558
8905,2969,1,6.0,32.5,162.5,12.5,50.0,7.105
8906,2969,2,6.0,32.5,162.5,12.5,50.0,6.703
8907,2969,3,6.0,32.5,162.5,12.5,50.0,6.93
8908,2970,1,6.0,32.5,162.5,12.5,60.0,5.991
8909,2970,2,6.0,32.5,162.5,12.5,60.0,6.41
8910,2970,3,6.0,32.5,162.5,12.5,60.0,6.025
8911,2971,1,6.0,32.5,162.5,15.0,20.0,4.869
8912,2971,2,6.0,32.5,162.5,15.0,20.0,4.217
8913,2971,3,6.0,32.5,162.5,15.0,20.0,4.292
8914,2972,1,6.0,32.5,162.5,15.0,30.0,5.744
8915,2972,2,6.0,32.5,162.5,15.0,30.0,5.897
8916,2972,3,6.0,32.5,162.5,15.0,30.0,5.555
8917,2973,1,6.0,32.5,162.5,15.0,40.0,6.36
8918,2973,2,6.0,32.5,162.5,15.0,40.0,6.351
8919,2973,3,6.0,32.5,162.5,15.0,40.0,6.14
8920,2974,1,6.0,32.5,162.5,15.0,50.0,6.143
8921,2974,2,6.0,32.5,162.5,15.0,50.0,6.608
8922,2974,3,6.0,32.5,162.5,15.0,50.0,6.622
8923,2975,1,6.0,32.5,162.5,15.0,60.0,6.6
8924,2975,2,6.0,32.5,162.5,15.0,60.0,6.437
8925,2975,3,6.0,32.5,162.5,15.0,60.0,6.023
8926,2976,1,6.0,32.5,200.0,5.0,20.0,3.168
8927,2976,2,6.0,32.5,200.0,5.0,20.0,2.975
8928,2976,3,6.0,32.5,200.0,5.0,20.0,2.84
8929,2977,1,6.0,32.5,200.0,5.0,30.0,3.918
8930,2977,2,6.0,32.5,200.0,5.0,30.0,3.807
8931,2977,3,6.0,32.5,200.0,5.0,30.0,4.249
8932,2978,1,6.0,32.5,200.0,5.0,40.0,4.278
8933,2978,2,6.0,32.5,200.0,5.0,40.0,4.397
8934,2978,3,6.0,32.5,200.0,5.0,40.0,4.583
8935,2979,1,6.0,32.5,200.0,5.0,50.0,5.452
8936,2979,2,6.0,32.5,200.0,5.0,50.0,5.295
8937,2979,3,6.0,32.5,200.0,5.0,50.0,4.541
8938,2980,1,6.0,32.5,200.0,5.0,60.0,5.353
8939,2980,2,6.0,32.5,200.0,5.0,60.0,5.353
8940,2980,3,6.0,32.5,200.0,5.0,60.0,4.646
8941,2981,1,6.0,32.5,200.0,7.5,20.0,2.969
8942,2981,2,6.0,32.5,200.0,7.5,20.0,3.655
8943,2981,3,6.0,32.5,200.0,7.5,20.0,3.989
8944,2982,1,6.0,32.5,200.0,7.5,30.0,5.146
8945,2982,2,6.0,32.5,200.0,7.5,30.0,4.456
8946,2982,3,6.0,32.5,200.0,7.5,30.0,5.191
8947,2983,1,6.0,32.5,200.0,7.5,40.0,4.751
8948,2983,2,6.0,32.5,200.0,7.5,40.0,5.272
8949,2983,3,6.0,32.5,200.0,7.5,40.0,5.258
8950,2984,1,6.0,32.5,200.0,7.5,50.0,6.023
8951,2984,2,6.0,32.5,200.0,7.5,50.0,6.064
8952,2984,3,6.0,32.5,200.0,7.5,50.0,5.967
8953,2985,1,6.0,32.5,200.0,7.5,60.0,5.297
8954,2985,2,6.0,32.5,200.0,7.5,60.0,5.917
8955,2985,3,6.0,32.5,200.0,7.5,60.0,5.818
8956,2986,1,6.0,32.5,200.0,10.0,20.0,3.607
8957,2986,2,6.0,32.5,200.0,10.0,20.0,3.496
8958,2986,3,6.0,32.5,200.0,10.0,20.0,4.366
8959,2987,1,6.0,32.5,200.0,10.0,30.0,5.05
8960,2987,2,6.0,32.5,200.0,10.0,30.0,4.74
8961,2987,3,6.0,32.5,200.0,10.0,30.0,5.042
8962,2988,1,6.0,32.5,200.0,10.0,40.0,5.877
8963,2988,2,6.0,32.5,200.0,10.0,40.0,5.752
8964,2988,3,6.0,32.5,200.0,10.0,40.0,5.34
8965,2989,1,6.0,32.5,200.0,10.0,50.0,6.628
8966,2989,2,6.0,32.5,200.0,10.0,50.0,6.381
8967,2989,3,6.0,32.5,200.0,10.0,50.0,6.006
8968,2990,1,6.0,32.5,200.0,10.0,60.0,5.992
8969,2990,2,6.0,32.5,200.0,10.0,60.0,6.176
8970,2990,3,6.0,32.5,200.0,10.0,60.0,5.759
8971,2991,1,6.0,32.5,200.0,12.5,20.0,4.265
8972,2991,2,6.0,32.5,200.0,12.5,20.0,3.802
8973,2991,3,6.0,32.5,200.0,12.5,20.0,4.155
8974,2992,1,6.0,32.5,200.0,12.5,30.0,4.873
8975,2992,2,6.0,32.5,200.0,12.5,30.0,4.887
8976,2992,3,6.0,32.5,200.0,12.5,30.0,5.661
8977,2993,1,6.0,32.5,200.0,12.5,40.0,5.892
8978,2993,2,6.0,32.5,200.0,12.5,40.0,5.933
8979,2993,3,6.0,32.5,200.0,12.5,40.0,5.312
8980,2994,1,6.0,32.5,200.0,12.5,50.0,6.033
8981,2994,2,6.0,32.5,200.0,12.5,50.0,6.329
8982,2994,3,6.0,32.5,200.0,12.5,50.0,6.254
8983,2995,1,6.0,32.5,200.0,12.5,60.0,5.572
8984,2995,2,6.0,32.5,200.0,12.5,60.0,6.233
8985,2995,3,6.0,32.5,200.0,12.5,60.0,6.278
8986,2996,1,6.0,32.5,200.0,15.0,20.0,4.334
8987,2996,2,6.0,32.5,200.0,15.0,20.0,3.792
8988,2996,3,6.0,32.5,200.0,15.0,20.0,3.347
8989,2997,1,6.0,32.5,200.0,15.0,30.0,4.721
8990,2997,2,6.0,32.5,200.0,15.0,30.0,4.693
8991,2997,3,6.0,32.5,200.0,15.0,30.0,5.206
8992,2998,1,6.0,32.5,200.0,15.0,40.0,4.914
8993,2998,2,6.0,32.5,200.0,15.0,40.0,5.549
8994,2998,3,6.0,32.5,200.0,15.0,40.0,6.074
8995,2999,1,6.0,32.5,200.0,15.0,50.0,6.002
8996,2999,2,6.0,32.5,200.0,15.0,50.0,6.251
8997,2999,3,6.0,32.5,200.0,15.0,50.0,5.54
8998,3000,1,6.0,32.5,200.0,15.0,60.0,5.526
8999,3000,2,6.0,32.5,200.0,15.0,60.0,6.377
9000,3000,3,6.0,32.5,200.0,15.0,60.0,6.003
9001,3001,1,6.0,35.0,50.0,5.0,20.0,3.079
9002,3001,2,6.0,35.0,50.0,5.0,20.0,2.737
9003,3001,3,6.0,35.0,50.0,5.0,20.0,3.078
9004,3002,1,6.0,35.0,50.0,5.0,30.0,3.454
9005,3002,2,6.0,35.0,50.0,5.0,30.0,4.107
9006,3002,3,6.0,35.0,50.0,5.0,30.0,4.539
9007,3003,1,6.0,35.0,50.0,5.0,40.0,4.286
9008,3003,2,6.0,35.0,50.0,5.0,40.0,3.972
9009,3003,3,6.0,35.0,50.0,5.0,40.0,3.441
9010,3004,1,6.0,35.0,50.0,5.0,50.0,3.703
9011,3004,2,6.0,35.0,50.0,5.0,50.0,4.61
9012,3004,3,6.0,35.0,50.0,5.0,50.0,3.887
9013,3005,1,6.0,35.0,50.0,5.0,60.0,3.746
9014,3005,2,6.0,35.0,50.0,5.0,60.0,4.033
9015,3005,3,6.0,35.0,50.0,5.0,60.0,4.265
9016,3006,1,6.0,35.0,50.0,7.5,20.0,3.694
9017,3006,2,6.0,35.0,50.0,7.5,20.0,3.637
9018,3006,3,6.0,35.0,50.0,7.5,20.0,3.77
9019,3007,1,6.0,35.0,50.0,7.5,30.0,4.299
9020,3007,2,6.0,35.0,50.0,7.5,30.0,4.314
9021,3007,3,6.0,35.0,50.0,7.5,30.0,4.59
9022,3008,1,6.0,35.0,50.0,7.5,40.0,4.902
9023,3008,2,6.0,35.0,50.0,7.5,40.0,5.447
9024,3008,3,6.0,35.0,50.0,7.5,40.0,4.973
9025,3009,1,6.0,35.0,50.0,7.5,50.0,5.197
9026,3009,2,6.0,35.0,50.0,7.5,50.0,4.575
9027,3009,3,6.0,35.0,50.0,7.5,50.0,5.022
9028,3010,1,6.0,35.0,50.0,7.5,60.0,4.348
9029,3010,2,6.0,35.0,50.0,7.5,60.0,4.661
9030,3010,3,6.0,35.0,50.0,7.5,60.0,4.743
9031,3011,1,6.0,35.0,50.0,10.0,20.0,4.164
9032,3011,2,6.0,35.0,50.0,10.0,20.0,4.824
9033,3011,3,6.0,35.0,50.0,10.0,20.0,4.55
9034,3012,1,6.0,35.0,50.0,10.0,30.0,5.205
9035,3012,2,6.0,35.0,50.0,10.0,30.0,5.089
9036,3012,3,6.0,35.0,50.0,10.0,30.0,5.369
9037,3013,1,6.0,35.0,50.0,10.0,40.0,4.848
9038,3013,2,6.0,35.0,50.0,10.0,40.0,5.634
9039,3013,3,6.0,35.0,50.0,10.0,40.0,4.972
9040,3014,1,6.0,35.0,50.0,10.0,50.0,5.117
9041,3014,2,6.0,35.0,50.0,10.0,50.0,5.432
9042,3014,3,6.0,35.0,50.0,10.0,50.0,5.62
9043,3015,1,6.0,35.0,50.0,10.0,60.0,4.627
9044,3015,2,6.0,35.0,50.0,10.0,60.0,4.806
9045,3015,3,6.0,35.0,50.0,10.0,60.0,4.977
9046,3016,1,6.0,35.0,50.0,12.5,20.0,4.198
9047,3016,2,6.0,35.0,50.0,12.5,20.0,4.489
9048,3016,3,6.0,35.0,50.0,12.5,20.0,5.212
9049,3017,1,6.0,35.0,50.0,12.5,30.0,5.092
9050,3017,2,6.0,35.0,50.0,12.5,30.0,4.769
9051,3017,3,6.0,35.0,50.0,12.5,30.0,4.612
9052,3018,1,6.0,35.0,50.0,12.5,40.0,5.259
9053,3018,2,6.0,35.0,50.0,12.5,40.0,5.087
9054,3018,3,6.0,35.0,50.0,12.5,40.0,5.481
9055,3019,1,6.0,35.0,50.0,12.5,50.0,5.502
9056,3019,2,6.0,35.0,50.0,12.5,50.0,5.245
9057,3019,3,6.0,35.0,50.0,12.5,50.0,5.931
9058,3020,1,6.0,35.0,50.0,12.5,60.0,4.844
9059,3020,2,6.0,35.0,50.0,12.5,60.0,5.017
9060,3020,3,6.0,35.0,50.0,12.5,60.0,5.229
9061,3021,1,6.0,35.0,50.0,15.0,20.0,4.3
9062,3021,2,6.0,35.0,50.0,15.0,20.0,4.408
9063,3021,3,6.0,35.0,50.0,15.0,20.0,4.17
9064,3022,1,6.0,35.0,50.0,15.0,30.0,5.069
9065,3022,2,6.0,35.0,50.0,15.0,30.0,4.589
9066,3022,3,6.0,35.0,50.0,15.0,30.0,5.032
9067,3023,1,6.0,35.0,50.0,15.0,40.0,5.403
9068,3023,2,6.0,35.0,50.0,15.0,40.0,5.574
9069,3023,3,6.0,35.0,50.0,15.0,40.0,4.683
9070,3024,1,6.0,35.0,50.0,15.0,50.0,4.921
9071,3024,2,6.0,35.0,50.0,15.0,50.0,5.405
9072,3024,3,6.0,35.0,50.0,15.0,50.0,4.433
9073,3025,1,6.0,35.0,50.0,15.0,60.0,4.988
9074,3025,2,6.0,35.0,50.0,15.0,60.0,5.147
9075,3025,3,6.0,35.0,50.0,15.0,60.0,4.689
9076,3026,1,6.0,35.0,87.5,5.0,20.0,3.005
9077,3026,2,6.0,35.0,87.5,5.0,20.0,2.824
9078,3026,3,6.0,35.0,87.5,5.0,20.0,2.979
9079,3027,1,6.0,35.0,87.5,5.0,30.0,3.787
9080,3027,2,6.0,35.0,87.5,5.0,30.0,3.734
9081,3027,3,6.0,35.0,87.5,5.0,30.0,3.718
9082,3028,1,6.0,35.0,87.5,5.0,40.0,4.299
9083,3028,2,6.0,35.0,87.5,5.0,40.0,4.296
9084,3028,3,6.0,35.0,87.5,5.0,40.0,4.9
9085,3029,1,6.0,35.0,87.5,5.0,50.0,4.365
9086,3029,2,6.0,35.0,87.5,5.0,50.0,4.571
9087,3029,3,6.0,35.0,87.5,5.0,50.0,4.313
9088,3030,1,6.0,35.0,87.5,5.0,60.0,4.06
9089,3030,2,6.0,35.0,87.5,5.0,60.0,3.748
9090,3030,3,6.0,35.0,87.5,5.0,60.0,3.785
9091,3031,1,6.0,35.0,87.5,7.5,20.0,3.487
9092,3031,2,6.0,35.0,87.5,7.5,20.0,3.876
9093,3031,3,6.0,35.0,87.5,7.5,20.0,4.126
9094,3032,1,6.0,35.0,87.5,7.5,30.0,4.125
9095,3032,2,6.0,35.0,87.5,7.5,30.0,4.471
9096,3032,3,6.0,35.0,87.5,7.5,30.0,4.242
9097,3033,1,6.0,35.0,87.5,7.5,40.0,5.001
9098,3033,2,6.0,35.0,87.5,7.5,40.0,5.376
9099,3033,3,6.0,35.0,87.5,7.5,40.0,4.95
9100,3034,1,6.0,35.0,87.5,7.5,50.0,5.162
9101,3034,2,6.0,35.0,87.5,7.5,50.0,5.582
9102,3034,3,6.0,35.0,87.5,7.5,50.0,5.303
9103,3035,1,6.0,35.0,87.5,7.5,60.0,4.712
9104,3035,2,6.0,35.0,87.5,7.5,60.0,4.969
9105,3035,3,6.0,35.0,87.5,7.5,60.0,4.693
9106,3036,1,6.0,35.0,87.5,10.0,20.0,4.343
9107,3036,2,6.0,35.0,87.5,10.0,20.0,4.369
9108,3036,3,6.0,35.0,87.5,10.0,20.0,3.842
9109,3037,1,6.0,35.0,87.5,10.0,30.0,5.074
9110,3037,2,6.0,35.0,87.5,10.0,30.0,4.992
9111,3037,3,6.0,35.0,87.5,10.0,30.0,5.178
9112,3038,1,6.0,35.0,87.5,10.0,40.0,5.708
9113,3038,2,6.0,35.0,87.5,10.0,40.0,5.609
9114,3038,3,6.0,35.0,87.5,10.0,40.0,5.39
9115,3039,1,6.0,35.0,87.5,10.0,50.0,5.836
9116,3039,2,6.0,35.0,87.5,10.0,50.0,5.331
9117,3039,3,6.0,35.0,87.5,10.0,50.0,5.205
9118,3040,1,6.0,35.0,87.5,10.0,60.0,4.43
9119,3040,2,6.0,35.0,87.5,10.0,60.0,5.305
9120,3040,3,6.0,35.0,87.5,10.0,60.0,5.095
9121,3041,1,6.0,35.0,87.5,12.5,20.0,4.436
9122,3041,2,6.0,35.0,87.5,12.5,20.0,3.773
9123,3041,3,6.0,35.0,87.5,12.5,20.0,4.144
9124,3042,1,6.0,35.0,87.5,12.5,30.0,5.257
9125,3042,2,6.0,35.0,87.5,12.5,30.0,4.837
9126,3042,3,6.0,35.0,87.5,12.5,30.0,5.24
9127,3043,1,6.0,35.0,87.5,12.5,40.0,5.419
9128,3043,2,6.0,35.0,87.5,12.5,40.0,5.566
9129,3043,3,6.0,35.0,87.5,12.5,40.0,5.742
9130,3044,1,6.0,35.0,87.5,12.5,50.0,5.942
9131,3044,2,6.0,35.0,87.5,12.5,50.0,5.701
9132,3044,3,6.0,35.0,87.5,12.5,50.0,5.447
9133,3045,1,6.0,35.0,87.5,12.5,60.0,5.297
9134,3045,2,6.0,35.0,87.5,12.5,60.0,5.603
9135,3045,3,6.0,35.0,87.5,12.5,60.0,5.139
9136,3046,1,6.0,35.0,87.5,15.0,20.0,4.075
9137,3046,2,6.0,35.0,87.5,15.0,20.0,4.017
9138,3046,3,6.0,35.0,87.5,15.0,20.0,4.096
9139,3047,1,6.0,35.0,87.5,15.0,30.0,4.642
9140,3047,2,6.0,35.0,87.5,15.0,30.0,4.406
9141,3047,3,6.0,35.0,87.5,15.0,30.0,5.071
9142,3048,1,6.0,35.0,87.5,15.0,40.0,5.645
9143,3048,2,6.0,35.0,87.5,15.0,40.0,4.873
9144,3048,3,6.0,35.0,87.5,15.0,40.0,5.478
9145,3049,1,6.0,35.0,87.5,15.0,50.0,5.778
9146,3049,2,6.0,35.0,87.5,15.0,50.0,5.642
9147,3049,3,6.0,35.0,87.5,15.0,50.0,5.358
9148,3050,1,6.0,35.0,87.5,15.0,60.0,4.961
9149,3050,2,6.0,35.0,87.5,15.0,60.0,5.248
9150,3050,3,6.0,35.0,87.5,15.0,60.0,5.294
9151,3051,1,6.0,35.0,125.0,5.0,20.0,2.977
9152,3051,2,6.0,35.0,125.0,5.0,20.0,2.9
9153,3051,3,6.0,35.0,125.0,5.0,20.0,2.647
9154,3052,1,6.0,35.0,125.0,5.0,30.0,3.943
9155,3052,2,6.0,35.0,125.0,5.0,30.0,3.957
9156,3052,3,6.0,35.0,125.0,5.0,30.0,3.881
9157,3053,1,6.0,35.0,125.0,5.0,40.0,4.381
9158,3053,2,6.0,35.0,125.0,5.0,40.0,4.82
9159,3053,3,6.0,35.0,125.0,5.0,40.0,4.175
9160,3054,1,6.0,35.0,125.0,5.0,50.0,4.884
9161,3054,2,6.0,35.0,125.0,5.0,50.0,4.319
9162,3054,3,6.0,35.0,125.0,5.0,50.0,4.836
9163,3055,1,6.0,35.0,125.0,5.0,60.0,4.695
9164,3055,2,6.0,35.0,125.0,5.0,60.0,4.268
9165,3055,3,6.0,35.0,125.0,5.0,60.0,4.815
9166,3056,1,6.0,35.0,125.0,7.5,20.0,3.781
9167,3056,2,6.0,35.0,125.0,7.5,20.0,3.404
9168,3056,3,6.0,35.0,125.0,7.5,20.0,3.545
9169,3057,1,6.0,35.0,125.0,7.5,30.0,4.842
9170,3057,2,6.0,35.0,125.0,7.5,30.0,4.783
9171,3057,3,6.0,35.0,125.0,7.5,30.0,4.229
9172,3058,1,6.0,35.0,125.0,7.5,40.0,5.011
9173,3058,2,6.0,35.0,125.0,7.5,40.0,5.107
9174,3058,3,6.0,35.0,125.0,7.5,40.0,4.908
9175,3059,1,6.0,35.0,125.0,7.5,50.0,5.885
9176,3059,2,6.0,35.0,125.0,7.5,50.0,5.29
9177,3059,3,6.0,35.0,125.0,7.5,50.0,5.208
9178,3060,1,6.0,35.0,125.0,7.5,60.0,5.383
9179,3060,2,6.0,35.0,125.0,7.5,60.0,4.948
9180,3060,3,6.0,35.0,125.0,7.5,60.0,5.332
9181,3061,1,6.0,35.0,125.0,10.0,20.0,3.583
9182,3061,2,6.0,35.0,125.0,10.0,20.0,3.923
9183,3061,3,6.0,35.0,125.0,10.0,20.0,4.344
9184,3062,1,6.0,35.0,125.0,10.0,30.0,5.365
9185,3062,2,6.0,35.0,125.0,10.0,30.0,4.708
9186,3062,3,6.0,35.0,125.0,10.0,30.0,4.676
9187,3063,1,6.0,35.0,125.0,10.0,40.0,5.609
9188,3063,2,6.0,35.0,125.0,10.0,40.0,5.276
9189,3063,3,6.0,35.0,125.0,10.0,40.0,5.375
9190,3064,1,6.0,35.0,125.0,10.0,50.0,5.87
9191,3064,2,6.0,35.0,125.0,10.0,50.0,5.473
9192,3064,3,6.0,35.0,125.0,10.0,50.0,5.075
9193,3065,1,6.0,35.0,125.0,10.0,60.0,5.086
9194,3065,2,6.0,35.0,125.0,10.0,60.0,5.453
9195,3065,3,6.0,35.0,125.0,10.0,60.0,4.928
9196,3066,1,6.0,35.0,125.0,12.5,20.0,4.067
9197,3066,2,6.0,35.0,125.0,12.5,20.0,3.76
9198,3066,3,6.0,35.0,125.0,12.5,20.0,4.609
9199,3067,1,6.0,35.0,125.0,12.5,30.0,5.631
9200,3067,2,6.0,35.0,125.0,12.5,30.0,4.729
9201,3067,3,6.0,35.0,125.0,12.5,30.0,5.097
9202,3068,1,6.0,35.0,125.0,12.5,40.0,5.281
9203,3068,2,6.0,35.0,125.0,12.5,40.0,5.463
9204,3068,3,6.0,35.0,125.0,12.5,40.0,6.055
9205,3069,1,6.0,35.0,125.0,12.5,50.0,5.594
9206,3069,2,6.0,35.0,125.0,12.5,50.0,5.645
9207,3069,3,6.0,35.0,125.0,12.5,50.0,5.461
9208,3070,1,6.0,35.0,125.0,12.5,60.0,5.871
9209,3070,2,6.0,35.0,125.0,12.5,60.0,4.636
9210,3070,3,6.0,35.0,125.0,12.5,60.0,5.426
9211,3071,1,6.0,35.0,125.0,15.0,20.0,3.937
9212,3071,2,6.0,35.0,125.0,15.0,20.0,3.765
9213,3071,3,6.0,35.0,125.0,15.0,20.0,4.192
9214,3072,1,6.0,35.0,125.0,15.0,30.0,5.162
9215,3072,2,6.0,35.0,125.0,15.0,30.0,4.43
9216,3072,3,6.0,35.0,125.0,15.0,30.0,5.411
9217,3073,1,6.0,35.0,125.0,15.0,40.0,4.951
9218,3073,2,6.0,35.0,125.0,15.0,40.0,5.711
9219,3073,3,6.0,35.0,125.0,15.0,40.0,5.392
9220,3074,1,6.0,35.0,125.0,15.0,50.0,5.384
9221,3074,2,6.0,35.0,125.0,15.0,50.0,5.41
9222,3074,3,6.0,35.0,125.0,15.0,50.0,5.516
9223,3075,1,6.0,35.0,125.0,15.0,60.0,5.408
9224,3075,2,6.0,35.0,125.0,15.0,60.0,5.092
9225,3075,3,6.0,35.0,125.0,15.0,60.0,5.284
9226,3076,1,6.0,35.0,162.5,5.0,20.0,2.309
9227,3076,2,6.0,35.0,162.5,5.0,20.0,2.185
9228,3076,3,6.0,35.0,162.5,5.0,20.0,2.296
9229,3077,1,6.0,35.0,162.5,5.0,30.0,3.153
9230,3077,2,6.0,35.0,162.5,5.0,30.0,3.357
9231,3077,3,6.0,35.0,162.5,5.0,30.0,3.596
9232,3078,1,6.0,35.0,162.5,5.0,40.0,4.109
9233,3078,2,6.0,35.0,162.5,5.0,40.0,4.628
9234,3078,3,6.0,35.0,162.5,5.0,40.0,3.456
9235,3079,1,6.0,35.0,162.5,5.0,50.0,4.456
9236,3079,2,6.0,35.0,162.5,5.0,50.0,4.327
9237,3079,3,6.0,35.0,162.5,5.0,50.0,4.553
9238,3080,1,6.0,35.0,162.5,5.0,60.0,4.426
9239,3080,2,6.0,35.0,162.5,5.0,60.0,4.179
9240,3080,3,6.0,35.0,162.5,5.0,60.0,4.273
9241,3081,1,6.0,35.0,162.5,7.5,20.0,3.017
9242,3081,2,6.0,35.0,162.5,7.5,20.0,3.397
9243,3081,3,6.0,35.0,162.5,7.5,20.0,2.699
9244,3082,1,6.0,35.0,162.5,7.5,30.0,4.393
9245,3082,2,6.0,35.0,162.5,7.5,30.0,4.169
9246,3082,3,6.0,35.0,162.5,7.5,30.0,4.039
9247,3083,1,6.0,35.0,162.5,7.5,40.0,4.71
9248,3083,2,6.0,35.0,162.5,7.5,40.0,4.73
9249,3083,3,6.0,35.0,162.5,7.5,40.0,5.138
9250,3084,1,6.0,35.0,162.5,7.5,50.0,5.93
9251,3084,2,6.0,35.0,162.5,7.5,50.0,5.367
9252,3084,3,6.0,35.0,162.5,7.5,50.0,4.867
9253,3085,1,6.0,35.0,162.5,7.5,60.0,5.101
9254,3085,2,6.0,35.0,162.5,7.5,60.0,5.114
9255,3085,3,6.0,35.0,162.5,7.5,60.0,4.666
9256,3086,1,6.0,35.0,162.5,10.0,20.0,3.272
9257,3086,2,6.0,35.0,162.5,10.0,20.0,3.607
9258,3086,3,6.0,35.0,162.5,10.0,20.0,3.851
9259,3087,1,6.0,35.0,162.5,10.0,30.0,4.124
9260,3087,2,6.0,35.0,162.5,10.0,30.0,4.373
9261,3087,3,6.0,35.0,162.5,10.0,30.0,4.735
9262,3088,1,6.0,35.0,162.5,10.0,40.0,5.187
9263,3088,2,6.0,35.0,162.5,10.0,40.0,5.572
9264,3088,3,6.0,35.0,162.5,10.0,40.0,4.78
9265,3089,1,6.0,35.0,162.5,10.0,50.0,6.084
9266,3089,2,6.0,35.0,162.5,10.0,50.0,4.994
9267,3089,3,6.0,35.0,162.5,10.0,50.0,4.857
9268,3090,1,6.0,35.0,162.5,10.0,60.0,5.309
9269,3090,2,6.0,35.0,162.5,10.0,60.0,5.007
9270,3090,3,6.0,35.0,162.5,10.0,60.0,5.314
9271,3091,1,6.0,35.0,162.5,12.5,20.0,3.704
9272,3091,2,6.0,35.0,162.5,12.5,20.0,3.67
9273,3091,3,6.0,35.0,162.5,12.5,20.0,3.489
9274,3092,1,6.0,35.0,162.5,12.5,30.0,4.796
9275,3092,2,6.0,35.0,162.5,12.5,30.0,4.586
9276,3092,3,6.0,35.0,162.5,12.5,30.0,4.984
9277,3093,1,6.0,35.0,162.5,12.5,40.0,5.224
9278,3093,2,6.0,35.0,162.5,12.5,40.0,5.005
9279,3093,3,6.0,35.0,162.5,12.5,40.0,4.802
9280,3094,1,6.0,35.0,162.5,12.5,50.0,5.477
9281,3094,2,6.0,35.0,162.5,12.5,50.0,5.17
9282,3094,3,6.0,35.0,162.5,12.5,50.0,5.147
9283,3095,1,6.0,35.0,162.5,12.5,60.0,5.573
9284,3095,2,6.0,35.0,162.5,12.5,60.0,4.927
9285,3095,3,6.0,35.0,162.5,12.5,60.0,5.82
9286,3096,1,6.0,35.0,162.5,15.0,20.0,3.57
9287,3096,2,6.0,35.0,162.5,15.0,20.0,3.513
9288,3096,3,6.0,35.0,162.5,15.0,20.0,3.235
9289,3097,1,6.0,35.0,162.5,15.0,30.0,4.689
9290,3097,2,6.0,35.0,162.5,15.0,30.0,4.474
9291,3097,3,6.0,35.0,162.5,15.0,30.0,4.283
9292,3098,1,6.0,35.0,162.5,15.0,40.0,5.131
9293,3098,2,6.0,35.0,162.5,15.0,40.0,4.604
9294,3098,3,6.0,35.0,162.5,15.0,40.0,4.617
9295,3099,1,6.0,35.0,162.5,15.0,50.0,5.011
9296,3099,2,6.0,35.0,162.5,15.0,50.0,5.423
9297,3099,3,6.0,35.0,162.5,15.0,50.0,5.324
9298,3100,1,6.0,35.0,162.5,15.0,60.0,5.519
9299,3100,2,6.0,35.0,162.5,15.0,60.0,4.967
9300,3100,3,6.0,35.0,162.5,15.0,60.0,5.386
9301,3101,1,6.0,35.0,200.0,5.0,20.0,1.818
9302,3101,2,6.0,35.0,200.0,5.0,20.0,1.586
9303,3101,3,6.0,35.0,200.0,5.0,20.0,1.958
9304,3102,1,6.0,35.0,200.0,5.0,30.0,2.857
9305,3102,2,6.0,35.0,200.0,5.0,30.0,2.699
9306,3102,3,6.0,35.0,200.0,5.0,30.0,2.887
9307,3103,1,6.0,35.0,200.0,5.0,40.0,3.514
9308,3103,2,6.0,35.0,200.0,5.0,40.0,3.507
9309,3103,3,6.0,35.0,200.0,5.0,40.0,3.434
9310,3104,1,6.0,35.0,200.0,5.0,50.0,3.51
9311,3104,2,6.0,35.0,200.0,5.0,50.0,3.896
9312,3104,3,6.0,35.0,200.0,5.0,50.0,3.65
9313,3105,1,6.0,35.0,200.0,5.0,60.0,3.564
9314,3105,2,6.0,35.0,200.0,5.0,60.0,3.783
9315,3105,3,6.0,35.0,200.0,5.0,60.0,4.056
9316,3106,1,6.0,35.0,200.0,7.5,20.0,2.602
9317,3106,2,6.0,35.0,200.0,7.5,20.0,2.401
9318,3106,3,6.0,35.0,200.0,7.5,20.0,2.39
9319,3107,1,6.0,35.0,200.0,7.5,30.0,3.753
9320,3107,2,6.0,35.0,200.0,7.5,30.0,2.904
9321,3107,3,6.0,35.0,200.0,7.5,30.0,3.798
9322,3108,1,6.0,35.0,200.0,7.5,40.0,3.725
9323,3108,2,6.0,35.0,200.0,7.5,40.0,3.854
9324,3108,3,6.0,35.0,200.0,7.5,40.0,4.106
9325,3109,1,6.0,35.0,200.0,7.5,50.0,5.183
9326,3109,2,6.0,35.0,200.0,7.5,50.0,5.045
9327,3109,3,6.0,35.0,200.0,7.5,50.0,4.773
9328,3110,1,6.0,35.0,200.0,7.5,60.0,4.65
9329,3110,2,6.0,35.0,200.0,7.5,60.0,4.029
9330,3110,3,6.0,35.0,200.0,7.5,60.0,4.594
9331,3111,1,6.0,35.0,200.0,10.0,20.0,2.796
9332,3111,2,6.0,35.0,200.0,10.0,20.0,2.721
9333,3111,3,6.0,35.0,200.0,10.0,20.0,2.993
9334,3112,1,6.0,35.0,200.0,10.0,30.0,3.843
9335,3112,2,6.0,35.0,200.0,10.0,30.0,4.218
9336,3112,3,6.0,35.0,200.0,10.0,30.0,3.433
9337,3113,1,6.0,35.0,200.0,10.0,40.0,4.671
9338,3113,2,6.0,35.0,200.0,10.0,40.0,4.404
9339,3113,3,6.0,35.0,200.0,10.0,40.0,4.535
9340,3114,1,6.0,35.0,200.0,10.0,50.0,5.06
9341,3114,2,6.0,35.0,200.0,10.0,50.0,4.662
9342,3114,3,6.0,35.0,200.0,10.0,50.0,5.021
9343,3115,1,6.0,35.0,200.0,10.0,60.0,4.891
9344,3115,2,6.0,35.0,200.0,10.0,60.0,4.765
9345,3115,3,6.0,35.0,200.0,10.0,60.0,4.818
9346,3116,1,6.0,35.0,200.0,12.5,20.0,3.007
9347,3116,2,6.0,35.0,200.0,12.5,20.0,2.835
9348,3116,3,6.0,35.0,200.0,12.5,20.0,3.052
9349,3117,1,6.0,35.0,200.0,12.5,30.0,3.997
9350,3117,2,6.0,35.0,200.0,12.5,30.0,3.904
9351,3117,3,6.0,35.0,200.0,12.5,30.0,4.52
9352,3118,1,6.0,35.0,200.0,12.5,40.0,4.866
9353,3118,2,6.0,35.0,200.0,12.5,40.0,4.643
9354,3118,3,6.0,35.0,200.0,12.5,40.0,4.791
9355,3119,1,6.0,35.0,200.0,12.5,50.0,4.787
9356,3119,2,6.0,35.0,200.0,12.5,50.0,4.953
9357,3119,3,6.0,35.0,200.0,12.5,50.0,4.985
9358,3120,1,6.0,35.0,200.0,12.5,60.0,4.701
9359,3120,2,6.0,35.0,200.0,12.5,60.0,5.158
9360,3120,3,6.0,35.0,200.0,12.5,60.0,4.908
9361,3121,1,6.0,35.0,200.0,15.0,20.0,2.75
9362,3121,2,6.0,35.0,200.0,15.0,20.0,2.691
9363,3121,3,6.0,35.0,200.0,15.0,20.0,3.679
9364,3122,1,6.0,35.0,200.0,15.0,30.0,3.689
9365,3122,2,6.0,35.0,200.0,15.0,30.0,3.296
9366,3122,3,6.0,35.0,200.0,15.0,30.0,3.427
9367,3123,1,6.0,35.0,200.0,15.0,40.0,4.763
9368,3123,2,6.0,35.0,200.0,15.0,40.0,4.924
9369,3123,3,6.0,35.0,200.0,15.0,40.0,4.359
9370,3124,1,6.0,35.0,200.0,15.0,50.0,5.233
9371,3124,2,6.0,35.0,200.0,15.0,50.0,5.083
9372,3124,3,6.0,35.0,200.0,15.0,50.0,4.822
9373,3125,1,6.0,35.0,200.0,15.0,60.0,4.777
9374,3125,2,6.0,35.0,200.0,15.0,60.0,4.901
9375,3125,3,6.0,35.0,200.0,15.0,60.0,5.096
